Facility ID,Facility Name,Address,City/Town,State,ZIP Code,County/Parish,Telephone Number,Hospital Type,Hospital Ownership,Emergency Services,Meets criteria for birthing friendly designation,Hospital overall rating,Hospital overall rating footnote,MORT Group Measure Count,Count of Facility MORT Measures,Count of MORT Measures Better,Count of MORT Measures No Different,Count of MORT Measures Worse,MORT Group Footnote,Safety Group Measure Count,Count of Facility Safety Measures,Count of Safety Measures Better,Count of Safety Measures No Different,Count of Safety Measures Worse,Safety Group Footnote,READM Group Measure Count,Count of Facility READM Measures,Count of READM Measures Better,Count of READM Measures No Different,Count of READM Measures Worse,READM Group Footnote,Pt Exp Group Measure Count,Count of Facility Pt Exp Measures,Pt Exp Group Footnote,TE Group Measure Count,Count of Facility TE Measures,TE Group Footnote
010001,SOUTHEAST HEALTH MEDICAL CENTER,1108 ROSS CLARK CIRCLE,DOTHAN,AL,36301,HOUSTON,(334) 793-8701,Acute Care Hospitals,Government - Hospital District or Authority,Yes,Y,4,,8,8,0,8,0,,8,7,3,4,0,,11,11,1,9,1,,15,15,,10,10,
010005,MARSHALL MEDICAL CENTERS,2505 U S HIGHWAY 431 NORTH,BOAZ,AL,35957,MARSHALL,(256) 593-8310,Acute Care Hospitals,Government - Hospital District or Authority,Yes,Y,3,,8,6,0,5,1,,8,7,0,7,0,,11,9,1,8,0,,15,15,,10,10,
010006,NORTH ALABAMA MEDICAL CENTER,1701 VETERANS DRIVE,FLORENCE,AL,35630,LAUDERDALE,(256) 768-8400,Acute Care Hospitals,Proprietary,Yes,Y,2,,8,8,0,5,3,,8,8,4,4,0,,11,9,1,8,0,,15,15,,10,9,
010007,MIZELL MEMORIAL HOSPITAL,702 N MAIN ST,OPP,AL,36467,COVINGTON,(334) 493-3541,Acute Care Hospitals,Voluntary non-profit - Private,Yes,,1,,8,4,0,3,1,,8,2,0,2,0,,11,5,0,3,2,,15,5,,10,7,
010011,ST. VINCENT'S EAST,50 MEDICAL PARK EAST DRIVE,BIRMINGHAM,AL,35235,JEFFERSON,(205) 838-3122,Acute Care Hospitals,Voluntary non-profit - Private,Yes,,3,29,8,8,0,8,0,29.0,8,7,1,6,0,29.0,11,8,1,5,2,29.0,15,10,29.0,10,7,29.0
010012,DEKALB REGIONAL MEDICAL CENTER,200 MED CENTER DRIVE,FORT PAYNE,AL,35968,DE KALB,(256) 845-3150,Acute Care Hospitals,Proprietary,Yes,Y,2,,8,5,0,5,0,,8,4,0,4,0,,11,8,0,6,2,,15,15,,10,9,
010016,SHELBY BAPTIST MEDICAL CENTER,1000 FIRST STREET NORTH,ALABASTER,AL,35007,SHELBY,(205) 620-8100,Acute Care Hospitals,Voluntary non-profit - Private,Yes,,2,,8,8,0,8,0,,8,7,1,5,1,,11,9,0,8,1,,15,15,,10,6,
010018,UAB CALLAHAN EYE HOSPITAL AUTHORITY,1720 UNIVERSITY BLVD STE 305,BIRMINGHAM,AL,35233,JEFFERSON,(205) 325-8596,Acute Care Hospitals,Voluntary non-profit - Private,Yes,,Not Available,16,8,Not Available,Not Available,Not Available,Not Available,5.0,8,1,0,1,0,,11,1,0,1,0,,15,5,,10,3,
010019,HELEN KELLER HOSPITAL,1300 SOUTH MONTGOMERY AVENUE,SHEFFIELD,AL,35660,COLBERT,(256) 386-4556,Acute Care Hospitals,Government - Hospital District or Authority,Yes,Y,2,,8,5,0,4,1,,8,7,1,6,0,,11,7,1,5,1,,15,15,,10,9,
010021,DALE MEDICAL CENTER,126 HOSPITAL AVE,OZARK,AL,36360,DALE,(334) 774-2601,Acute Care Hospitals,Government - Hospital District or Authority,Yes,,Not Available,16,8,2,0,2,0,,8,2,0,2,0,,11,3,0,2,1,,15,5,,10,8,
010022,FLOYD CHEROKEE MEDICAL CENTER,400 NORTHWOOD DR,CENTRE,AL,35960,CHEROKEE,(256) 927-5531,Acute Care Hospitals,Proprietary,Yes,,Not Available,16,8,1,0,1,0,,8,1,0,1,0,,11,2,0,2,0,,15,Not Available,5.0,10,5,
010023,BAPTIST MEDICAL CENTER SOUTH,2105 EAST SOUTH BOULEVARD,MONTGOMERY,AL,36116,MONTGOMERY,(334) 288-2100,Acute Care Hospitals,Government - Hospital District or Authority,Yes,Y,2,,8,8,0,7,1,,8,7,2,4,1,,11,11,1,8,2,,15,15,,10,7,
010024,JACKSON HOSPITAL & CLINIC INC,1725 PINE STREET,MONTGOMERY,AL,36106,MONTGOMERY,(334) 293-8000,Acute Care Hospitals,Voluntary non-profit - Private,Yes,Y,2,,8,8,0,7,1,,8,6,0,4,2,,11,10,0,10,0,,15,15,,10,9,
010029,THE EAST ALABAMA HEALTHCARE AUTHORITY,2000 PEPPERELL PARKWAY,OPELIKA,AL,36801,LEE,(334) 528-1300,Acute Care Hospitals,Government - Hospital District or Authority,Yes,Y,3,,8,8,0,8,0,,8,8,1,7,0,,11,11,0,9,2,,15,15,,10,9,
010033,UNIVERSITY OF ALABAMA HOSPITAL,619 SOUTH 19TH STREET,BIRMINGHAM,AL,35233,JEFFERSON,(205) 934-4011,Acute Care Hospitals,Government - State,Yes,Y,2,,8,8,0,7,1,,8,8,4,4,0,,11,11,0,8,3,,15,15,,10,8,
010034,COMMUNITY HOSPITAL INC,805 FRIENDSHIP ROAD,TALLASSEE,AL,36078,ELMORE,(334) 283-6541,Acute Care Hospitals,Voluntary non-profit - Private,Yes,,Not Available,16,8,1,0,1,0,,8,Not Available,Not Available,Not Available,Not Available,5.0,11,2,0,2,0,,15,5,,10,5,
010035,CULLMAN REGIONAL MEDICAL CENTER,1912 ALABAMA HIGHWAY 157,CULLMAN,AL,35058,CULLMAN,(256) 737-2000,Acute Care Hospitals,Government - Hospital District or Authority,Yes,Y,2,,8,7,0,6,1,,8,7,1,6,0,,11,7,1,6,0,,15,15,,10,10,
010036,ANDALUSIA HEALTH,849 SOUTH THREE NOTCH STREET,ANDALUSIA,AL,36420,COVINGTON,(334) 222-8466,Acute Care Hospitals,Proprietary,Yes,Y,2,,8,5,0,5,0,,8,3,0,3,0,,11,7,0,6,1,,15,15,,10,8,
010039,HUNTSVILLE HOSPITAL,101 SIVLEY RD,HUNTSVILLE,AL,35801,MADISON,(256) 265-1000,Acute Care Hospitals,Government - Hospital District or Authority,Yes,Y,3,,8,8,0,5,3,,8,8,2,5,1,,11,11,2,7,2,,15,15,,10,10,
010040,GADSDEN REGIONAL MEDICAL CENTER,1007 GOODYEAR AVENUE,GADSDEN,AL,35903,ETOWAH,(256) 494-4000,Acute Care Hospitals,Proprietary,Yes,Y,2,,8,8,0,7,1,,8,8,3,4,1,,11,9,0,8,1,,15,15,,10,9,
010044,MARION REGIONAL MEDICAL CENTER,1256 MILITARY STREET SOUTH,HAMILTON,AL,35570,MARION,(205) 921-6200,Acute Care Hospitals,Voluntary non-profit - Private,Yes,,3,,8,3,0,3,0,,8,Not Available,Not Available,Not Available,Not Available,5.0,11,4,1,3,0,,15,Not Available,5.0,10,6,
010045,FAYETTE MEDICAL CENTER,1653 TEMPLE AVENUE NORTH,FAYETTE,AL,35555,FAYETTE,(205) 932-5966,Acute Care Hospitals,Voluntary non-profit - Other,Yes,,4,,8,4,0,4,0,,8,1,0,1,0,,11,5,1,4,0,,15,15,,10,7,
010046,RIVERVIEW REGIONAL MEDICAL CENTER,600 SOUTH THIRD STREET,GADSDEN,AL,35901,ETOWAH,(256) 543-5200,Acute Care Hospitals,Proprietary,Yes,,3,,8,7,0,7,0,,8,6,3,3,0,,11,8,0,6,2,,15,15,,10,8,
010049,MEDICAL CENTER ENTERPRISE,400 N EDWARDS STREET,ENTERPRISE,AL,36330,COFFEE,(334) 347-0584,Acute Care Hospitals,Proprietary,Yes,Y,4,,8,5,0,5,0,,8,3,1,2,0,,11,7,1,6,0,,15,15,,10,10,
010051,GREENE COUNTY HOSPITAL,509 WILSON AVENUE,EUTAW,AL,35462,GREENE,(205) 372-3388,Acute Care Hospitals,Voluntary non-profit - Other,Yes,,Not Available,16,8,Not Available,Not Available,Not Available,Not Available,5.0,8,Not Available,Not Available,Not Available,Not Available,5.0,11,Not Available,Not Available,Not Available,Not Available,5.0,15,Not Available,5.0,10,3,
010052,LAKE MARTIN COMMUNITY HOSPITAL,201 MARIARDEN ROAD,DADEVILLE,AL,36853,TALLAPOOSA,(256) 825-7821,Acute Care Hospitals,Proprietary,Yes,,Not Available,16,8,2,0,2,0,,8,Not Available,Not Available,Not Available,Not Available,5.0,11,2,0,2,0,,15,10,,10,6,
010055,FLOWERS HOSPITAL,4370 WEST MAIN STREET,DOTHAN,AL,36302,HOUSTON,(334) 793-5000,Acute Care Hospitals,Proprietary,Yes,Y,2,,8,8,0,8,0,,8,8,4,4,0,,11,9,0,7,2,,15,15,,10,9,
010056,ST VINCENT'S BIRMINGHAM,810 ST VINCENT'S DRIVE,BIRMINGHAM,AL,35205,JEFFERSON,(205) 939-7000,Acute Care Hospitals,Voluntary non-profit - Private,Yes,Y,3,29,8,8,0,8,0,29.0,8,7,1,6,0,29.0,11,9,1,6,2,29.0,15,10,29.0,10,7,29.0
010058,BIBB MEDICAL CENTER,208 PIERSON AVE,CENTREVILLE,AL,35042,BIBB,(205) 926-4881,Acute Care Hospitals,Government - Hospital District or Authority,Yes,Y,Not Available,16,8,2,0,2,0,,8,Not Available,Not Available,Not Available,Not Available,5.0,11,2,1,1,0,,15,5,,10,6,
010061,HIGHLANDS MEDICAL CENTER,380 WOODS COVE ROAD,SCOTTSBORO,AL,35768,JACKSON,(256) 259-4444,Acute Care Hospitals,Government - Hospital District or Authority,Yes,Y,3,,8,5,0,5,0,,8,2,1,1,0,,11,6,1,5,0,,15,15,,10,8,
010062,WIREGRASS MEDICAL CENTER,1200 W MAPLE AVENUE,GENEVA,AL,36340,GENEVA,(334) 684-3655,Acute Care Hospitals,Government - Hospital District or Authority,Yes,,Not Available,16,8,1,0,1,0,,8,2,0,2,0,,11,2,0,2,0,,15,5,,10,6,
010065,RUSSELL MEDICAL CENTER,3316 HIGHWAY 280,ALEXANDER CITY,AL,35010,TALLAPOOSA,(256) 329-7100,Acute Care Hospitals,Voluntary non-profit - Private,Yes,Y,3,,8,5,0,5,0,,8,4,0,4,0,,11,9,1,8,0,,15,15,,10,7,
010073,CLAY COUNTY HOSPITAL,83825 HIGHWAY 9    P O BOX 1270,ASHLAND,AL,36251,CLAY,(256) 354-2131,Acute Care Hospitals,Government - Hospital District or Authority,Yes,,Not Available,16,8,2,0,2,0,,8,1,0,1,0,,11,3,1,2,0,,15,5,,10,7,
010078,NORTHEAST ALABAMA REGIONAL MEDICAL CENTER,400 EAST 10TH STREET,ANNISTON,AL,36207,CALHOUN,(256) 235-5121,Acute Care Hospitals,Government - Local,Yes,Y,1,,8,7,0,6,1,,8,7,0,7,0,,11,10,0,9,1,,15,15,,10,9,
010079,ATHENS LIMESTONE HOSPITAL,700 WEST MARKET STREET,ATHENS,AL,35611,LIMESTONE,(256) 233-9292,Acute Care Hospitals,Government - Hospital District or Authority,Yes,Y,2,,8,5,0,4,1,,8,6,1,5,0,,11,7,0,5,2,,15,15,,10,10,
010083,BALDWIN HEALTH,1613 NORTH MCKENZIE STREET,FOLEY,AL,36535,BALDWIN,(251) 949-3400,Acute Care Hospitals,Proprietary,Yes,Y,4,,8,6,0,6,0,,8,7,2,5,0,,11,8,2,6,0,,15,15,,10,10,
010085,DECATUR MORGAN HOSPITAL - DECATUR CAMPUS,1201 7TH STREET SE,DECATUR,AL,35601,MORGAN,(256) 341-2000,Acute Care Hospitals,Government - Hospital District or Authority,Yes,Y,3,,8,7,0,6,1,,8,7,2,5,0,,11,7,0,7,0,,15,15,,10,9,
010086,NORTHWEST MEDICAL CENTER,1530 U S HIGHWAY 43,WINFIELD,AL,35594,FAYETTE,(205) 487-7000,Acute Care Hospitals,Proprietary,Yes,,4,,8,4,0,4,0,,8,1,0,1,0,,11,5,1,4,0,,15,5,,10,8,
010087,USA HEALTH UNIVERSITY HOSPITAL,2451 FILLINGIM STREET,MOBILE,AL,36617,MOBILE,(251) 471-7110,Acute Care Hospitals,Government - State,Yes,,2,,8,6,0,6,0,,8,6,2,3,1,,11,7,0,6,1,,15,15,,10,7,
010089,WALKER BAPTIST MEDICAL CENTER,3400 HIGHWAY 78 EAST,JASPER,AL,35502,WALKER,(205) 387-4000,Acute Care Hospitals,Proprietary,Yes,Y,3,,8,5,0,5,0,,8,6,1,5,0,,11,6,0,6,0,,15,15,,10,7,
010090,"USA HEALTH HCA PROVIDENCE HOSPITAL, LLC",6801 AIRPORT BOULEVARD,MOBILE,AL,36608,MOBILE,(251) 633-1000,Acute Care Hospitals,Voluntary non-profit - Church,Yes,Y,3,,8,8,0,8,0,,8,7,2,5,0,,11,9,0,7,2,,15,15,,10,7,
010091,GROVE HILL MEMORIAL HOSPITAL,295 JACKSON HWY S,GROVE HILL,AL,36451,CLARKE,(251) 275-3191,Acute Care Hospitals,Government - Hospital District or Authority,Yes,,Not Available,16,8,Not Available,Not Available,Not Available,Not Available,5.0,8,Not Available,Not Available,Not Available,Not Available,5.0,11,1,0,1,0,,15,5,,10,6,
010092,DCH REGIONAL MEDICAL CENTER,809 UNIVERSITY BOULEVARD EAST,TUSCALOOSA,AL,35401,TUSCALOOSA,(205) 759-7111,Acute Care Hospitals,Government - Hospital District or Authority,Yes,Y,2,,8,7,0,7,0,,8,7,2,5,0,,11,9,1,4,4,,15,15,,10,10,
010095,HALE COUNTY HOSPITAL,508 GREENE STREET,GREENSBORO,AL,36744,HALE,(334) 624-3024,Acute Care Hospitals,Government - Hospital District or Authority,Yes,,Not Available,16,8,1,0,1,0,,8,Not Available,Not Available,Not Available,Not Available,5.0,11,1,0,1,0,,15,Not Available,5.0,10,4,
010097,ELMORE COMMUNITY HOSPITAL,500 HOSPITAL DRIVE,WETUMPKA,AL,36092,ELMORE,(334) 567-4311,Acute Care Hospitals,Proprietary,Yes,,Not Available,16,8,2,0,2,0,,8,Not Available,Not Available,Not Available,Not Available,5.0,11,3,0,2,1,,15,Not Available,5.0,10,6,
010099,D W MCMILLAN MEMORIAL HOSPITAL,1301 BELLEVILLE AVENUE,BREWTON,AL,36426,ESCAMBIA,(251) 867-8061,Acute Care Hospitals,Government - Hospital District or Authority,Yes,Y,1,,8,3,0,3,0,,8,2,0,2,0,,11,4,0,3,1,,15,15,,10,6,
010100,THOMAS HOSPITAL,750 MORPHY AVENUE,FAIRHOPE,AL,36532,BALDWIN,(251) 928-2375,Acute Care Hospitals,Voluntary non-profit - Private,Yes,Y,2,,8,8,0,6,2,,8,7,0,7,0,,11,9,1,6,2,,15,15,,10,9,
010101,CITIZENS BAPTIST MEDICAL CENTER,604 STONE AVENUE,TALLADEGA,AL,35160,TALLADEGA,(256) 761-4542,Acute Care Hospitals,Voluntary non-profit - Private,Yes,,1,,8,3,0,3,0,,8,2,0,2,0,,11,4,0,3,1,,15,15,,10,7,
010103,PRINCETON BAPTIST MEDICAL CENTER,701 PRINCETON AVENUE SOUTHWEST,BIRMINGHAM,AL,35211,JEFFERSON,(205) 783-3800,Acute Care Hospitals,Voluntary non-profit - Church,Yes,,3,,8,8,1,7,0,,8,7,3,4,0,,11,9,1,7,1,,15,15,,10,7,
010104,GRANDVIEW MEDICAL CENTER,3690 GRANDVIEW PARKWAY,BIRMINGHAM,AL,35243,JEFFERSON,(205) 971-1000,Acute Care Hospitals,Proprietary,Yes,Y,3,,8,8,0,7,1,,8,8,4,4,0,,11,11,1,6,4,,15,15,,10,9,
010108,PRATTVILLE BAPTIST HOSPITAL,124 S MEMORIAL DR,PRATTVILLE,AL,36067,AUTAUGA,(334) 361-4267,Acute Care Hospitals,Government - Hospital District or Authority,Yes,,3,,8,5,0,5,0,,8,3,0,3,0,,11,5,1,4,0,,15,15,,10,9,
010110,BULLOCK COUNTY HOSPITAL,102 WEST CONECUH AVENUE,UNION SPRINGS,AL,36089,BULLOCK,(334) 738-2140,Acute Care Hospitals,Proprietary,Yes,,Not Available,16,8,Not Available,Not Available,Not Available,Not Available,5.0,8,Not Available,Not Available,Not Available,Not Available,5.0,11,Not Available,Not Available,Not Available,Not Available,5.0,15,Not Available,5.0,10,2,
010112,WHITFIELD REGIONAL HOSPITAL,105 HIGHWAY 80 EAST,DEMOPOLIS,AL,36732,MARENGO,(334) 289-4000,Acute Care Hospitals,Government - Hospital District or Authority,Yes,,2,,8,3,0,3,0,,8,2,0,2,0,,11,5,0,4,1,,15,15,,10,7,
010113,MOBILE INFIRMARY MEDICAL CENTER,5 MOBILE INFIRMARY CIRCLE,MOBILE,AL,36607,MOBILE,(251) 435-4700,Acute Care Hospitals,Voluntary non-profit - Private,Yes,Y,2,,8,8,0,8,0,,8,8,3,3,2,,11,11,0,8,3,,15,15,,10,8,
010114,"MEDICAL WEST, AN AFFILIATE OF UAB HEALTH SYSTEM",995 9TH AVENUE SOUTHWEST,BESSEMER,AL,35022,JEFFERSON,(205) 481-7000,Acute Care Hospitals,Government - Hospital District or Authority,Yes,Y,3,,8,4,0,4,0,,8,6,2,4,0,,11,6,0,5,1,,15,15,,10,7,
010118,VAUGHAN REGIONAL MEDICAL CENTER PARKWAY CAMPUS,1015 MEDICAL CENTER PARKWAY,SELMA,AL,36701,DALLAS,(334) 418-4100,Acute Care Hospitals,Proprietary,Yes,Y,2,,8,5,0,5,0,,8,3,1,2,0,,11,5,0,4,1,,15,15,,10,8,
010120,MONROE COUNTY HOSPITAL,2016 SOUTH ALABAMA AVENUE,MONROEVILLE,AL,36460,MONROE,(251) 575-3111,Acute Care Hospitals,Government - Hospital District or Authority,Yes,,1,,8,3,0,3,0,,8,2,0,2,0,,11,4,0,3,1,,15,5,,10,7,
010125,LAKELAND COMMUNITY HOSPITAL,42024 HIGHWAY 195 E,HALEYVILLE,AL,35565,WINSTON,(205) 485-7117,Acute Care Hospitals,Proprietary,Yes,,3,,8,4,0,4,0,,8,Not Available,Not Available,Not Available,Not Available,5.0,11,4,0,4,0,,15,10,,10,6,
010126,TROY REGIONAL MEDICAL CENTER,1330 HIGHWAY 231 SOUTH,TROY,AL,36081,PIKE,(334) 670-5000,Acute Care Hospitals,Government - Federal,Yes,,4,,8,3,0,3,0,,8,2,0,2,0,,11,5,0,5,0,,15,15,,10,6,
010128,JACKSON MEDICAL CENTER,220 HOSPITAL DRIVE,JACKSON,AL,36545,CLARKE,(251) 246-9021,Acute Care Hospitals,Proprietary,Yes,,Not Available,16,8,1,0,1,0,,8,Not Available,Not Available,Not Available,Not Available,5.0,11,2,0,2,0,,15,Not Available,5.0,10,4,
010129,NORTH BALDWIN INFIRMARY,1815 HAND AVENUE,BAY MINETTE,AL,36507,BALDWIN,(251) 937-5521,Acute Care Hospitals,Voluntary non-profit - Private,Yes,Y,3,,8,3,0,3,0,,8,2,0,2,0,,11,7,0,7,0,,15,15,,10,7,
010130,ST VINCENT'S ST CLAIR,7063 VETERANS PARKWAY,PELL CITY,AL,35125,ST. CLAIR,(205) 338-3301,Acute Care Hospitals,Voluntary non-profit - Private,Yes,,3,29,8,4,0,4,0,29.0,8,1,0,1,0,29.0,11,5,0,3,2,29.0,15,10,29.0,10,7,29.0
010131,CRESTWOOD MEDICAL CENTER,ONE HOSPITAL DR SE,HUNTSVILLE,AL,35801,MADISON,(256) 429-4000,Acute Care Hospitals,Proprietary,Yes,Y,3,,8,7,0,7,0,,8,8,2,6,0,,11,8,1,5,2,,15,15,,10,9,
010138,HILL HOSPITAL OF SUMTER COUNTY,751 DERBY DRIVE,YORK,AL,36925,SUMTER,(205) 392-5263,Acute Care Hospitals,Government - Hospital District or Authority,Yes,,Not Available,16,8,Not Available,Not Available,Not Available,Not Available,5.0,8,Not Available,Not Available,Not Available,Not Available,5.0,11,Not Available,Not Available,Not Available,Not Available,5.0,15,Not Available,5.0,10,3,
010139,BAPTIST HEALTH BROOKWOOD HOSPITAL,1280 COLUMBIANA ROAD STE 102,VESTAVIA,AL,35216,JEFFERSON,(205) 877-1000,Acute Care Hospitals,Proprietary,Yes,Y,3,,8,8,0,8,0,,8,7,3,4,0,,11,8,0,8,0,,15,15,,10,7,
010144,SPRINGHILL MEDICAL CENTER,3719 DAUPHIN STREET,MOBILE,AL,36608,MOBILE,(251) 460-5220,Acute Care Hospitals,Proprietary,Yes,Y,3,,8,8,0,8,0,,8,8,1,7,0,,11,9,0,7,2,,15,15,,10,8,
010148,EVERGREEN MEDICAL CENTER,101 CRESTVIEW AVENUE,EVERGREEN,AL,36401,CONECUH,(251) 578-2480,Acute Care Hospitals,Proprietary,Yes,,3,,8,4,0,4,0,,8,Not Available,Not Available,Not Available,Not Available,5.0,11,5,1,4,0,,15,10,,10,5,
010149,BAPTIST MEDICAL CENTER EAST,400 TAYLOR ROAD,MONTGOMERY,AL,36117,MONTGOMERY,(334) 244-8330,Acute Care Hospitals,Government - Hospital District or Authority,Yes,Y,4,,8,6,0,6,0,,8,7,2,5,0,,11,6,0,4,2,,15,15,,10,10,
01014F,BIRMINGHAM VA MEDICAL CENTER,700 SOUTH 19TH STREET,BIRMINGHAM,AL,35233,JEFFERSON,(205) 933-4515,Acute Care - Veterans Administration,Veterans Health Administration,Yes,,4,,8,5,1,4,0,,8,4,0,4,0,,11,6,1,5,0,,15,10,,10,5,
010150,THE HEALTH CARE AUTHORITY OF THE CITY OF GREENVILLE- LV STABLER HOSPITAL,29 L V STABLER DRIVE,GREENVILLE,AL,36037,BUTLER,(334) 382-2200,Acute Care Hospitals,Proprietary,Yes,,Not Available,16,8,1,0,1,0,,8,2,0,2,0,,11,2,0,2,0,,15,Not Available,5.0,10,7,
010157,NORTH ALABAMA SHOALS HOSPITAL,201 WEST AVALON AVENUE,MUSCLE SHOALS,AL,35661,COLBERT,(256) 386-1601,Acute Care Hospitals,Proprietary,Yes,,Not Available,16,8,1,0,1,0,,8,2,0,2,0,,11,2,0,2,0,,15,5,,10,6,
010158,RUSSELLVILLE HOSPITAL,15155 HIGHWAY 43,RUSSELLVILLE,AL,35653,FRANKLIN,(256) 332-1611,Acute Care Hospitals,Proprietary,Yes,,4,,8,3,0,3,0,,8,3,0,3,0,,11,6,0,6,0,,15,5,,10,7,
010164,COOSA VALLEY MEDICAL CENTER,315 W HICKORY ST,SYLACAUGA,AL,35150,TALLADEGA,(256) 249-5000,Acute Care Hospitals,Government - Hospital District or Authority,Yes,Y,3,,8,4,0,4,0,,8,3,0,3,0,,11,8,0,6,2,,15,15,,10,9,
010168,JACK HUGHSTON MEMORIAL HOSPITAL,4401 RIVER CHASE DRIVE,PHENIX CITY,AL,36867,RUSSELL,(334) 732-3000,Acute Care Hospitals,Government - State,Yes,,4,,8,1,0,1,0,,8,3,0,3,0,,11,4,1,3,0,,15,15,,10,6,
010169,ATMORE COMMUNITY HOSPITAL,401 MEDICAL PARK DRIVE,ATMORE,AL,36502,ESCAMBIA,(251) 368-2500,Acute Care Hospitals,Government - Hospital District or Authority,Yes,,3,,8,3,0,3,0,,8,2,0,2,0,,11,3,0,2,1,,15,Not Available,5.0,10,5,
010173,ST VINCENT'S CHILTON,2030 LAY DAM ROAD,CLANTON,AL,35045,CHILTON,(205) 258-4400,Acute Care Hospitals,Voluntary non-profit - Church,Yes,,Not Available,16,8,2,0,2,0,29.0,8,1,0,1,0,29.0,11,3,0,3,0,29.0,15,Not Available,5.0,10,6,29.0
01019F,VA CENTRAL ALABAMA HEALTHCARE SYSTEM - MONTGOMERY,215 PERRY HILL ROAD,MONTGOMERY,AL,36109,MONTGOMERY,(334) 260-4100,Acute Care - Veterans Administration,Veterans Health Administration,Yes,,4,,8,3,0,3,0,,8,Not Available,Not Available,Not Available,Not Available,5.0,11,4,1,3,0,,15,10,,10,4,
01021F,TUSCALOOSA VA MEDICAL CENTER,3701 LOOP ROAD EAST,TUSCALOOSA,AL,35404,TUSCALOOSA,(205) 554-2000,Acute Care - Veterans Administration,Veterans Health Administration,No,,Not Available,16,8,Not Available,Not Available,Not Available,Not Available,5.0,8,Not Available,Not Available,Not Available,Not Available,5.0,11,Not Available,Not Available,Not Available,Not Available,5.0,15,Not Available,5.0,10,1,
010779,BULLOCK COUNTY HOSPITAL,102 WEST CONECUH AVENUE,UNION SPRINGS,AL,36089,BULLOCK,(334) 738-2140,Rural Emergency Hospital,Proprietary,Yes,,Not Available,19,Not Available,Not Available,Not Available,Not Available,Not Available,19.0,Not Available,Not Available,Not Available,Not Available,Not Available,19.0,Not Available,Not Available,Not Available,Not Available,Not Available,19.0,Not Available,Not Available,19.0,Not Available,Not Available,19.0
010780,EAMC - LANIER,4800 48TH STREET,VALLEY,AL,36854,CHAMBERS,(334) 756-9180,Rural Emergency Hospital,Government - Hospital District or Authority,Yes,,Not Available,19,Not Available,Not Available,Not Available,Not Available,Not Available,19.0,Not Available,Not Available,Not Available,Not Available,Not Available,19.0,Not Available,Not Available,Not Available,Not Available,Not Available,19.0,Not Available,Not Available,19.0,Not Available,Not Available,19.0
010781,J PAUL JONES HOSPITAL,317 MCWILLIAMS AVENUE,CAMDEN,AL,36726,WILCOX,(334) 682-4131,Rural Emergency Hospital,Government - Local,Yes,,Not Available,19,Not Available,Not Available,Not Available,Not Available,Not Available,19.0,Not Available,Not Available,Not Available,Not Available,Not Available,19.0,Not Available,Not Available,Not Available,Not Available,Not Available,19.0,Not Available,Not Available,19.0,Not Available,Not Available,19.0
011300,WASHINGTON COUNTY HOSPITAL,14600 ST. STEPHENS AVENUE,CHATOM,AL,36518,WASHINGTON,(251) 847-2223,Critical Access Hospitals,Government - Local,Yes,,Not Available,16,8,Not Available,Not Available,Not Available,Not Available,5.0,8,Not Available,Not Available,Not Available,Not Available,5.0,11,1,0,1,0,,15,Not Available,5.0,10,2,
011302,RED BAY HOSPITAL,211 HOSPITAL ROAD,RED BAY,AL,35582,FRANKLIN,(256) 356-9532,Critical Access Hospitals,Government - Hospital District or Authority,Yes,,Not Available,16,8,1,0,1,0,,8,Not Available,Not Available,Not Available,Not Available,5.0,11,2,1,1,0,,15,Not Available,5.0,10,5,
011304,OCHSNER CHOCTAW GENERAL,"401 VANITY FAIR LANE, PO BOX 618",BUTLER,AL,36904,CHOCTAW,(205) 459-9100,Critical Access Hospitals,Voluntary non-profit - Private,Yes,,Not Available,16,8,Not Available,Not Available,Not Available,Not Available,5.0,8,Not Available,Not Available,Not Available,Not Available,5.0,11,Not Available,Not Available,Not Available,Not Available,5.0,15,Not Available,5.0,10,5,
011305,ST VINCENTS BLOUNT,150 GILBREATH DRIVE,ONEONTA,AL,35121,BLOUNT,(205) 274-3000,Critical Access Hospitals,Voluntary non-profit - Private,No,,Not Available,16,8,2,0,2,0,,8,Not Available,Not Available,Not Available,Not Available,5.0,11,3,0,3,0,,15,Not Available,5.0,10,6,
011306,TANNER MEDICAL CENTER-EAST ALABAMA,1032 MAIN STREET SOUTH,WEDOWEE,AL,36278,RANDOLPH,(256) 357-2111,Critical Access Hospitals,Government - Hospital District or Authority,Yes,,Not Available,16,8,2,0,2,0,,8,Not Available,Not Available,Not Available,Not Available,5.0,11,3,0,2,1,,15,Not Available,5.0,10,6,
011307,MEDICAL CENTER BARBOUR,820 W WASHINGTON ST,EUFAULA,AL,36027,BARBOUR,(334) 688-7271,Critical Access Hospitals,Government - Hospital District or Authority,Yes,,Not Available,5,8,Not Available,Not Available,Not Available,Not Available,5.0,8,Not Available,Not Available,Not Available,Not Available,5.0,11,Not Available,Not Available,Not Available,Not Available,5.0,15,Not Available,5.0,10,3,16.0
011308,CRENSHAW COMMUNITY HOSPITAL,101 HOSPITAL CIRCLE,LUVERNE,AL,36049,CRENSHAW,(334) 335-3374,Critical Access Hospitals,Government - Hospital District or Authority,Yes,,Not Available,5,8,Not Available,Not Available,Not Available,Not Available,5.0,8,Not Available,Not Available,Not Available,Not Available,5.0,11,Not Available,Not Available,Not Available,Not Available,5.0,15,Not Available,5.0,10,Not Available,16.0
011309,WIREGRASS MEDICAL CENTER,1200 W MAPLE AVENUE,GENEVA,AL,36340,GENEVA,(334) 684-3655,Critical Access Hospitals,Government - Hospital District or Authority,Yes,,Not Available,5,8,Not Available,Not Available,Not Available,Not Available,5.0,8,Not Available,Not Available,Not Available,Not Available,5.0,11,Not Available,Not Available,Not Available,Not Available,5.0,15,Not Available,5.0,10,Not Available,16.0
013300,THE CHILDREN'S HOSPITAL OF ALABAMA,1600 SEVENTH AVENUE SOUTH,BIRMINGHAM,AL,35233,JEFFERSON,(205) 939-9100,Childrens,Voluntary non-profit - Private,Yes,,Not Available,19,Not Available,Not Available,Not Available,Not Available,Not Available,19.0,Not Available,Not Available,Not Available,Not Available,Not Available,19.0,Not Available,Not Available,Not Available,Not Available,Not Available,19.0,Not Available,Not Available,19.0,Not Available,Not Available,19.0
013301,USA HEALTH CHILDREN'S & WOMEN'S HOSPITAL,1700 CENTER STREET,MOBILE,AL,36604,MOBILE,(251) 415-1000,Childrens,Government - State,Yes,,Not Available,19,Not Available,Not Available,Not Available,Not Available,Not Available,19.0,Not Available,Not Available,Not Available,Not Available,Not Available,19.0,Not Available,Not Available,Not Available,Not Available,Not Available,19.0,Not Available,Not Available,19.0,Not Available,Not Available,19.0
014000,HILL CREST BEHAVIORAL HEALTH SERVICES,6869 FIFTH AVENUE SOUTH,BIRMINGHAM,AL,35212,JEFFERSON,(205) 833-9000,Psychiatric,Proprietary,No,,Not Available,19,Not Available,Not Available,Not Available,Not Available,Not Available,19.0,Not Available,Not Available,Not Available,Not Available,Not Available,19.0,Not Available,Not Available,Not Available,Not Available,Not Available,19.0,Not Available,Not Available,19.0,Not Available,Not Available,19.0
014006,MOUNTAIN VIEW HOSPITAL,3201 SCENIC HIGHWAY,GADSDEN,AL,35902,ETOWAH,(256) 546-9265,Psychiatric,Proprietary,No,,Not Available,19,Not Available,Not Available,Not Available,Not Available,Not Available,19.0,Not Available,Not Available,Not Available,Not Available,Not Available,19.0,Not Available,Not Available,Not Available,Not Available,Not Available,19.0,Not Available,Not Available,19.0,Not Available,Not Available,19.0
014007,BRYCE HOSPITAL,1651 RUBY TYLER PKWY,TUSCALOOSA,AL,35404,TUSCALOOSA,(205) 759-0750,Psychiatric,Government - State,No,,Not Available,19,Not Available,Not Available,Not Available,Not Available,Not Available,19.0,Not Available,Not Available,Not Available,Not Available,Not Available,19.0,Not Available,Not Available,Not Available,Not Available,Not Available,19.0,Not Available,Not Available,19.0,Not Available,Not Available,19.0
014012,MARY S HARPER GERIATRIC PSYCHIATRY CENTER,201 UNIVERSITY BLVD,TUSCALOOSA,AL,35401,TUSCALOOSA,(205) 759-0900,Psychiatric,Government - State,Yes,,Not Available,19,Not Available,Not Available,Not Available,Not Available,Not Available,19.0,Not Available,Not Available,Not Available,Not Available,Not Available,19.0,Not Available,Not Available,Not Available,Not Available,Not Available,19.0,Not Available,Not Available,19.0,Not Available,Not Available,19.0
014014,BAYPOINTE BEHAVIORAL HEALTH,5800 SOUTHLAND DRIVE,MOBILE,AL,36693,MOBILE,(251) 661-0153,Psychiatric,Voluntary non-profit - Other,Yes,,Not Available,19,Not Available,Not Available,Not Available,Not Available,Not Available,19.0,Not Available,Not Available,Not Available,Not Available,Not Available,19.0,Not Available,Not Available,Not Available,Not Available,Not Available,19.0,Not Available,Not Available,19.0,Not Available,Not Available,19.0
014015,BEACON CHILDREN'S HOSPITAL,150 HOSPITAL DRIVE,LUVERNE,AL,36049,CRENSHAW,(334) 335-5040,Psychiatric,Proprietary,No,,Not Available,19,Not Available,Not Available,Not Available,Not Available,Not Available,19.0,Not Available,Not Available,Not Available,Not Available,Not Available,19.0,Not Available,Not Available,Not Available,Not Available,Not Available,19.0,Not Available,Not Available,19.0,Not Available,Not Available,19.0
014016,"SANCTUARY AT THE WOODLANDS, THE","1910 CHEROKEE AVENUE, SW",CULLMAN,AL,35055,CULLMAN,(256) 739-1239,Psychiatric,Proprietary,No,,Not Available,19,Not Available,Not Available,Not Available,Not Available,Not Available,19.0,Not Available,Not Available,Not Available,Not Available,Not Available,19.0,Not Available,Not Available,Not Available,Not Available,Not Available,19.0,Not Available,Not Available,19.0,Not Available,Not Available,19.0
014017,EASTPOINTE HOSPITAL,7400 ROPER LANE,DAPHNE,AL,36526,BALDWIN,(251) 378-6500,Psychiatric,Voluntary non-profit - Other,No,,Not Available,19,Not Available,Not Available,Not Available,Not Available,Not Available,19.0,Not Available,Not Available,Not Available,Not Available,Not Available,19.0,Not Available,Not Available,Not Available,Not Available,Not Available,19.0,Not Available,Not Available,19.0,Not Available,Not Available,19.0
014018,UNITY PSYCHIATRIC CARE - HUNTSVILLE,"5315 MILLENIUM DRIVE, NW",HUNTSVILLE,AL,35806,MADISON,(256) 964-6700,Psychiatric,Proprietary,No,,Not Available,19,Not Available,Not Available,Not Available,Not Available,Not Available,19.0,Not Available,Not Available,Not Available,Not Available,Not Available,19.0,Not Available,Not Available,Not Available,Not Available,Not Available,19.0,Not Available,Not Available,19.0,Not Available,Not Available,19.0
020001,PROVIDENCE ALASKA MEDICAL CENTER,3200 PROVIDENCE DRIVE,ANCHORAGE,AK,99508,ANCHORAGE,(907) 562-2211,Acute Care Hospitals,Voluntary non-profit - Church,Yes,Y,3,,8,8,0,7,1,,8,8,1,6,1,,11,11,1,8,2,,15,15,,10,8,
020006,MAT-SU REGIONAL MEDICAL CENTER,2500 SOUTH WOODWORTH LOOP,PALMER,AK,99645,MATANUSKA-SUSITNA,(907) 861-6000,Acute Care Hospitals,Voluntary non-profit - Other,Yes,,3,,8,7,0,5,2,,8,7,1,6,0,,11,10,0,9,1,,15,15,,10,9,
020008,BARTLETT REGIONAL HOSPITAL,3260 HOSPITAL DR,JUNEAU,AK,99801,JUNEAU,(907) 796-8900,Acute Care Hospitals,Government - Local,Yes,Y,4,,8,5,0,5,0,,8,2,0,2,0,,11,8,1,7,0,,15,15,,10,8,
020012,FAIRBANKS MEMORIAL HOSPITAL,1650 COWLES STREET,FAIRBANKS,AK,99701,FAIRBANKS NORTH STAR,(907) 452-8181,Acute Care Hospitals,Voluntary non-profit - Private,Yes,Y,2,,8,6,0,4,2,,8,5,0,5,0,,11,10,2,7,1,,15,15,,10,10,
020017,ALASKA REGIONAL HOSPITAL,2801 DEBARR ROAD,ANCHORAGE,AK,99508,ANCHORAGE,(907) 276-1131,Acute Care Hospitals,Proprietary,Yes,Y,1,,8,8,0,8,0,,8,7,1,6,0,,11,9,0,6,3,,15,15,,10,7,
020018,YUKON KUSKOKWIM DELTA REG HOSPITAL,PO BOX 287,BETHEL,AK,99559,BETHEL,(907) 543-6000,Acute Care Hospitals,Tribal,Yes,Y,5,,8,3,0,3,0,,8,1,0,1,0,,11,3,1,2,0,,15,10,,10,3,
020024,CENTRAL PENINSULA GENERAL HOSPITAL,250 HOSPITAL PLACE,SOLDOTNA,AK,99669,KENAI PENINSULA,(907) 262-4404,Acute Care Hospitals,Voluntary non-profit - Other,Yes,Y,2,,8,6,0,6,0,,8,6,0,6,0,,11,9,0,6,3,,15,15,,10,9,
020026,ALASKA NATIVE MEDICAL CENTER,4315 DIPLOMACY DR,ANCHORAGE,AK,99508,ANCHORAGE,(907) 563-2662,Acute Care Hospitals,Government - Federal,Yes,Y,2,,8,7,0,7,0,,8,7,1,4,2,,11,7,0,6,1,,15,15,,10,6,
02013F,673rd Medical Group (Joint Base Elmendorf-Richardson),673 MDG 5955 Zeamer Ave,JBER,AK,99506,ANCHORAGE,(907) 384-1110,Acute Care - Department of Defense,Department of Defense,Yes,,Not Available,22,Not Available,Not Available,Not Available,Not Available,Not Available,22.0,Not Available,Not Available,Not Available,Not Available,Not Available,22.0,Not Available,Not Available,Not Available,Not Available,Not Available,22.0,Not Available,Not Available,22.0,Not Available,Not Available,22.0
02014F,Bassett ACH (FT Wainwright),4076 Neely Rd,Fort Wainwright,AK,99703,FAIRBANKS NORTH STAR,(907) 361-4000,Acute Care - Department of Defense,Department of Defense,Yes,,Not Available,22,Not Available,Not Available,Not Available,Not Available,Not Available,22.0,Not Available,Not Available,Not Available,Not Available,Not Available,22.0,Not Available,Not Available,Not Available,Not Available,Not Available,22.0,Not Available,Not Available,22.0,Not Available,Not Available,22.0
021301,PROVIDENCE VALDEZ MEDICAL CENTER,PO BOX 550,VALDEZ,AK,99686,VALDEZ-CORDOVA,(907) 835-2249,Critical Access Hospitals,Government - Local,Yes,Y,Not Available,16,8,Not Available,Not Available,Not Available,Not Available,5.0,8,Not Available,Not Available,Not Available,Not Available,5.0,11,Not Available,Not Available,Not Available,Not Available,5.0,15,Not Available,5.0,10,4,
021302,PROVIDENCE SEWARD HOSPITAL,"417 FIRST AVENUE, PO BOX 365",SEWARD,AK,99664,KENAI PENINSULA,(907) 224-5205,Critical Access Hospitals,Government - Local,Yes,,Not Available,16,8,Not Available,Not Available,Not Available,Not Available,5.0,8,Not Available,Not Available,Not Available,Not Available,5.0,11,Not Available,Not Available,Not Available,Not Available,5.0,15,Not Available,5.0,10,4,
021304,PETERSBURG MEDICAL CENTER,PO BOX 589,PETERSBURG,AK,99833,PETERSBURG BOROUGH,(907) 772-4291,Critical Access Hospitals,Government - Local,Yes,,Not Available,16,8,1,0,1,0,,8,Not Available,Not Available,Not Available,Not Available,5.0,11,1,0,1,0,,15,Not Available,5.0,10,3,
021305,SEARHC WRANGELL MEDICAL CENTER & LTC,232 WOOD STREET,WRANGELL,AK,99929,WRANGELL CITY AND BOROUGH,(907) 874-7000,Critical Access Hospitals,Tribal,Yes,,Not Available,16,8,Not Available,Not Available,Not Available,Not Available,5.0,8,Not Available,Not Available,Not Available,Not Available,5.0,11,1,0,1,0,,15,Not Available,5.0,10,2,
021306,PROVIDENCE KODIAK ISLAND MEDICAL CTR,1915 EAST REZANOF DRIVE,KODIAK,AK,99615,KODIAK ISLAND BOROUGH,(907) 486-3281,Critical Access Hospitals,Voluntary non-profit - Church,Yes,,Not Available,16,8,2,0,2,0,,8,Not Available,Not Available,Not Available,Not Available,5.0,11,2,0,2,0,,15,5,,10,5,
021307,CORDOVA COMMUNITY MEDICAL CENTER,PO BOX 160 - 602 CHASE AVENUE,CORDOVA,AK,99574,VALDEZ-CORDOVA,(907) 424-8000,Critical Access Hospitals,Government - Local,Yes,,Not Available,16,8,Not Available,Not Available,Not Available,Not Available,5.0,8,Not Available,Not Available,Not Available,Not Available,5.0,11,Not Available,Not Available,Not Available,Not Available,5.0,15,Not Available,5.0,10,2,
021308,NORTON SOUND REGIONAL HOSPITAL,1000 GREG KRUSCHEK AVENUE (P O BOX 966),NOME,AK,99762,NOME,(907) 443-3311,Critical Access Hospitals,Tribal,Yes,Y,Not Available,16,8,2,0,2,0,,8,Not Available,Not Available,Not Available,Not Available,5.0,11,4,1,3,0,,15,Not Available,5.0,10,2,
021309,BRISTOL BAY DBA KANAKANAK HOSPITAL,P O BOX 130,DILLINGHAM,AK,99576,DILLINGHAM,(907) 842-5201,Critical Access Hospitals,Voluntary non-profit - Private,Yes,,Not Available,16,8,1,0,1,0,,8,Not Available,Not Available,Not Available,Not Available,5.0,11,1,0,1,0,,15,Not Available,5.0,10,2,
021310,MANIILAQ HEALTH CENTER,PO BOX 43,KOTZEBUE,AK,99752,NORTHWEST ARTIC BOROUGH,(907) 442-3321,Critical Access Hospitals,Tribal,Yes,,Not Available,16,8,Not Available,Not Available,Not Available,Not Available,5.0,8,Not Available,Not Available,Not Available,Not Available,5.0,11,Not Available,Not Available,Not Available,Not Available,5.0,15,Not Available,5.0,10,2,
021311,PEACEHEALTH KETCHIKAN MEDICAL CENTER,3100 TONGASS AVENUE,KETCHIKAN,AK,99901,KETCHIKAN GATEWAY,(907) 225-5171,Critical Access Hospitals,Voluntary non-profit - Church,Yes,Y,4,,8,3,0,3,0,,8,2,0,2,0,,11,6,1,5,0,,15,15,,10,9,
021312,SAMUEL SIMMONDS MEMORIAL HOSPITAL,7000 UULA ST,BARROW,AK,99723,NORTH SLOPE BOROUH,(907) 852-4611,Critical Access Hospitals,Tribal,Yes,,Not Available,16,8,3,0,3,0,,8,Not Available,Not Available,Not Available,Not Available,5.0,11,3,0,3,0,,15,Not Available,5.0,10,1,
021313,SOUTH PENINSULA HOSPITAL,4300 BARTLETT ST,HOMER,AK,99603,KENAI PENINSULA,(907) 235-8101,Critical Access Hospitals,Voluntary non-profit - Private,Yes,Y,Not Available,16,8,2,0,2,0,,8,Not Available,Not Available,Not Available,Not Available,5.0,11,4,0,4,0,,15,10,,10,7,
021314,SOUTHEAST ALASKA REGIONAL HEALTH CONSORTIUM,222 TONGASS DR,SITKA,AK,99835,SITKA BOROUGH,(907) 966-2411,Critical Access Hospitals,Tribal,Yes,,3,,8,4,0,4,0,,8,Not Available,Not Available,Not Available,Not Available,5.0,11,4,0,4,0,,15,Not Available,5.0,10,4,
024001,NORTH STAR HOSPITAL,2530 DEBARR RD,ANCHORAGE,AK,99508,ANCHORAGE,(907) 264-3526,Psychiatric,Proprietary,Yes,,Not Available,19,Not Available,Not Available,Not Available,Not Available,Not Available,19.0,Not Available,Not Available,Not Available,Not Available,Not Available,19.0,Not Available,Not Available,Not Available,Not Available,Not Available,19.0,Not Available,Not Available,19.0,Not Available,Not Available,19.0
024002,ALASKA PSYCHIATRIC INSTITUTE,3700 PIPER STREET,ANCHORAGE,AK,99508,ANCHORAGE,(907) 269-7100,Psychiatric,Government - State,No,,Not Available,19,Not Available,Not Available,Not Available,Not Available,Not Available,19.0,Not Available,Not Available,Not Available,Not Available,Not Available,19.0,Not Available,Not Available,Not Available,Not Available,Not Available,19.0,Not Available,Not Available,19.0,Not Available,Not Available,19.0
030002,BANNER - UNIVERSITY MEDICAL CENTER PHOENIX,1111 EAST MCDOWELL ROAD,PHOENIX,AZ,85006,MARICOPA,(602) 839-2000,Acute Care Hospitals,Voluntary non-profit - Other,Yes,Y,3,,8,8,1,7,0,,8,7,3,3,1,,11,10,1,7,2,,15,15,,10,8,
030006,TUCSON MEDICAL CENTER,5301 EAST GRANT ROAD,TUCSON,AZ,85712,PIMA,(520) 324-1399,Acute Care Hospitals,Voluntary non-profit - Private,Yes,Y,2,,8,8,0,7,1,,8,8,3,4,1,,11,11,0,8,3,,15,15,,10,8,
030007,VERDE VALLEY MEDICAL CENTER,269 SOUTH CANDY LANE,COTTONWOOD,AZ,86326,YAVAPAI,(928) 773-2357,Acute Care Hospitals,Voluntary non-profit - Private,Yes,Y,4,,8,6,0,6,0,,8,4,1,3,0,,11,9,2,6,1,,15,15,,10,10,
030010,ST. MARY'S HOSPITAL,1601 WEST ST MARY'S ROAD,TUCSON,AZ,85745,PIMA,(520) 872-3000,Acute Care Hospitals,Voluntary non-profit - Private,Yes,,2,,8,8,0,8,0,,8,5,1,4,0,,11,8,0,7,1,,15,15,,10,8,
030011,ST JOSEPH'S HOSPITAL,350 NORTH WILMOT ROAD,TUCSON,AZ,85711,PIMA,(520) 873-3000,Acute Care Hospitals,Voluntary non-profit - Other,Yes,Y,3,,8,7,0,6,1,,8,7,3,4,0,,11,8,0,8,0,,15,15,,10,7,
030012,YAVAPAI REGIONAL MEDICAL CENTER,1003 WILLOW CREEK ROAD,PRESCOTT,AZ,86301,YAVAPAI,(928) 445-2700,Acute Care Hospitals,Voluntary non-profit - Private,Yes,Y,2,,8,8,0,6,2,,8,7,2,4,1,,11,11,0,9,2,,15,15,,10,10,
030013,YUMA REGIONAL MEDICAL CENTER,2400 SOUTH AVENUE A,YUMA,AZ,85364,YUMA,(928) 336-7600,Acute Care Hospitals,Voluntary non-profit - Private,Yes,Y,2,,8,8,0,6,2,,8,8,1,7,0,,11,11,0,10,1,,15,15,,10,10,
030014,HONOR HEALTH JOHN C. LINCOLN MEDICAL CENTER,250 EAST DUNLAP AVENUE,PHOENIX,AZ,85020,MARICOPA,(602) 943-2381,Acute Care Hospitals,Voluntary non-profit - Private,Yes,,3,,8,7,0,7,0,,8,8,2,5,1,,11,10,3,5,2,,15,15,,10,8,
030016,BANNER CASA GRANDE MEDICAL CENTER,1800 EAST FLORENCE BOULEVARD,CASA GRANDE,AZ,85122,PINAL,(520) 381-6300,Acute Care Hospitals,Voluntary non-profit - Other,Yes,Y,2,,8,6,0,6,0,,8,6,1,5,0,,11,7,0,4,3,,15,15,,10,8,
030022,VALLEYWISE HEALTH MEDICAL CENTER,2601 EAST ROOSEVELT STREET,PHOENIX,AZ,85008,MARICOPA,(602) 344-5011,Acute Care Hospitals,Government - Local,No,Y,1,,8,4,0,4,0,,8,6,4,1,1,,11,3,0,1,2,,15,15,,10,7,
030023,FLAGSTAFF MEDICAL CENTER,1200 NORTH BEAVER STREET,FLAGSTAFF,AZ,86001,COCONINO,(928) 779-3366,Acute Care Hospitals,Voluntary non-profit - Private,Yes,Y,4,,8,8,0,8,0,,8,7,3,4,0,,11,11,1,9,1,,15,15,,10,8,
030024,ST JOSEPHS HOSPITAL AND MEDICAL CENTER,350 WEST THOMAS ROAD,PHOENIX,AZ,85013,MARICOPA,(602) 406-8225,Acute Care Hospitals,Voluntary non-profit - Church,Yes,Y,4,,8,8,0,8,0,,8,6,3,2,1,,11,10,1,8,1,,15,15,,10,9,
030030,ABRAZO CENTRAL CAMPUS,2000 WEST BETHANY HOME ROAD,PHOENIX,AZ,85015,MARICOPA,(602) 249-0212,Acute Care Hospitals,Physician,Yes,,2,,8,4,0,4,0,,8,6,1,5,0,,11,5,1,4,0,,15,15,,10,7,
030036,CHANDLER REGIONAL MEDICAL CENTER,1955 WEST FRYE ROAD,CHANDLER,AZ,85224,MARICOPA,(480) 728-3000,Acute Care Hospitals,Voluntary non-profit - Private,Yes,Y,4,,8,8,0,8,0,,8,7,4,3,0,,11,10,2,7,1,,15,15,,10,9,
030037,HONORHEALTH TEMPE MEDICAL CENTER,1800 EAST VAN BUREN STREET,PHOENIX,AZ,85006,MARICOPA,(602) 251-8156,Acute Care Hospitals,Proprietary,Yes,,Not Available,16,8,1,0,1,0,,8,2,0,2,0,,11,2,0,2,0,,15,5,,10,8,
030038,HONORHEALTH SCOTTSDALE OSBORN MEDICAL CENTER,7400 EAST OSBORN ROAD,SCOTTSDALE,AZ,85251,MARICOPA,(480) 882-4004,Acute Care Hospitals,Proprietary,Yes,,3,,8,7,0,7,0,,8,7,3,3,1,,11,8,0,6,2,,15,15,,10,8,
030043,CANYON VISTA MEDICAL CENTER,5700 EAST HIGHWAY 90,SIERRA VISTA,AZ,85635,COCHISE,(520) 263-2220,Acute Care Hospitals,Voluntary non-profit - Other,Yes,Y,2,,8,6,0,6,0,,8,5,1,4,0,,11,8,0,4,4,,15,15,,10,9,
030055,KINGMAN REGIONAL MEDICAL CENTER,3269 STOCKTON HILL ROAD,KINGMAN,AZ,86401,MOHAVE,(928) 757-2101,Acute Care Hospitals,Government - Hospital District or Authority,Yes,Y,3,,8,7,1,6,0,,8,6,3,3,0,,11,9,1,7,1,,15,15,,10,10,
030061,BANNER BOSWELL MEDICAL CENTER,13632 N 99TH AVE,SUN CITY,AZ,85351,MARICOPA,(623) 832-4000,Acute Care Hospitals,Voluntary non-profit - Other,Yes,,3,,8,8,0,7,1,,8,7,3,3,1,,11,9,0,6,3,,15,15,,10,9,
030062,SUMMIT HEALTHCARE REGIONAL MEDICAL CENTER,2200 EAST SHOW LOW LAKE ROAD,SHOW LOW,AZ,85901,NAVAJO,(928) 537-4375,Acute Care Hospitals,Voluntary non-profit - Private,Yes,Y,4,,8,7,0,7,0,,8,6,0,6,0,,11,10,1,9,0,,15,15,,10,10,
030064,BANNER - UNIVERSITY MEDICAL CENTER TUCSON CAMPUS,1625 NORTH CAMPBELL AVENUE,TUCSON,AZ,85719,PIMA,(520) 874-4189,Acute Care Hospitals,Voluntary non-profit - Private,Yes,Y,3,,8,8,0,8,0,,8,7,4,3,0,,11,10,2,8,0,,15,15,,10,8,
030065,BANNER DESERT MEDICAL CENTER,1400 SOUTH  DOBSON ROAD,MESA,AZ,85202,MARICOPA,(480) 412-3000,Acute Care Hospitals,Voluntary non-profit - Private,Yes,Y,2,,8,8,0,7,1,,8,7,2,5,0,,11,8,0,7,1,,15,15,,10,8,
030069,HAVASU REGIONAL MEDICAL CENTER,101 CIVIC CENTER LANE,LAKE HAVASU CITY,AZ,86403,MOHAVE,(928) 855-8185,Acute Care Hospitals,Proprietary,Yes,Y,3,,8,8,0,8,0,,8,5,1,4,0,,11,11,0,10,1,,15,15,,10,9,
030071,FORT DEFIANCE INDIAN HOSPITAL,PO BOX 649,FT. DEFIANCE,AZ,86504,APACHE,(928) 729-8000,Acute Care Hospitals,Tribal,Yes,Y,Not Available,16,8,2,0,2,0,,8,2,0,2,0,,11,3,0,3,0,,15,15,,10,3,
030073,TUBA CITY REGIONAL HEALTH CARE CORPORATION,PO BOX 600,TUBA CITY,AZ,86045,COCONINO,(928) 283-2501,Acute Care Hospitals,Voluntary non-profit - Other,No,Y,Not Available,16,8,2,0,2,0,,8,2,0,2,0,,11,2,1,1,0,,15,15,,10,6,
030074,SELLS HOSPITAL,"HIGHWAY 86, AT TOPAWA ROAD",SELLS,AZ,85634,PIMA,(520) 362-7003,Acute Care Hospitals,Tribal,Yes,,Not Available,16,8,Not Available,Not Available,Not Available,Not Available,5.0,8,Not Available,Not Available,Not Available,Not Available,5.0,11,Not Available,Not Available,Not Available,Not Available,5.0,15,Not Available,5.0,10,Not Available,5.0
030078,PHOENIX INDIAN MEDICAL CENTER,4212 NORTH 16TH STREET,PHOENIX,AZ,85016,MARICOPA,(602) 263-1200,Acute Care Hospitals,Government - Federal,No,,Not Available,16,8,1,0,1,0,,8,2,0,2,0,,11,1,0,1,0,,15,10,,10,2,
030083,ABRAZO SCOTTSDALE CAMPUS,3929 EAST BELL ROAD,PHOENIX,AZ,85032,MARICOPA,(602) 923-5609,Acute Care Hospitals,Proprietary,Yes,,3,,8,5,0,5,0,,8,4,0,4,0,,11,6,1,5,0,,15,15,,10,7,
030084,CHINLE COMPREHENSIVE HEALTH CARE FACILITY,"US HWY 191, HOSPITAL ROAD",CHINLE,AZ,86503,APACHE,(928) 674-7001,Acute Care Hospitals,Government - Federal,Yes,Y,Not Available,16,8,2,0,2,0,,8,2,0,2,0,,11,3,0,2,1,,15,Not Available,5.0,10,3,
030085,NORTHWEST MEDICAL CENTER,6200 NORTH LA CHOLLA BOULEVARD,TUCSON,AZ,85741,PIMA,(520) 469-8100,Acute Care Hospitals,Proprietary,Yes,Y,2,,8,8,0,8,0,,8,8,2,6,0,,11,11,1,9,1,,15,15,,10,9,
030087,HONORHEALTH SCOTTSDALE SHEA MEDICAL CENTER,9003 EAST SHEA BOULEVARD,SCOTTSDALE,AZ,85260,MARICOPA,(480) 323-3000,Acute Care Hospitals,Proprietary,Yes,Y,3,,8,8,1,7,0,,8,8,2,4,2,,11,11,1,10,0,,15,15,,10,8,
030088,BANNER BAYWOOD MEDICAL CENTER,6644 EAST BAYWOOD AVENUE,MESA,AZ,85206,MARICOPA,(480) 321-2000,Acute Care Hospitals,Voluntary non-profit - Private,Yes,,2,,8,6,0,5,1,,8,7,0,7,0,,11,9,1,7,1,,15,15,,10,9,
030089,BANNER THUNDERBIRD MEDICAL CENTER,5555 WEST THUNDERBIRD ROAD,GLENDALE,AZ,85306,MARICOPA,(602) 865-4470,Acute Care Hospitals,Government - Hospital District or Authority,No,Y,4,,8,8,0,8,0,,8,7,4,3,0,,11,10,0,8,2,,15,15,,10,8,
030092,HONORHEALTH DEER VALLEY MEDICAL CENTER,19829 NORTH 27TH AVENUE,PHOENIX,AZ,85027,MARICOPA,(623) 879-6100,Acute Care Hospitals,Voluntary non-profit - Private,Yes,,3,,8,8,0,8,0,,8,7,2,5,0,,11,9,0,8,1,,15,15,,10,8,
030093,BANNER DEL E. WEBB MEDICAL CENTER,14502 WEST MEEKER BOULEVARD,SUN CITY WEST,AZ,85375,MARICOPA,(623) 524-4000,Acute Care Hospitals,Voluntary non-profit - Private,Yes,Y,3,,8,7,0,7,0,,8,8,1,7,0,,11,8,1,5,2,,15,15,,10,9,
030094,ABRAZO ARROWHEAD HOSPITAL,18701 NORTH 67TH AVENUE,GLENDALE,AZ,85308,MARICOPA,(623) 561-1000,Acute Care Hospitals,Proprietary,Yes,Y,2,,8,8,0,8,0,,8,7,4,3,0,,11,9,0,6,3,,15,15,,10,9,
030101,WESTERN ARIZONA REGIONAL MEDICAL CENTER,2735 SILVER CREEK ROAD,BULLHEAD CITY,AZ,86442,MOHAVE,(928) 763-2273,Acute Care Hospitals,Proprietary,Yes,,2,,8,6,0,6,0,,8,5,1,4,0,,11,8,0,6,2,,15,15,,10,9,
030103,MAYO CLINIC HOSPITAL,5777 EAST MAYO BOULEVARD,PHOENIX,AZ,85054,MARICOPA,(480) 342-4201,Acute Care Hospitals,Voluntary non-profit - Private,Yes,,5,,8,8,5,3,0,,8,8,1,7,0,,11,11,4,7,0,,15,15,,10,9,
030105,BANNER HEART HOSPITAL,6750 EAST BAYWOOD AVENUE,MESA,AZ,85206,MARICOPA,(480) 854-5050,Acute Care Hospitals,Voluntary non-profit - Private,No,,2,,8,6,0,6,0,,8,4,1,3,0,,11,6,1,4,1,,15,15,,10,2,
030107,ARIZONA SPINE AND JOINT HOSPITAL,4620 EAST BASELINE ROAD,MESA,AZ,85206,MARICOPA,(480) 832-4770,Acute Care Hospitals,Physician,No,,Not Available,16,8,1,0,1,0,,8,2,0,2,0,,11,3,0,2,1,,15,15,,10,2,
030108,THE CORE INSTITUTE SPECIALTY HOSP,6501 NORTH 19TH AVENUE,PHOENIX,AZ,85015,MARICOPA,(602) 795-6020,Acute Care Hospitals,Physician,No,,Not Available,16,8,1,0,1,0,,8,2,0,2,0,,11,3,1,2,0,,15,15,,10,2,
030110,ABRAZO WEST CAMPUS,SALLIE,GOODYEAR,AZ,85395,MARICOPA,(623) 882-1970,Acute Care Hospitals,Proprietary,Yes,Y,2,,8,7,0,6,1,,8,6,1,5,0,,11,7,1,6,0,,15,15,,10,7,
030111,BANNER-UNIVERSITY MEDICAL CENTER SOUTH CAMPUS,2800 EAST AJO WAY,TUCSON,AZ,85713,PIMA,(520) 874-2000,Acute Care Hospitals,Voluntary non-profit - Private,Yes,,4,,8,5,0,5,0,,8,6,1,5,0,,11,6,0,6,0,,15,15,,10,7,
030112,ARIZONA ORTHOPEDIC AND SURGICAL SPECIALTY HOSPITAL,750 NORTH 40TH STREET,PHOENIX,AZ,85008,MARICOPA,(480) 603-9000,Acute Care Hospitals,Proprietary,No,,Not Available,16,8,1,0,1,0,,8,2,0,1,1,,11,3,0,2,1,,15,15,,10,2,
030113,WHITERIVER PHS INDIAN HOSPITAL,200 WEST HOSPITAL DRIVE  (PO BOX 860),WHITERIVER,AZ,85941,NAVAJO,(928) 338-4911,Acute Care Hospitals,Government - Federal,No,Y,Not Available,16,8,2,0,2,0,,8,Not Available,Not Available,Not Available,Not Available,5.0,11,2,0,2,0,,15,10,,10,3,
030114,ORO VALLEY HOSPITAL,1551 EAST TANGERINE ROAD,ORO VALLEY,AZ,85755,PIMA,(520) 901-3500,Acute Care Hospitals,Proprietary,Yes,,3,,8,6,0,6,0,,8,5,1,4,0,,11,8,0,8,0,,15,15,,10,8,
030115,BANNER ESTRELLA MEDICAL CENTER,9201 WEST THOMAS ROAD,PHOENIX,AZ,85037,MARICOPA,(623) 327-4000,Acute Care Hospitals,Voluntary non-profit - Private,Yes,Y,3,,8,8,1,7,0,,8,7,2,5,0,,11,8,0,7,1,,15,15,,10,8,
030117,VALLEY VIEW MEDICAL CENTER,5330 SOUTH HIGHWAY 95,FORT MOHAVE,AZ,86426,MOHAVE,(928) 788-2273,Acute Care Hospitals,Proprietary,Yes,Y,2,,8,5,0,5,0,,8,2,0,2,0,,11,6,2,4,0,,15,15,,10,8,
030119,MERCY GILBERT MEDICAL CENTER,3555 SOUTH VAL VISTA DRIVE,GILBERT,AZ,85297,MARICOPA,(480) 728-8000,Acute Care Hospitals,Voluntary non-profit - Church,Yes,Y,5,,8,7,1,6,0,,8,8,2,5,1,,11,10,0,10,0,,15,15,,10,9,
030121,HONORHEALTH FOUR PEAKS MEDICAL CENTER,1301 SOUTH CRISMON ROAD,MESA,AZ,85209,MARICOPA,(480) 358-6100,Acute Care Hospitals,Proprietary,Yes,Y,2,,8,7,0,7,0,,8,6,1,5,0,,11,8,0,7,1,,15,15,,10,8,
030122,BANNER GATEWAY MEDICAL CENTER,1900 NORTH HIGLEY ROAD,GILBERT,AZ,85234,MARICOPA,(480) 543-2000,Acute Care Hospitals,Voluntary non-profit - Other,Yes,Y,3,,8,6,0,6,0,,8,7,1,6,0,,11,8,0,8,0,,15,15,,10,8,
030123,HONORHEALTH SCOTTSDALE THOMPSON PEAK MED CTR,7400 EAST THOMPSON PEAK PARKWAY,SCOTTSDALE,AZ,85255,MARICOPA,(480) 324-7001,Acute Care Hospitals,Voluntary non-profit - Private,Yes,,5,,8,7,1,6,0,,8,7,1,6,0,,11,8,0,8,0,,15,15,,10,8,
03012F,PHOENIX VA MEDICAL CENTER,650 E. INDIAN SCHOOL ROAD,PHOENIX,AZ,85012,MARICOPA,(602) 222-6444,Acute Care - Veterans Administration,Veterans Health Administration,Yes,,5,,8,5,2,3,0,,8,4,0,4,0,,11,6,2,4,0,,15,10,,10,5,
030130,BANNER IRONWOOD MEDICAL CENTER,37000 NORTH GANTZEL ROAD,QUEEN CREEK,AZ,85140,PINAL,(480) 394-4000,Acute Care Hospitals,Voluntary non-profit - Private,Yes,Y,3,,8,4,0,4,0,,8,4,1,3,0,,11,6,1,5,0,,15,15,,10,8,
030134,BANNER GOLDFIELD MEDICAL CENTER,2050 WEST SOUTHERN AVENUE,APACHE JUNCTION,AZ,85120,PINAL,(480) 733-3300,Acute Care Hospitals,Voluntary non-profit - Other,Yes,,5,,8,3,0,3,0,,8,Not Available,Not Available,Not Available,Not Available,5.0,11,3,0,3,0,,15,10,,10,6,
030136,DIGNITY HEALTH - ARIZONA GENERAL HOSPITAL,7171 SOUTH 51ST AVENUE,LAVEEN,AZ,85339,MARICOPA,(623) 584-5100,Acute Care Hospitals,Proprietary,No,,Not Available,16,8,2,0,2,0,,8,Not Available,Not Available,Not Available,Not Available,5.0,11,2,1,1,0,,15,Not Available,5.0,10,7,
030138,CITY OF HOPE CANCER CENTER PHOENIX,14200 WEST CELEBRATE LIFE WAY,GOODYEAR,AZ,85338,MARICOPA,(623) 207-3000,Acute Care Hospitals,Proprietary,No,,4,,8,1,0,1,0,,8,3,0,3,0,,11,5,1,4,0,,15,15,,10,5,
030139,DIGNITY HEALTH ARIZONA GENERAL HOSPITAL,9130 EAST ELLIOT ROAD,MESA,AZ,85212,MARICOPA,(480) 410-4500,Acute Care Hospitals,Voluntary non-profit - Private,Yes,,5,,8,4,0,4,0,,8,3,0,3,0,,11,5,1,4,0,,15,15,,10,7,
03013F,VA S. ARIZONA HEALTHCARE SYSTEM,3601 SOUTH SIXTH AVENUE,TUCSON,AZ,85723,PIMA,(520) 629-1821,Acute Care - Veterans Administration,Veterans Health Administration,Yes,,5,,8,5,2,3,0,,8,4,1,2,1,,11,6,0,6,0,,15,10,,10,5,
030146,HONORHEALTH SONORAN CROSSING MEDICAL CENTER,33400 NORTH 32ND AVENUE,PHOENIX,AZ,85085,MARICOPA,(480) 882-4327,Acute Care Hospitals,Voluntary non-profit - Private,Yes,Y,4,,8,4,0,4,0,,8,6,0,6,0,,11,6,0,5,1,,15,15,,10,7,
030147,BANNER OCOTILLO MEDICAL CENTER,1405 SOUTH ALMA SCHOOL ROAD,CHANDLER,AZ,85286,MARICOPA,(480) 256-7000,Acute Care Hospitals,Voluntary non-profit - Private,Yes,Y,3,,8,4,0,4,0,,8,2,1,1,0,,11,5,0,3,2,,15,15,,10,7,
030148,NORTHWEST MEDICAL CENTER SAHUARITA,16260 SOUTH RANCHO SAHUARITA BOULEVARD,SAHUARITA,AZ,85629,PIMA,(520) 416-7100,Acute Care Hospitals,Voluntary non-profit - Private,Yes,,3,,8,6,0,6,0,,8,3,1,2,0,,11,6,0,5,1,,15,15,,10,9,
030152,EXCEPTIONAL COMMUNITY HOSPITAL - MARICOPA,19060 NORTH JOHN WAYNE PARKWAY,MARICOPA,AZ,85139,PINAL,(910) 988-9080,Acute Care Hospitals,Proprietary,Yes,,Not Available,16,8,Not Available,Not Available,Not Available,Not Available,5.0,8,Not Available,Not Available,Not Available,Not Available,5.0,11,1,0,1,0,,15,Not Available,5.0,10,3,
030153,EAST VALLEY ER & HOSPITAL,5656 SOUTH POWER RD,GILBERT,AZ,85295,MARICOPA,(713) 660-0557,Acute Care Hospitals,Proprietary,Yes,,Not Available,16,8,Not Available,Not Available,Not Available,Not Available,5.0,8,Not Available,Not Available,Not Available,Not Available,5.0,11,Not Available,Not Available,Not Available,Not Available,5.0,15,Not Available,5.0,10,2,
030154,EXCEPTIONAL COMMUNITY HOSPITAL YUMA,2648 SOUTH ARABY RD,YUMA,AZ,85365,YUMA,(469) 341-7800,Acute Care Hospitals,Proprietary,Yes,,Not Available,16,8,2,0,2,0,,8,Not Available,Not Available,Not Available,Not Available,5.0,11,2,0,2,0,,15,Not Available,5.0,10,3,
030155,EXCEPTIONAL COMMUNITY HOSPITAL BULLHEAD CITY,2365 HIGHWAY 95,BULLHEAD CITY,AZ,86442,MOHAVE,(469) 341-7800,Acute Care Hospitals,Proprietary,Yes,,Not Available,5,8,Not Available,Not Available,Not Available,Not Available,5.0,8,Not Available,Not Available,Not Available,Not Available,5.0,11,Not Available,Not Available,Not Available,Not Available,5.0,15,Not Available,5.0,10,1,16.0
030195,KAYENTA ALTERNATIVE RURAL HOSPITAL,"US HWY 160, S MP 394, KAYENTA, AZ 86033-0368",KAYENTA,AZ,86033,NAVAJO,(928) 697-4000,Acute Care Hospitals,Government - Federal,Yes,,Not Available,19,Not Available,Not Available,Not Available,Not Available,Not Available,19.0,Not Available,Not Available,Not Available,Not Available,Not Available,19.0,Not Available,Not Available,Not Available,Not Available,Not Available,19.0,Not Available,Not Available,19.0,Not Available,Not Available,19.0
03033F,VA NORTHERN ARIZONA HEALTHCARE SYSTEM,500 HIGHWAY 89 NORTH,PRESCOTT,AZ,86313,YAVAPAI,(928) 445-4860,Acute Care - Veterans Administration,Veterans Health Administration,Yes,,5,,8,3,0,3,0,,8,Not Available,Not Available,Not Available,Not Available,5.0,11,4,1,3,0,,15,10,,10,3,
031300,WICKENBURG COMMUNITY HOSPITAL,520 ROSE LANE,WICKENBURG,AZ,85390,MARICOPA,(928) 684-5421,Critical Access Hospitals,Voluntary non-profit - Other,Yes,,Not Available,16,8,2,0,2,0,,8,Not Available,Not Available,Not Available,Not Available,5.0,11,2,0,2,0,,15,Not Available,5.0,10,5,
031301,BENSON HOSPITAL,450 SOUTH OCOTILLO AVENUE,BENSON,AZ,85602,COCHISE,(520) 586-2261,Critical Access Hospitals,Voluntary non-profit - Private,Yes,,Not Available,16,8,Not Available,Not Available,Not Available,Not Available,5.0,8,Not Available,Not Available,Not Available,Not Available,5.0,11,Not Available,Not Available,Not Available,Not Available,5.0,15,Not Available,5.0,10,4,
031302,"NORTHERN COCHISE COMMUNITY HOSPITAL, INC.",901 WEST REX ALLEN DRIVE,WILLCOX,AZ,85643,COCHISE,(520) 384-3541,Critical Access Hospitals,Voluntary non-profit - Private,Yes,,Not Available,16,8,Not Available,Not Available,Not Available,Not Available,5.0,8,Not Available,Not Available,Not Available,Not Available,5.0,11,2,0,2,0,,15,Not Available,5.0,10,2,
031304,PAGE HOSPITAL,501 NORTH NAVAJO DRIVE,PAGE,AZ,86040,COCONINO,(928) 645-2424,Critical Access Hospitals,Government - Hospital District or Authority,Yes,Y,Not Available,16,8,Not Available,Not Available,Not Available,Not Available,5.0,8,Not Available,Not Available,Not Available,Not Available,5.0,11,Not Available,Not Available,Not Available,Not Available,5.0,15,Not Available,5.0,10,6,
031305,HOPI HEALTH CARE CENTER,"HIGHWAY 264, MILEPOST 388",POLACCA,AZ,86042,NAVAJO,(928) 737-6000,Critical Access Hospitals,Tribal,No,,Not Available,16,8,Not Available,Not Available,Not Available,Not Available,5.0,8,Not Available,Not Available,Not Available,Not Available,5.0,11,1,0,1,0,,15,Not Available,5.0,10,Not Available,5.0
031307,PARKER INDIAN HEALTH CENTER,12033 AGENCY ROAD,PARKER,AZ,85344,LAPAZ,(928) 669-2137,Critical Access Hospitals,Government - Federal,Yes,,Not Available,16,8,Not Available,Not Available,Not Available,Not Available,5.0,8,Not Available,Not Available,Not Available,Not Available,5.0,11,Not Available,Not Available,Not Available,Not Available,5.0,15,Not Available,5.0,10,Not Available,5.0
031308,HUHU KAM MEMORIAL HOSPITAL,483 WEST SEED FARM ROAD,SACATON,AZ,85147,PINAL,(520) 562-3321,Critical Access Hospitals,Government - Federal,Yes,,Not Available,16,8,Not Available,Not Available,Not Available,Not Available,5.0,8,Not Available,Not Available,Not Available,Not Available,5.0,11,Not Available,Not Available,Not Available,Not Available,5.0,15,Not Available,5.0,10,2,
031309,SAGE MEMORIAL HOSPITAL,HIGHWAY 264 WEST AND 191 SOUTH,GANADO,AZ,86505,APACHE,(928) 755-4500,Critical Access Hospitals,Voluntary non-profit - Private,No,,Not Available,16,8,2,0,2,0,,8,Not Available,Not Available,Not Available,Not Available,5.0,11,2,0,1,1,,15,Not Available,5.0,10,3,
031311,LITTLE COLORADO MEDICAL CENTER,1501 NORTH WILLIAMSON AVENUE,WINSLOW,AZ,86047,NAVAJO,(928) 289-4691,Critical Access Hospitals,Voluntary non-profit - Private,Yes,,Not Available,16,8,2,0,2,0,,8,Not Available,Not Available,Not Available,Not Available,5.0,11,3,0,2,1,,15,Not Available,5.0,10,5,
031312,COPPER QUEEN COMMUNITY HOSPITAL,101 COLE AVENUE,BISBEE,AZ,85603,COCHISE,(520) 432-6401,Critical Access Hospitals,Voluntary non-profit - Private,Yes,,Not Available,16,8,1,0,1,0,,8,Not Available,Not Available,Not Available,Not Available,5.0,11,1,0,1,0,,15,5,,10,5,
031313,HOLY CROSS HOSPITAL,1171 WEST TARGET RANGE ROAD,NOGALES,AZ,85621,SANTA CRUZ,(520) 285-3000,Critical Access Hospitals,Proprietary,Yes,Y,Not Available,16,8,Not Available,Not Available,Not Available,Not Available,5.0,8,Not Available,Not Available,Not Available,Not Available,5.0,11,Not Available,Not Available,Not Available,Not Available,5.0,15,5,,10,6,
031314,COBRE VALLEY REGIONAL MEDICAL CENTER,5880 SOUTH HOSPITAL DRIVE,GLOBE,AZ,85501,GILA,(928) 402-1122,Critical Access Hospitals,Voluntary non-profit - Private,Yes,,2,,8,5,0,5,0,,8,Not Available,Not Available,Not Available,Not Available,5.0,11,9,0,6,3,,15,10,,10,6,
031315,WHITE MOUNTAIN REGIONAL MEDICAL CENTER,118 SOUTH MOUNTAIN AVENUE,SPRINGERVILLE,AZ,85938,APACHE,(928) 333-4368,Critical Access Hospitals,Voluntary non-profit - Private,Yes,,Not Available,16,8,2,0,2,0,,8,Not Available,Not Available,Not Available,Not Available,5.0,11,3,0,2,1,,15,10,,10,4,
031317,LA PAZ REGIONAL HOSPITAL,1200 WEST MOHAVE ROAD,PARKER,AZ,85344,LAPAZ,(928) 669-9201,Critical Access Hospitals,Voluntary non-profit - Private,Yes,,2,,8,3,0,3,0,,8,Not Available,Not Available,Not Available,Not Available,5.0,11,5,0,5,0,,15,Not Available,5.0,10,3,
031318,BANNER PAYSON MEDICAL CENTER,807 SOUTH PONDEROSA DRIVE,PAYSON,AZ,85541,GILA,(928) 474-3222,Critical Access Hospitals,Voluntary non-profit - Other,No,Y,4,,8,5,0,5,0,,8,1,0,1,0,,11,6,1,4,1,,15,10,,10,7,
031319,MT. GRAHAM REGIONAL MEDICAL CENTER,1600 SOUTH 20TH AVENUE,SAFFORD,AZ,85546,GRAHAM,(928) 348-4000,Critical Access Hospitals,Government - Hospital District or Authority,Yes,Y,Not Available,16,8,1,0,1,0,,8,1,0,1,0,,11,4,0,4,0,,15,10,,10,8,
031320,SAN CARLOS APACHE HEALTHCARE CORPORATION,103 MEDICINE WAY ROAD,PERIDOT,AZ,85542,GILA,(928) 475-1200,Critical Access Hospitals,Tribal,Yes,,Not Available,16,8,1,0,1,0,,8,Not Available,Not Available,Not Available,Not Available,5.0,11,1,0,1,0,,15,Not Available,5.0,10,2,
033302,PHOENIX CHILDREN'S HOSPITAL,1919 EAST THOMAS ROAD,PHOENIX,AZ,85016,MARICOPA,(602) 933-1000,Childrens,Voluntary non-profit - Private,No,,Not Available,19,Not Available,Not Available,Not Available,Not Available,Not Available,19.0,Not Available,Not Available,Not Available,Not Available,Not Available,19.0,Not Available,Not Available,Not Available,Not Available,Not Available,19.0,Not Available,Not Available,19.0,Not Available,Not Available,19.0
034004,BANNER BEHAVIORAL HEALTH HOSPITAL,7575 EAST EARLL DRIVE,SCOTTSDALE,AZ,85251,MARICOPA,(480) 448-7500,Psychiatric,Voluntary non-profit - Private,No,,Not Available,19,Not Available,Not Available,Not Available,Not Available,Not Available,19.0,Not Available,Not Available,Not Available,Not Available,Not Available,19.0,Not Available,Not Available,Not Available,Not Available,Not Available,19.0,Not Available,Not Available,19.0,Not Available,Not Available,19.0
034013,COLLEGE MEDICAL CENTER PHOENIX,1800 EAST VAN BUREN,PHOENIX,AZ,85006,MARICOPA,(602) 251-8535,Psychiatric,Proprietary,No,,Not Available,19,Not Available,Not Available,Not Available,Not Available,Not Available,19.0,Not Available,Not Available,Not Available,Not Available,Not Available,19.0,Not Available,Not Available,Not Available,Not Available,Not Available,19.0,Not Available,Not Available,19.0,Not Available,Not Available,19.0
034020,HAVEN BEHAVIORAL HOSPITAL OF PHOENIX,"1201 SOUTH 7TH AVENUE, SUITE 200",PHOENIX,AZ,85007,MARICOPA,(623) 236-2000,Psychiatric,Proprietary,No,,Not Available,19,Not Available,Not Available,Not Available,Not Available,Not Available,19.0,Not Available,Not Available,Not Available,Not Available,Not Available,19.0,Not Available,Not Available,Not Available,Not Available,Not Available,19.0,Not Available,Not Available,19.0,Not Available,Not Available,19.0
034021,ARIZONA STATE HOSPITAL,2500 EAST VAN BUREN STREET,PHOENIX,AZ,85008,MARICOPA,(602) 220-6000,Psychiatric,Government - State,No,,Not Available,19,Not Available,Not Available,Not Available,Not Available,Not Available,19.0,Not Available,Not Available,Not Available,Not Available,Not Available,19.0,Not Available,Not Available,Not Available,Not Available,Not Available,19.0,Not Available,Not Available,19.0,Not Available,Not Available,19.0
034022,SONORA BEHAVIORAL HEALTH HOSPITAL,6050 NORTH CORONA ROAD,TUCSON,AZ,85704,PIMA,(520) 469-8700,Psychiatric,Proprietary,Yes,,Not Available,19,Not Available,Not Available,Not Available,Not Available,Not Available,19.0,Not Available,Not Available,Not Available,Not Available,Not Available,19.0,Not Available,Not Available,Not Available,Not Available,Not Available,19.0,Not Available,Not Available,19.0,Not Available,Not Available,19.0
034023,THE GUIDANCE CENTER,2187 NORTH VICKEY STREET,FLAGSTAFF,AZ,86004,COCONINO,(928) 527-1899,Psychiatric,Voluntary non-profit - Private,No,,Not Available,19,Not Available,Not Available,Not Available,Not Available,Not Available,19.0,Not Available,Not Available,Not Available,Not Available,Not Available,19.0,Not Available,Not Available,Not Available,Not Available,Not Available,19.0,Not Available,Not Available,19.0,Not Available,Not Available,19.0
034024,AURORA BEHAVIORAL HEALTH SYSTEM,6015 WEST PEORIA  AVENUE,GLENDALE,AZ,85302,MARICOPA,(623) 344-4400,Psychiatric,Proprietary,No,,Not Available,19,Not Available,Not Available,Not Available,Not Available,Not Available,19.0,Not Available,Not Available,Not Available,Not Available,Not Available,19.0,Not Available,Not Available,Not Available,Not Available,Not Available,19.0,Not Available,Not Available,19.0,Not Available,Not Available,19.0
034025,THE HEALING PLACE,181 WHIPPLE ST,PRESCOTT,AZ,86301,YAVAPAI,(928) 445-5211,Psychiatric,Proprietary,No,,Not Available,19,Not Available,Not Available,Not Available,Not Available,Not Available,19.0,Not Available,Not Available,Not Available,Not Available,Not Available,19.0,Not Available,Not Available,Not Available,Not Available,Not Available,19.0,Not Available,Not Available,19.0,Not Available,Not Available,19.0
034026,VALLEY HOSPITAL,3550 EAST PINCHOT AVENUE,PHOENIX,AZ,85018,MARICOPA,(602) 952-3900,Psychiatric,Proprietary,No,,Not Available,19,Not Available,Not Available,Not Available,Not Available,Not Available,19.0,Not Available,Not Available,Not Available,Not Available,Not Available,19.0,Not Available,Not Available,Not Available,Not Available,Not Available,19.0,Not Available,Not Available,19.0,Not Available,Not Available,19.0
034027,CHANGEPOINT PSYCHIATRIC HOSPITAL,1920 WEST COMMERCE DRIVE,LAKESIDE,AZ,85929,NAVAJO,(928) 368-4110,Psychiatric,Voluntary non-profit - Private,No,,Not Available,19,Not Available,Not Available,Not Available,Not Available,Not Available,19.0,Not Available,Not Available,Not Available,Not Available,Not Available,19.0,Not Available,Not Available,Not Available,Not Available,Not Available,19.0,Not Available,Not Available,19.0,Not Available,Not Available,19.0
034028,AURORA BEHAVIORAL HEALTHCARE-TEMPE,6350 SOUTH MAPLE AVENUE,TEMPE,AZ,85283,MARICOPA,(480) 345-5400,Psychiatric,Proprietary,No,,Not Available,19,Not Available,Not Available,Not Available,Not Available,Not Available,19.0,Not Available,Not Available,Not Available,Not Available,Not Available,19.0,Not Available,Not Available,Not Available,Not Available,Not Available,19.0,Not Available,Not Available,19.0,Not Available,Not Available,19.0
034029,OASIS BEHAVIORAL HEALTH HOSPITAL,"2190 NORTH GRACE BOULEVARD, BUILDING A",CHANDLER,AZ,85225,MARICOPA,(480) 917-9301,Psychiatric,Proprietary,No,,Not Available,19,Not Available,Not Available,Not Available,Not Available,Not Available,19.0,Not Available,Not Available,Not Available,Not Available,Not Available,19.0,Not Available,Not Available,Not Available,Not Available,Not Available,19.0,Not Available,Not Available,19.0,Not Available,Not Available,19.0
034030,PALO VERDE BEHAVIORAL HEALTH,2695 NORTH CRAYCROFT ROAD,TUCSON,AZ,85712,PIMA,(520) 322-2888,Psychiatric,Voluntary non-profit - Private,Yes,,Not Available,19,Not Available,Not Available,Not Available,Not Available,Not Available,19.0,Not Available,Not Available,Not Available,Not Available,Not Available,19.0,Not Available,Not Available,Not Available,Not Available,Not Available,19.0,Not Available,Not Available,19.0,Not Available,Not Available,19.0
034031,QUAIL RUN BEHAVIORAL HEALTH,2545 WEST QUAIL AVENUE,PHOENIX,AZ,85027,MARICOPA,(602) 455-5700,Psychiatric,Voluntary non-profit - Other,No,,Not Available,19,Not Available,Not Available,Not Available,Not Available,Not Available,19.0,Not Available,Not Available,Not Available,Not Available,Not Available,19.0,Not Available,Not Available,Not Available,Not Available,Not Available,19.0,Not Available,Not Available,19.0,Not Available,Not Available,19.0
034032,COPPER SPRINGS EAST- GILBERT,10550 WEST MCDOWELL ROAD,AVONDALE,AZ,85392,MARICOPA,(480) 565-3035,Psychiatric,Proprietary,Yes,,Not Available,19,Not Available,Not Available,Not Available,Not Available,Not Available,19.0,Not Available,Not Available,Not Available,Not Available,Not Available,19.0,Not Available,Not Available,Not Available,Not Available,Not Available,19.0,Not Available,Not Available,19.0,Not Available,Not Available,19.0
034033,EL DORADO SPRINGS,1400 NORTH WILMOT ROAD,TUCSON,AZ,85712,PIMA,(520) 222-8268,Psychiatric,Proprietary,No,,Not Available,19,Not Available,Not Available,Not Available,Not Available,Not Available,19.0,Not Available,Not Available,Not Available,Not Available,Not Available,19.0,Not Available,Not Available,Not Available,Not Available,Not Available,19.0,Not Available,Not Available,19.0,Not Available,Not Available,19.0
034034,DESTINY SPRINGS HEALTHCARE,17300 NORTH DYSART ROAD,SURPRISE,AZ,85378,MARICOPA,(623) 233-3000,Psychiatric,Physician,No,,Not Available,19,Not Available,Not Available,Not Available,Not Available,Not Available,19.0,Not Available,Not Available,Not Available,Not Available,Not Available,19.0,Not Available,Not Available,Not Available,Not Available,Not Available,19.0,Not Available,Not Available,19.0,Not Available,Not Available,19.0
034035,AVENIR BEHAVIORAL HEALTH CENTER,16561 NORTH PARKVIEW PLACE,SURPRISE,AZ,85374,MARICOPA,(480) 229-9894,Psychiatric,Proprietary,No,,Not Available,19,Not Available,Not Available,Not Available,Not Available,Not Available,19.0,Not Available,Not Available,Not Available,Not Available,Not Available,19.0,Not Available,Not Available,Not Available,Not Available,Not Available,19.0,Not Available,Not Available,19.0,Not Available,Not Available,19.0
034038,"PHOENIX MEDICAL PSYCHIATRIC HOSPITAL, LLC",1346 EAST MCDOWELL ROAD,PHOENIX,AZ,85006,MARICOPA,(833) 312-0320,Psychiatric,Proprietary,No,,Not Available,19,Not Available,Not Available,Not Available,Not Available,Not Available,19.0,Not Available,Not Available,Not Available,Not Available,Not Available,19.0,Not Available,Not Available,Not Available,Not Available,Not Available,19.0,Not Available,Not Available,19.0,Not Available,Not Available,19.0
034040,VIA LINDA BEHAVIORAL HOSPITAL,9160 EAST HORSESHOE RD,SCOTTSDALE,AZ,85258,MARICOPA,(480) 476-7000,Psychiatric,Proprietary,No,,Not Available,19,Not Available,Not Available,Not Available,Not Available,Not Available,19.0,Not Available,Not Available,Not Available,Not Available,Not Available,19.0,Not Available,Not Available,Not Available,Not Available,Not Available,19.0,Not Available,Not Available,19.0,Not Available,Not Available,19.0
034041,AGAVE RIDGE BEHAVIORAL HOSPITAL,3322 SOUTH ELLSWORTH ROAD,MESA,AZ,85212,MARICOPA,(615) 861-6000,Psychiatric,Proprietary,No,,Not Available,19,Not Available,Not Available,Not Available,Not Available,Not Available,19.0,Not Available,Not Available,Not Available,Not Available,Not Available,19.0,Not Available,Not Available,Not Available,Not Available,Not Available,19.0,Not Available,Not Available,19.0,Not Available,Not Available,19.0
040001,SILOAM SPRINGS REGIONAL HOSPITAL,603 NORTH PROGRESS AVENUE,SILOAM SPRINGS,AR,72761,BENTON,(479) 524-4141,Acute Care Hospitals,Proprietary,Yes,,3,,8,3,0,3,0,,8,3,0,3,0,,11,5,0,5,0,,15,15,,10,8,
040002,JOHNSON REGIONAL MEDICAL CENTER,1100 EAST POPLAR STREET,CLARKSVILLE,AR,72830,JOHNSON,(479) 754-5454,Acute Care Hospitals,Voluntary non-profit - Private,Yes,Y,4,,8,4,0,4,0,,8,2,0,2,0,,11,6,1,5,0,,15,15,,10,7,
040004,WASHINGTON REGIONAL MEDICAL CENTER,3215 N NORTH HILLS BOULEVARD,FAYETTEVILLE,AR,72703,WASHINGTON,(479) 463-5113,Acute Care Hospitals,Voluntary non-profit - Private,Yes,Y,4,,8,8,0,8,0,,8,8,3,5,0,,11,11,5,6,0,,15,15,,10,8,
040007,CHI-ST VINCENT INFIRMARY,TWO ST VINCENT CIRCLE,LITTLE ROCK,AR,72205,PULASKI,(501) 552-3000,Acute Care Hospitals,Voluntary non-profit - Private,Yes,,3,,8,8,0,8,0,,8,6,3,3,0,,11,10,3,6,1,,15,15,,10,7,
040010,MERCY HOSPITAL NORTHWEST ARKANSAS,2710 SOUTH RIFE MEDICAL LANE,ROGERS,AR,72758,BENTON,(479) 338-8000,Acute Care Hospitals,Voluntary non-profit - Private,Yes,Y,5,,8,8,1,7,0,,8,7,3,3,1,,11,8,1,7,0,,15,15,,10,10,
040011,CHAMBERS MEMORIAL HOSPITAL,719 DETROIT STREET,DANVILLE,AR,72833,YELL,(479) 495-2241,Acute Care Hospitals,Voluntary non-profit - Private,Yes,,4,,8,4,0,4,0,,8,Not Available,Not Available,Not Available,Not Available,5.0,11,5,2,3,0,,15,15,,10,8,
040014,WHITE COUNTY MEDICAL CENTER,3214 EAST RACE AVENUE,SEARCY,AR,72143,WHITE,(501) 278-3100,Acute Care Hospitals,Voluntary non-profit - Private,Yes,Y,2,,8,7,0,7,0,,8,8,1,7,0,,11,10,1,7,2,,15,15,,10,10,
040016,University of Arkansas Medical Sciences,4301 WEST MARKHAM STREET MAIL SLOT 612,LITTLE ROCK,AR,72205,PULASKI,(501) 686-5000,Acute Care Hospitals,Government - State,Yes,Y,2,,8,7,0,7,0,,8,7,1,6,0,,11,9,1,7,1,,15,15,,10,9,
040017,NORTH ARKANSAS REGIONAL MEDICAL CENTER,620 NORTH MAIN STREET,HARRISON,AR,72601,BOONE,(870) 414-4000,Acute Care Hospitals,Voluntary non-profit - Private,Yes,Y,2,,8,5,0,3,2,,8,3,0,3,0,,11,9,1,8,0,,15,15,,10,10,
040018,BAPTIST HEALTH - VAN BUREN,211 CRAWFORD MEMORIAL DRIVE,VAN BUREN,AR,72956,CRAWFORD,(479) 474-3401,Acute Care Hospitals,Voluntary non-profit - Private,Yes,,Not Available,16,8,Not Available,Not Available,Not Available,Not Available,5.0,8,Not Available,Not Available,Not Available,Not Available,5.0,11,Not Available,Not Available,Not Available,Not Available,5.0,15,Not Available,5.0,10,4,
040019,FORREST CITY MEDICAL CENTER,1601 NEWCASTLE ROAD,FORREST CITY,AR,72335,ST. FRANCIS,(870) 261-0000,Acute Care Hospitals,Proprietary,Yes,Y,Not Available,16,8,2,0,2,0,,8,1,0,1,0,,11,3,0,3,0,,15,5,,10,9,
040020,ST BERNARDS MEDICAL CENTER,225 E WASHINGTON AVE,JONESBORO,AR,72401,CRAIGHEAD,(870) 972-4100,Acute Care Hospitals,Voluntary non-profit - Private,Yes,Y,1,,8,8,0,5,3,,8,6,3,2,1,,11,10,1,5,4,,15,15,,10,10,
040022,NORTHWEST MEDICAL CENTER-SPRINGDALE,609 WEST MAPLE AVENUE,SPRINGDALE,AR,72764,WASHINGTON,(479) 751-5711,Acute Care Hospitals,Proprietary,Yes,Y,3,,8,7,0,7,0,,8,7,1,6,0,,11,7,3,4,0,,15,15,,10,9,
040026,CHI ST. VINCENT HOSPITAL HOT SPRINGS,300 WERNER STREET,HOT SPRINGS,AR,71903,GARLAND,(501) 622-1000,Acute Care Hospitals,Voluntary non-profit - Private,Yes,Y,3,,8,8,0,6,2,,8,7,3,4,0,,11,11,1,8,2,,15,15,,10,10,
040027,BAXTER HEALTH,624 HOSPITAL DRIVE,MOUNTAIN HOME,AR,72653,BAXTER,(870) 508-1000,Acute Care Hospitals,Voluntary non-profit - Private,Yes,Y,2,,8,8,0,6,2,,8,7,2,4,1,,11,11,1,10,0,,15,15,,10,10,
040029,"CONWAY REGIONAL MEDICAL CENTER, INC",2302 COLLEGE AVENUE,CONWAY,AR,72034,FAULKNER,(501) 329-3831,Acute Care Hospitals,Voluntary non-profit - Private,Yes,Y,2,,8,7,0,6,1,,8,7,1,4,2,,11,9,0,7,2,,15,15,,10,9,
040036,BAPTIST HEALTH MEDICAL CENTER NORTH LITTLE ROCK,3333 SPRINGHILL DRIVE,NORTH LITTLE ROCK,AR,72117,PULASKI,(501) 202-3000,Acute Care Hospitals,Voluntary non-profit - Private,Yes,Y,1,,8,8,0,5,3,,8,7,3,4,0,,11,9,0,7,2,,15,15,,10,10,
040039,ARKANSAS METHODIST MEDICAL CENTER,900 WEST KINGSHIGHWAY,PARAGOULD,AR,72450,GREENE,(870) 239-7000,Acute Care Hospitals,Voluntary non-profit - Private,Yes,Y,2,,8,6,0,6,0,,8,3,0,3,0,,11,8,0,7,1,,15,15,,10,8,
040041,ST MARYS REGIONAL MEDICAL CENTER,1808 WEST MAIN STREET,RUSSELLVILLE,AR,72801,POPE,(479) 968-2841,Acute Care Hospitals,Proprietary,Yes,Y,4,,8,6,0,6,0,,8,4,1,3,0,,11,8,2,6,0,,15,15,,10,10,
040050,OUACHITA COUNTY MEDICAL CENTER,638 CALIFORNIA AVENUE,CAMDEN,AR,71701,OUACHITA,(870) 836-1000,Acute Care Hospitals,Voluntary non-profit - Private,Yes,Y,2,,8,3,0,3,0,,8,2,0,2,0,,11,5,0,3,2,,15,5,,10,7,
040051,BAPTIST HEALTH MEDICAL CENTER-DREW COUNTY,778 SCOGIN DRIVE,MONTICELLO,AR,71655,DREW,(870) 367-2411,Acute Care Hospitals,Voluntary non-profit - Private,Yes,Y,2,,8,4,0,4,0,,8,2,0,2,0,,11,5,0,3,2,,15,15,,10,7,
040055,BAPTIST HEALTH - FORT SMITH,1001 TOWSON AVENUE,FORT SMITH,AR,72901,SEBASTIAN,(479) 441-4000,Acute Care Hospitals,Voluntary non-profit - Private,Yes,Y,2,,8,8,0,8,0,,8,6,2,4,0,,11,10,0,9,1,,15,15,,10,9,
040062,MERCY HOSPITAL FORT SMITH,7301 ROGERS AVE,FORT SMITH,AR,72903,SEBASTIAN,(479) 314-6000,Acute Care Hospitals,Voluntary non-profit - Private,Yes,Y,3,,8,8,0,8,0,,8,7,2,5,0,,11,11,2,8,1,,15,15,,10,10,
040067,MAGNOLIA REGIONAL MEDICAL CENTER,101 HOSPITAL DRIVE,MAGNOLIA,AR,71753,COLUMBIA,(870) 235-3000,Acute Care Hospitals,Government - Local,Yes,,2,,8,3,0,3,0,,8,1,0,1,0,,11,5,1,4,0,,15,5,,10,6,
040069,GREAT RIVER MEDICAL CENTER,1520 N DIVISION STREET,BLYTHEVILLE,AR,72315,MISSISSIPPI,(870) 838-7300,Acute Care Hospitals,Government - Local,Yes,Y,2,,8,3,0,3,0,,8,1,0,1,0,,11,4,0,3,1,,15,5,,10,7,
040071,JEFFERSON REGIONAL MEDICAL CENTER,1600 WEST 40TH AVENUE,PINE BLUFF,AR,71603,JEFFERSON,(870) 541-7100,Acute Care Hospitals,Voluntary non-profit - Private,Yes,Y,1,,8,7,0,6,1,,8,7,2,4,1,,11,10,0,7,3,,15,15,,10,9,
040072,BAPTIST HEALTH MEDICAL CENTER-STUTTGART,1703 NORTH BUERKLE ST,STUTTGART,AR,72160,ARKANSAS,(870) 673-3511,Acute Care Hospitals,Voluntary non-profit - Private,Yes,Y,3,,8,3,0,3,0,,8,1,0,1,0,,11,5,0,5,0,,15,5,,10,6,
040076,BAPTIST HEALTH MEDICAL CENTER-HOT SPRINGS COUNTY,1001 SCHNEIDER DRIVE,MALVERN,AR,72104,HOT SPRING,(501) 332-1000,Acute Care Hospitals,Voluntary non-profit - Private,Yes,,Not Available,16,8,2,0,2,0,,8,2,0,2,0,,11,2,0,2,0,,15,Not Available,5.0,10,6,
040078,NATIONAL PARK MEDICAL CENTER,1910 MALVERN AVENUE,HOT SPRINGS,AR,71901,GARLAND,(501) 321-1000,Acute Care Hospitals,Proprietary,Yes,Y,2,,8,8,0,6,2,,8,7,1,6,0,,11,9,1,7,1,,15,15,,10,8,
040084,SALINE MEMORIAL HOSPITAL,1 MEDICAL PARK DRIVE,BENTON,AR,72015,SALINE,(501) 776-6000,Acute Care Hospitals,Proprietary,Yes,Y,3,,8,6,0,6,0,,8,5,1,4,0,,11,7,1,5,1,,15,15,,10,7,
040088,SOUTH ARKANSAS REGIONAL HOSPITAL LLC,700 WEST GROVE STREET,EL DORADO,AR,71730,UNION,(870) 863-2000,Acute Care Hospitals,Proprietary,Yes,Y,3,,8,6,0,5,1,,8,3,0,3,0,,11,7,1,6,0,,15,15,,10,8,
04009F,FAYETTEVILLE AR VA MEDICAL CENTER,1100 N. COLLEGE AVENUE,FAYETTEVILLE,AR,72703,WASHINGTON,(479) 444-5058,Acute Care - Veterans Administration,Veterans Health Administration,Yes,,5,,8,3,0,3,0,,8,1,0,1,0,,11,4,2,2,0,,15,10,,10,4,
04010F,VA CENTRAL AR. VETERANS HEALTHCARE SYSTEM LR,4300 WEST SEVENTH STREET,LITTLE ROCK,AR,72205,PULASKI,(501) 257-1000,Acute Care - Veterans Administration,Veterans Health Administration,Yes,,2,,8,5,0,5,0,,8,3,0,3,0,,11,5,0,1,4,,15,10,,10,5,
040114,BAPTIST HEALTH MEDICAL CENTER-LITTLE ROCK,9601 BAPTIST HEALTH DRIVE,LITTLE ROCK,AR,72205,PULASKI,(501) 202-2000,Acute Care Hospitals,Voluntary non-profit - Private,Yes,Y,3,,8,8,0,6,2,,8,8,3,5,0,,11,9,1,4,4,,15,15,,10,9,
040118,"BAPTIST MEMORIAL HOSPITAL JONESBORO, INC.",4800 EAST JOHNSON AVENUE,JONESBORO,AR,72405,CRAIGHEAD,(870) 972-7000,Acute Care Hospitals,Voluntary non-profit - Private,Yes,Y,3,23,8,8,0,7,1,23.0,8,6,3,3,0,23.0,11,10,0,8,2,,15,15,,10,10,
040119,WHITE RIVER MEDICAL CENTER,1710 HARRISON STREET,BATESVILLE,AR,72503,INDEPENDENCE,(870) 262-1200,Acute Care Hospitals,Voluntary non-profit - Private,Yes,Y,3,,8,7,0,7,0,,8,7,1,5,1,,11,10,1,8,1,,15,15,,10,9,
040132,LEVI HOSPITAL,300 PROSPECT AVE,HOT SPRINGS,AR,71901,GARLAND,(501) 624-1281,Acute Care Hospitals,Voluntary non-profit - Private,Yes,,Not Available,16,8,Not Available,Not Available,Not Available,Not Available,5.0,8,Not Available,Not Available,Not Available,Not Available,5.0,11,Not Available,Not Available,Not Available,Not Available,5.0,15,Not Available,5.0,10,3,
040134,"ARKANSAS HEART HOSPITAL, LLC",1701 S SHACKLEFORD ROAD,LITTLE ROCK,AR,72211,PULASKI,(501) 219-7000,Acute Care Hospitals,Proprietary,Yes,,3,,8,7,0,7,0,,8,4,1,3,0,,11,8,0,5,3,,15,15,,10,7,
040137,ST VINCENT MEDICAL CENTER/NORTH,2215 WILDWOOD AVENUE,SHERWOOD,AR,72120,PULASKI,(501) 552-7100,Acute Care Hospitals,Voluntary non-profit - Church,Yes,,4,,8,5,0,5,0,,8,4,1,3,0,,11,5,0,5,0,,15,15,,10,6,
040147,ARKANSAS SURGICAL HOSPITAL,5201 NORTH SHORE DRIVE,NO LITTLE ROCK,AR,72118,PULASKI,(501) 748-8000,Acute Care Hospitals,Physician,Yes,,Not Available,16,8,1,0,1,0,,8,2,0,2,0,,11,3,0,2,1,,15,15,,10,4,
040153,SOUTHWEST ARKANSAS REGIONAL MEDICAL CENTER LLC,2001 SOUTH MAIN,HOPE,AR,71801,HEMPSTEAD,(870) 722-3800,Acute Care Hospitals,Proprietary,Yes,,Not Available,16,8,2,0,2,0,,8,Not Available,Not Available,Not Available,Not Available,5.0,11,2,1,1,0,,15,Not Available,5.0,10,4,
040154,BAPTIST HEALTH MEDICAL CENTER- CONWAY,1555 EXCHANGE AVENUE,CONWAY,AR,72032,FAULKNER,(501) 585-2000,Acute Care Hospitals,Voluntary non-profit - Private,Yes,Y,2,,8,6,0,6,0,,8,5,0,5,0,,11,7,0,5,2,,15,15,,10,9,
040156,"BAPTIST MEMORIAL HOSPITAL-CRITTENDEN, INC",2100 NORTH SEVENTH STREET,WEST MEMPHIS,AR,72301,CRITTENDEN,(870) 394-7800,Acute Care Hospitals,Voluntary non-profit - Private,Yes,,Not Available,16,8,2,0,2,0,,8,Not Available,Not Available,Not Available,Not Available,5.0,11,4,1,3,0,,15,5,,10,8,
040161,ARKANSAS HEART HOSPITAL-ENCORE,1901 ENCORE WAY,BRYANT,AR,72019,SALINE,(501) 213-4500,Acute Care Hospitals,Proprietary,Yes,,2,,8,5,0,5,0,,8,2,0,2,0,,11,6,0,4,2,,15,15,,10,7,
040164,UNITY HEALTH - JACKSONVILLE,1400 BRADEN STREET,JACKSONVILLE,AR,72076,PULASKI,(501) 453-5000,Acute Care Hospitals,Voluntary non-profit - Private,Yes,,Not Available,16,8,Not Available,Not Available,Not Available,Not Available,5.0,8,Not Available,Not Available,Not Available,Not Available,5.0,11,1,0,1,0,,15,Not Available,5.0,10,4,
040779,ST BERNARDS FIVE RIVERS MEDICAL CENTER,2801 MEDICAL CENTER DRIVE,POCAHONTAS,AR,72455,RANDOLPH,(870) 892-6000,Rural Emergency Hospital,Voluntary non-profit - Private,Yes,,Not Available,19,Not Available,Not Available,Not Available,Not Available,Not Available,19.0,Not Available,Not Available,Not Available,Not Available,Not Available,19.0,Not Available,Not Available,Not Available,Not Available,Not Available,19.0,Not Available,Not Available,19.0,Not Available,Not Available,19.0
040780,EUREKA SPRINGS HOSPITAL COMMISSION,24 NORRIS STREET,EUREKA SPRINGS,AR,72632,CARROLL,(479) 253-7400,Rural Emergency Hospital,Government - Local,Yes,,Not Available,19,Not Available,Not Available,Not Available,Not Available,Not Available,19.0,Not Available,Not Available,Not Available,Not Available,Not Available,19.0,Not Available,Not Available,Not Available,Not Available,Not Available,19.0,Not Available,Not Available,19.0,Not Available,Not Available,19.0
040781,HELENA REGIONAL MEDICAL CENTER,1801 MARTIN LUTHER KING JR DRIVE,HELENA,AR,72342,PHILLIPS,(870) 338-5800,Rural Emergency Hospital,Proprietary,Yes,,Not Available,19,Not Available,Not Available,Not Available,Not Available,Not Available,19.0,Not Available,Not Available,Not Available,Not Available,Not Available,19.0,Not Available,Not Available,Not Available,Not Available,Not Available,19.0,Not Available,Not Available,19.0,Not Available,Not Available,19.0
040782,SOUTH MISSISSIPPI COUNTY REGIONAL MEDICAL CENTER,611 WEST LEE AVENUE,OSCEOLA,AR,72370,MISSISSIPPI,(870) 563-7000,Rural Emergency Hospital,Government - Local,Yes,,Not Available,19,Not Available,Not Available,Not Available,Not Available,Not Available,19.0,Not Available,Not Available,Not Available,Not Available,Not Available,19.0,Not Available,Not Available,Not Available,Not Available,Not Available,19.0,Not Available,Not Available,19.0,Not Available,Not Available,19.0
040783,"DEWITT HOSPITAL & NURSING HOME, INC",1641 WHITEHEAD DRIVE,DE WITT,AR,72042,ARKANSAS,(870) 946-3571,Rural Emergency Hospital,Voluntary non-profit - Private,Yes,,Not Available,19,Not Available,Not Available,Not Available,Not Available,Not Available,19.0,Not Available,Not Available,Not Available,Not Available,Not Available,19.0,Not Available,Not Available,Not Available,Not Available,Not Available,19.0,Not Available,Not Available,19.0,Not Available,Not Available,19.0
041300,MERCY HOSPITAL PARIS,500 EAST ACADEMY,PARIS,AR,72855,LOGAN,(479) 963-6101,Critical Access Hospitals,Voluntary non-profit - Private,Yes,,5,,8,3,0,3,0,,8,1,0,1,0,,11,3,2,1,0,,15,Not Available,5.0,10,5,
041302,DARDANELLE REGIONAL MEDICAL CENTER,200 NORTH THIRD STREET,DARDANELLE,AR,72834,YELL,(479) 229-4677,Critical Access Hospitals,Government - Local,Yes,,Not Available,16,8,2,0,2,0,,8,Not Available,Not Available,Not Available,Not Available,5.0,11,2,0,2,0,,15,Not Available,5.0,10,5,
041303,MERCY HOSPITAL OZARK,801 WEST RIVER STREET,OZARK,AR,72949,FRANKLIN,(479) 667-4138,Critical Access Hospitals,Voluntary non-profit - Private,Yes,,Not Available,16,8,1,0,1,0,,8,Not Available,Not Available,Not Available,Not Available,5.0,11,1,0,1,0,,15,Not Available,5.0,10,5,
041305,MERCY HOSPITAL WALDRON,1341 WEST SIXTH STREET,WALDRON,AR,72958,SCOTT,(479) 637-4135,Critical Access Hospitals,Voluntary non-profit - Private,Yes,,Not Available,16,8,2,0,2,0,,8,Not Available,Not Available,Not Available,Not Available,5.0,11,2,0,2,0,,15,Not Available,5.0,10,5,
041306,IZARD REGIONAL HOSPITAL LLC,61 GRASSE STREET,CALICO ROCK,AR,72519,BAXTER,(870) 297-2400,Critical Access Hospitals,Voluntary non-profit - Private,Yes,,Not Available,16,8,1,0,1,0,,8,Not Available,Not Available,Not Available,Not Available,5.0,11,2,0,2,0,,15,Not Available,5.0,10,3,
041307,CROSSRIDGE COMMUNITY HOSPITAL,310 SOUTH FALLS BOULEVARD,WYNNE,AR,72396,CROSS,(870) 238-3300,Critical Access Hospitals,Voluntary non-profit - Private,Yes,,Not Available,16,8,2,0,2,0,,8,Not Available,Not Available,Not Available,Not Available,5.0,11,4,0,4,0,,15,Not Available,5.0,10,5,
041308,MCGEHEE HOSPITAL,900 SOUTH THIRD STREET,MCGEHEE,AR,71654,DESHA,(870) 222-5600,Critical Access Hospitals,Voluntary non-profit - Private,Yes,,Not Available,16,8,Not Available,Not Available,Not Available,Not Available,5.0,8,Not Available,Not Available,Not Available,Not Available,5.0,11,1,0,1,0,,15,Not Available,5.0,10,3,
041309,LAWRENCE MEMORIAL HOSPITAL,1309 WEST MAIN STREET,WALNUT RIDGE,AR,72476,LAWRENCE,(870) 886-1200,Critical Access Hospitals,Voluntary non-profit - Private,Yes,,Not Available,16,8,1,0,1,0,,8,Not Available,Not Available,Not Available,Not Available,5.0,11,1,0,1,0,,15,Not Available,5.0,10,5,
041310,STONE COUNTY MEDICAL CENTER,2106 EAST MAIN STREET,MOUNTAIN VIEW,AR,72560,STONE,(870) 269-4361,Critical Access Hospitals,Voluntary non-profit - Private,Yes,,Not Available,16,8,2,0,2,0,,8,1,0,1,0,,11,5,0,5,0,,15,Not Available,5.0,10,6,
041311,HOWARD MEMORIAL HOSPITAL,130 MEDICAL CIRCLE,NASHVILLE,AR,71852,HOWARD,(870) 845-4400,Critical Access Hospitals,Voluntary non-profit - Private,Yes,,3,,8,3,0,2,1,,8,Not Available,Not Available,Not Available,Not Available,5.0,11,3,0,2,1,,15,10,,10,5,
041312,BAPTIST HEALTH MEDICAL CENTER HEBER SPRINGS,1800 BYPASS ROAD,HEBER SPRINGS,AR,72543,CLEBURNE,(501) 887-3000,Critical Access Hospitals,Voluntary non-profit - Private,Yes,,3,,8,3,0,3,0,,8,Not Available,Not Available,Not Available,Not Available,5.0,11,5,0,4,1,,15,5,,10,8,
041313,OZARK HEALTH,2500 HIGHWAY 65 SOUTH,CLINTON,AR,72031,VAN BUREN,(501) 745-7000,Critical Access Hospitals,Voluntary non-profit - Private,Yes,,4,,8,3,0,3,0,,8,Not Available,Not Available,Not Available,Not Available,5.0,11,5,1,4,0,,15,Not Available,5.0,10,6,
041317,DALLAS COUNTY MEDICAL CENTER,201 CLIFTON STREET,FORDYCE,AR,71742,DALLAS,(870) 352-6300,Critical Access Hospitals,Government - Local,Yes,,Not Available,16,8,1,0,1,0,,8,Not Available,Not Available,Not Available,Not Available,5.0,11,1,0,1,0,,15,Not Available,5.0,10,1,
041318,MERCY HOSPITAL BOONEVILLE,880 WEST MAIN,BOONEVILLE,AR,72927,LOGAN,(479) 675-2800,Critical Access Hospitals,Voluntary non-profit - Private,Yes,,4,,8,3,0,3,0,,8,1,0,1,0,,11,3,1,2,0,,15,Not Available,5.0,10,6,
041320,LITTLE RIVER MEMORIAL HOSPITAL,451 WEST LOCKE STREET,ASHDOWN,AR,71822,LITTLE RIVER,(870) 898-5011,Critical Access Hospitals,Voluntary non-profit - Private,Yes,,Not Available,16,8,1,0,1,0,,8,Not Available,Not Available,Not Available,Not Available,5.0,11,1,0,1,0,,15,Not Available,5.0,10,4,
041321,BAPTIST HEALTH MEDICAL CENTER-ARKADELPHIA,3050 TWIN RIVERS DRIVE,ARKADELPHIA,AR,71923,CLARK,(870) 245-2622,Critical Access Hospitals,Voluntary non-profit - Private,Yes,Y,Not Available,16,8,2,0,2,0,,8,Not Available,Not Available,Not Available,Not Available,5.0,11,4,0,4,0,,15,5,,10,7,
041322,BAXTER HEALTH FULTON COUNTY HOSPITAL,679 NORTH MAIN STREET,SALEM,AR,72576,FULTON,(870) 895-2691,Critical Access Hospitals,Government - Local,Yes,,Not Available,16,8,2,0,2,0,,8,Not Available,Not Available,Not Available,Not Available,5.0,11,2,0,2,0,,15,Not Available,5.0,10,1,
041323,ASHLEY COUNTY MEDICAL CENTER,1015 UNITY ROAD,CROSSETT,AR,71635,ASHLEY,(870) 364-4111,Critical Access Hospitals,Voluntary non-profit - Private,Yes,,4,,8,4,0,4,0,,8,1,0,1,0,,11,4,0,3,1,,15,Not Available,5.0,10,5,
041324,CHI ST VINCENT MORRILTON,#4 HOSPITAL DRIVE,MORRILTON,AR,72110,CONWAY,(501) 977-2300,Critical Access Hospitals,Voluntary non-profit - Church,Yes,,Not Available,16,8,2,0,2,0,,8,Not Available,Not Available,Not Available,Not Available,5.0,11,3,1,2,0,,15,5,,10,7,
041326,DELTA MEMORIAL HOSPITAL,811 HIGHWAY 65 SOUTH,DUMAS,AR,71639,DESHA,(870) 382-4303,Critical Access Hospitals,Voluntary non-profit - Private,Yes,Y,Not Available,16,8,2,0,2,0,,8,Not Available,Not Available,Not Available,Not Available,5.0,11,2,0,2,0,,15,Not Available,5.0,10,4,
041327,BRADLEY COUNTY MEDICAL CENTER,404 SOUTH BRADLEY STREET,WARREN,AR,71671,BRADLEY,(870) 226-3731,Critical Access Hospitals,Voluntary non-profit - Private,Yes,,Not Available,16,8,2,0,2,0,,8,Not Available,Not Available,Not Available,Not Available,5.0,11,2,0,1,1,,15,Not Available,5.0,10,4,
041328,CHICOT MEMORIAL MEDICAL CENTER,2729 SOUTH HIGHWAY 65 & 82,LAKE VILLAGE,AR,71653,CHICOT,(870) 265-5351,Critical Access Hospitals,Voluntary non-profit - Private,Yes,,Not Available,16,8,2,0,2,0,,8,Not Available,Not Available,Not Available,Not Available,5.0,11,2,0,2,0,,15,5,,10,5,
041329,MERCY HOSPITAL BERRYVILLE,214 CARTER STREET,BERRYVILLE,AR,72616,CARROLL,(870) 423-3355,Critical Access Hospitals,Voluntary non-profit - Private,Yes,,Not Available,16,8,2,0,2,0,,8,Not Available,Not Available,Not Available,Not Available,5.0,11,3,1,2,0,,15,Not Available,5.0,10,6,
041330,PIGGOTT COMMUNITY HOSPITAL,1206 GORDON DUCKWORTH DRIVE,PIGGOTT,AR,72454,CLAY,(870) 598-3881,Critical Access Hospitals,Government - Local,Yes,,3,,8,4,0,4,0,,8,Not Available,Not Available,Not Available,Not Available,5.0,11,4,0,3,1,,15,10,,10,5,
041331,OZARKS COMMUNITY HOSPITAL OF GRAVETTE,1101 JACKSON STREET SW,GRAVETTE,AR,72736,BENTON,(479) 787-5291,Critical Access Hospitals,Voluntary non-profit - Private,Yes,,Not Available,16,8,1,0,1,0,,8,Not Available,Not Available,Not Available,Not Available,5.0,11,1,0,1,0,,15,Not Available,5.0,10,3,
041332,UNITY HEALTH - NEWPORT,1205 MCLAIN STREET,NEWPORT,AR,72112,JACKSON,(870) 523-8911,Critical Access Hospitals,Government - Local,Yes,,Not Available,16,8,2,0,2,0,,8,1,0,1,0,,11,3,0,3,0,,15,10,,10,6,
041333,SEVIER COUNTY MEDICAL CENTER,960 HWY 71 N,DE QUEEN,AR,71832,SEVIER,(870) 642-6420,Critical Access Hospitals,Government - Local,Yes,,Not Available,19,Not Available,Not Available,Not Available,Not Available,Not Available,19.0,Not Available,Not Available,Not Available,Not Available,Not Available,19.0,Not Available,Not Available,Not Available,Not Available,Not Available,19.0,Not Available,Not Available,19.0,Not Available,Not Available,19.0
041334,MENA REGIONAL HEALTH SYSTEM,311 North Morrow Street,MENA,AR,71953,POLK,(479) 394-6100,Critical Access Hospitals,Voluntary non-profit - Other,Yes,,Not Available,5,8,Not Available,Not Available,Not Available,Not Available,5.0,8,Not Available,Not Available,Not Available,Not Available,5.0,11,Not Available,Not Available,Not Available,Not Available,5.0,15,Not Available,5.0,10,3,16.0
041335,SOUTHWEST REGIONAL MEDICAL CENTER LLC,2001 SOUTH MAIN,HOPE,AR,71801,HEMPSTEAD,(870) 722-3800,Critical Access Hospitals,Proprietary,Yes,,Not Available,19,Not Available,Not Available,Not Available,Not Available,Not Available,19.0,Not Available,Not Available,Not Available,Not Available,Not Available,19.0,Not Available,Not Available,Not Available,Not Available,Not Available,19.0,Not Available,Not Available,19.0,Not Available,Not Available,19.0
043300,ARKANSAS CHILDREN'S HOSPITAL,"1 CHILDREN'S WAY, SLOT 301",LITTLE ROCK,AR,72202,PULASKI,(501) 364-1100,Childrens,Voluntary non-profit - Private,Yes,,Not Available,19,Not Available,Not Available,Not Available,Not Available,Not Available,19.0,Not Available,Not Available,Not Available,Not Available,Not Available,19.0,Not Available,Not Available,Not Available,Not Available,Not Available,19.0,Not Available,Not Available,19.0,Not Available,Not Available,19.0
043301,"ARKANSAS CHILDREN'S NORTHWEST, INC",2601 GENE GEORGE BOULEVARD,SPRINGDALE,AR,72762,WASHINGTON,(479) 725-6800,Childrens,Voluntary non-profit - Private,Yes,,Not Available,19,Not Available,Not Available,Not Available,Not Available,Not Available,19.0,Not Available,Not Available,Not Available,Not Available,Not Available,19.0,Not Available,Not Available,Not Available,Not Available,Not Available,19.0,Not Available,Not Available,19.0,Not Available,Not Available,19.0
044004,VISTA HEALTH FAYETTEVILLE,4253 CROSSOVER ROAD,FAYETTEVILLE,AR,72703,WASHINGTON,(479) 521-5731,Psychiatric,Proprietary,No,,Not Available,19,Not Available,Not Available,Not Available,Not Available,Not Available,19.0,Not Available,Not Available,Not Available,Not Available,Not Available,19.0,Not Available,Not Available,Not Available,Not Available,Not Available,19.0,Not Available,Not Available,19.0,Not Available,Not Available,19.0
044005,BRIDGEWAY HOSPITAL,21 BRIDGEWAY ROAD,NORTH LITTLE ROCK,AR,72113,PULASKI,(501) 771-1500,Psychiatric,Proprietary,No,,Not Available,19,Not Available,Not Available,Not Available,Not Available,Not Available,19.0,Not Available,Not Available,Not Available,Not Available,Not Available,19.0,Not Available,Not Available,Not Available,Not Available,Not Available,19.0,Not Available,Not Available,19.0,Not Available,Not Available,19.0
044006,VALLEY BEHAVIORAL HEALTH SYSTEM,10301 MAYO DRIVE,BARLING,AR,72923,SEBASTIAN,(479) 494-5700,Psychiatric,Proprietary,No,,Not Available,19,Not Available,Not Available,Not Available,Not Available,Not Available,19.0,Not Available,Not Available,Not Available,Not Available,Not Available,19.0,Not Available,Not Available,Not Available,Not Available,Not Available,19.0,Not Available,Not Available,19.0,Not Available,Not Available,19.0
044007,RIVENDELL BEHAVIORAL HEALTH SERVICES,100 RIVENDELL DRIVE,BENTON,AR,72019,SALINE,(501) 316-1255,Psychiatric,Proprietary,No,,Not Available,19,Not Available,Not Available,Not Available,Not Available,Not Available,19.0,Not Available,Not Available,Not Available,Not Available,Not Available,19.0,Not Available,Not Available,Not Available,Not Available,Not Available,19.0,Not Available,Not Available,19.0,Not Available,Not Available,19.0
044011,ARKANSAS STATE HOSPITAL,305 S PALM STREET,LITTLE ROCK,AR,72205,PULASKI,(501) 686-9000,Psychiatric,Government - State,Yes,,Not Available,19,Not Available,Not Available,Not Available,Not Available,Not Available,19.0,Not Available,Not Available,Not Available,Not Available,Not Available,19.0,Not Available,Not Available,Not Available,Not Available,Not Available,19.0,Not Available,Not Available,19.0,Not Available,Not Available,19.0
044017,UNITED METHODIST BEHAVIORAL HOSPITAL,1601 MURPHY DRIVE,MAUMELLE,AR,72113,PULASKI,(501) 803-3388,Psychiatric,Voluntary non-profit - Private,No,,Not Available,19,Not Available,Not Available,Not Available,Not Available,Not Available,19.0,Not Available,Not Available,Not Available,Not Available,Not Available,19.0,Not Available,Not Available,Not Available,Not Available,Not Available,19.0,Not Available,Not Available,19.0,Not Available,Not Available,19.0
044019,SPRINGWOODS BEHAVIORAL HEALTH SERVICES,1955 WEST TRUCKER'S DRIVE,FAYETTEVILLE,AR,72704,WASHINGTON,(479) 973-6000,Psychiatric,Proprietary,No,,Not Available,19,Not Available,Not Available,Not Available,Not Available,Not Available,19.0,Not Available,Not Available,Not Available,Not Available,Not Available,19.0,Not Available,Not Available,Not Available,Not Available,Not Available,19.0,Not Available,Not Available,19.0,Not Available,Not Available,19.0
044020,RIVERVIEW BEHAVIORAL HEALTH,701 ARKANSAS BOULEVARD SUITE 300,TEXARKANA,AR,71854,MILLER,(870) 772-5028,Psychiatric,Proprietary,No,,Not Available,19,Not Available,Not Available,Not Available,Not Available,Not Available,19.0,Not Available,Not Available,Not Available,Not Available,Not Available,19.0,Not Available,Not Available,Not Available,Not Available,Not Available,19.0,Not Available,Not Available,19.0,Not Available,Not Available,19.0
044021,PERIMETER BEHAVIORAL HOSPITAL OF WEST MEMPHIS,600 NORTH 7TH STREET,WEST MEMPHIS,AR,72301,CRITTENDEN,(870) 394-4113,Psychiatric,Voluntary non-profit - Church,No,,Not Available,19,Not Available,Not Available,Not Available,Not Available,Not Available,19.0,Not Available,Not Available,Not Available,Not Available,Not Available,19.0,Not Available,Not Available,Not Available,Not Available,Not Available,19.0,Not Available,Not Available,19.0,Not Available,Not Available,19.0
044022,CONWAY BEHAVIORAL HEALTH,2255 STURGIS ROAD,CONWAY,AR,72034,FAULKNER,(501) 205-0011,Psychiatric,Proprietary,No,,Not Available,19,Not Available,Not Available,Not Available,Not Available,Not Available,19.0,Not Available,Not Available,Not Available,Not Available,Not Available,19.0,Not Available,Not Available,Not Available,Not Available,Not Available,19.0,Not Available,Not Available,19.0,Not Available,Not Available,19.0
050002,ST ROSE HOSPITAL,27200 CALAROGA AVE,HAYWARD,CA,94545,ALAMEDA,(510) 782-6200,Acute Care Hospitals,Voluntary non-profit - Church,No,,1,,8,6,0,6,0,,8,5,0,5,0,,11,5,0,3,2,,15,15,,10,6,
050006,PROVIDENCE ST JOSEPH HOSPITAL,2700 DOLBEER ST,EUREKA,CA,95501,HUMBOLDT,(707) 445-8121,Acute Care Hospitals,Voluntary non-profit - Private,Yes,Y,4,,8,8,0,8,0,,8,7,1,6,0,,11,11,3,8,0,,15,15,,10,10,
050007,PENINSULA MEDICAL CENTER,1501 TROUSDALE DRIVE,BURLINGAME,CA,94010,SAN MATEO,(650) 696-5400,Acute Care Hospitals,Voluntary non-profit - Private,Yes,Y,5,,8,8,2,6,0,,8,7,2,5,0,,11,11,0,10,1,,15,15,,10,9,
050008,CALIFORNIA PACIFIC MEDICAL CTR-DAVIES CAMPUS HOSP,601 DUBOCE AVENUE,SAN FRANCISCO,CA,94117,SAN FRANCISCO,(415) 600-6000,Acute Care Hospitals,Voluntary non-profit - Other,No,,3,,8,4,0,4,0,,8,6,1,5,0,,11,5,0,4,1,,15,15,,10,6,
050009,PROVIDENCE QUEEN OF THE VALLEY MEDICAL CENTER,1000 TRANCAS ST,NAPA,CA,94558,NAPA,(707) 252-4411,Acute Care Hospitals,Voluntary non-profit - Private,Yes,Y,4,,8,8,0,7,1,,8,6,1,5,0,,11,11,2,9,0,,15,15,,10,10,
050013,ADVENTIST HEALTH ST HELENA,10 WOODLAND ROAD,SAINT HELENA,CA,94574,NAPA,(707) 963-3611,Acute Care Hospitals,Voluntary non-profit - Private,Yes,,4,,8,8,0,8,0,,8,4,0,4,0,,11,10,1,8,1,,15,15,,10,8,
050014,SUTTER AMADOR HOSPITAL,200 MISSION BLVD,JACKSON,CA,95642,AMADOR,(209) 223-7500,Acute Care Hospitals,Voluntary non-profit - Private,Yes,Y,4,,8,5,0,5,0,,8,3,0,3,0,,11,9,1,7,1,,15,15,,10,9,
050017,MERCY GENERAL HOSPITAL,4001 J ST,SACRAMENTO,CA,95819,SACRAMENTO,(916) 453-4453,Acute Care Hospitals,Voluntary non-profit - Private,Yes,Y,3,,8,8,0,8,0,,8,8,2,5,1,,11,9,0,6,3,,15,15,,10,8,
050022,RIVERSIDE COMMUNITY HOSPITAL,4445 MAGNOLIA AVENUE,RIVERSIDE,CA,92501,RIVERSIDE,(951) 788-3000,Acute Care Hospitals,Proprietary,Yes,Y,2,,8,8,1,7,0,,8,7,2,5,0,,11,9,0,5,4,,15,15,,10,7,
050024,PARADISE VALLEY HOSPITAL,2400 EAST 4TH ST,NATIONAL CITY,CA,91950,SAN DIEGO,(619) 470-4321,Acute Care Hospitals,Proprietary,Yes,,3,,8,6,0,6,0,,8,3,1,2,0,,11,4,0,4,0,,15,15,,10,6,
050025,UC SAN DIEGO HEALTH HILLCREST - HILLCREST MED CTR,200 WEST ARBOR DRIVE,SAN DIEGO,CA,92103,SAN DIEGO,(619) 543-6222,Acute Care Hospitals,Voluntary non-profit - Other,Yes,Y,5,,8,8,6,2,0,,8,8,3,5,0,,11,11,1,8,2,,15,15,,10,8,
050026,GROSSMONT HOSPITAL,5555 GROSSMONT CENTER DRIVE BOX 58,LA MESA,CA,91942,SAN DIEGO,(619) 465-0711,Acute Care Hospitals,Government - Hospital District or Authority,Yes,Y,4,,8,8,0,8,0,,8,7,5,2,0,,11,11,0,9,2,,15,15,,10,8,
050028,MAD RIVER COMMUNITY HOSPITAL,3800 JANES RD,ARCATA,CA,95521,HUMBOLDT,(707) 822-3621,Acute Care Hospitals,Proprietary,Yes,Y,1,,8,4,0,4,0,,8,2,0,1,1,,11,7,0,7,0,,15,15,,10,8,
050030,OROVILLE HOSPITAL,2767 OLIVE HIGHWAY,OROVILLE,CA,95966,BUTTE,(530) 533-8500,Acute Care Hospitals,Voluntary non-profit - Private,Yes,,1,,8,7,3,4,0,,8,7,1,6,0,,11,10,0,6,4,,15,10,,10,9,
050036,BAKERSFIELD MEMORIAL HOSPITAL,420 34TH ST,BAKERSFIELD,CA,93301,KERN,(661) 327-1792,Acute Care Hospitals,Voluntary non-profit - Private,Yes,Y,3,,8,8,0,7,1,,8,8,3,5,0,,11,11,0,10,1,,15,15,,10,7,
050038,SANTA CLARA VALLEY MEDICAL CENTER,751 SOUTH BASCOM AVENUE,SAN JOSE,CA,95128,SANTA CLARA,(408) 885-5000,Acute Care Hospitals,Government - Local,Yes,Y,2,,8,8,2,6,0,,8,8,2,5,1,,11,11,0,10,1,,15,15,,10,9,
050039,ENLOE HEALTH,1531 ESPLANADE,CHICO,CA,95926,BUTTE,(530) 332-7300,Acute Care Hospitals,Voluntary non-profit - Private,Yes,Y,3,,8,8,1,7,0,,8,7,4,3,0,,11,11,0,9,2,,15,15,,10,10,
050040,LAC/OLIVE VIEW-UCLA MEDICAL CENTER,14445 OLIVE VIEW DRIVE,SYLMAR,CA,91342,LOS ANGELES,(818) 364-1555,Acute Care Hospitals,Voluntary non-profit - Other,Yes,Y,2,,8,4,0,4,0,,8,7,1,6,0,,11,6,1,5,0,,15,15,,10,7,
050042,ST ELIZABETH COMMUNITY HOSPITAL,2550 SISTER MARY COLUMBA DRIVE,RED BLUFF,CA,96080,TEHAMA,(530) 529-8000,Acute Care Hospitals,Voluntary non-profit - Church,No,Y,4,,8,5,0,5,0,,8,2,0,2,0,,11,8,0,8,0,,15,15,,10,8,
050043,ALTA BATES SUMMIT MEDICAL CENTER,350 HAWTHORNE AVENUE,OAKLAND,CA,94609,ALAMEDA,(510) 655-4000,Acute Care Hospitals,Voluntary non-profit - Private,Yes,,5,,8,8,2,6,0,,8,7,4,3,0,,11,9,3,6,0,,15,15,,10,8,
050045,EL CENTRO REGIONAL MEDICAL CENTER,1415 ROSS AVENUE,EL CENTRO,CA,92243,IMPERIAL,(760) 339-7100,Acute Care Hospitals,Government - Local,Yes,,1,,8,6,0,4,2,,8,4,0,3,1,,11,8,0,6,2,,15,15,,10,7,
050047,CALIFORNIA PACIFIC MEDICAL CENTER- VAN NESS CAMPUS,1101 VAN NESS AVENUE,SAN FRANCISCO,CA,94109,SAN FRANCISCO,(415) 600-6000,Acute Care Hospitals,Voluntary non-profit - Private,Yes,Y,3,,8,8,0,8,0,,8,7,1,6,0,,11,10,0,8,2,,15,15,,10,9,
050054,SAN GORGONIO MEMORIAL HOSPITAL,600 NORTH HIGHLAND SPRINGS AVENUE,BANNING,CA,92220,RIVERSIDE,(951) 769-2101,Acute Care Hospitals,Government - Hospital District or Authority,Yes,Y,3,,8,4,0,4,0,,8,3,1,2,0,,11,3,0,3,0,,15,15,,10,7,
050055,CALIFORNIA PACIFIC MEDICAL CENTER - MISSION BERNAL,3555 CESAR CHAVEZ,SAN FRANCISCO,CA,94110,SAN FRANCISCO,(415) 641-6562,Acute Care Hospitals,Voluntary non-profit - Church,Yes,,4,,8,5,0,5,0,,8,7,1,6,0,,11,6,0,3,3,,15,15,,10,6,
050056,ANTELOPE VALLEY HOSPITAL,1600 W AVE J,LANCASTER,CA,93534,LOS ANGELES,(661) 949-5500,Acute Care Hospitals,Government - Hospital District or Authority,Yes,Y,1,,8,7,0,6,1,,8,7,1,6,0,,11,7,0,5,2,,15,15,,10,7,
050057,KAWEAH HEALTH MEDICAL CENTER,400 W MINERAL KING AVE,VISALIA,CA,93291,TULARE,(559) 624-2000,Acute Care Hospitals,Government - Hospital District or Authority,Yes,Y,3,,8,8,0,5,3,,8,7,2,5,0,,11,11,2,7,2,,15,15,,10,10,
050058,GLENDALE MEM HOSPITAL & HLTH CENTER,1420 S CENTRAL AVE,GLENDALE,CA,91204,LOS ANGELES,(818) 502-1900,Acute Care Hospitals,Voluntary non-profit - Private,Yes,Y,4,,8,7,1,6,0,,8,7,1,6,0,,11,8,1,6,1,,15,15,,10,7,
050060,COMMUNITY REGIONAL MEDICAL CENTER,2823 FRESNO STREET,FRESNO,CA,93721,FRESNO,(559) 459-6000,Acute Care Hospitals,Voluntary non-profit - Private,Yes,Y,1,,8,8,0,7,1,,8,7,0,7,0,,11,10,0,7,3,,15,15,,10,8,
050063,HOLLYWOOD PRESBYTERIAN MEDICAL CENTER,1300 N VERMONT AVE,LOS ANGELES,CA,90027,LOS ANGELES,(213) 413-3000,Acute Care Hospitals,Proprietary,Yes,Y,3,,8,7,1,6,0,,8,7,3,4,0,,11,8,1,5,2,,15,15,,10,7,
050067,OAK VALLEY HOSPITAL DISTRICT,350 S OAK AVE,OAKDALE,CA,95361,STANISLAUS,(209) 847-3011,Acute Care Hospitals,Government - Hospital District or Authority,Yes,,1,,8,3,0,3,0,,8,1,0,1,0,,11,4,0,2,2,,15,5,,10,6,
050069,PROVIDENCE ST. JOSEPH HOSPITAL,1100 WEST STEWART DR,ORANGE,CA,92868,ORANGE,(714) 633-9111,Acute Care Hospitals,Voluntary non-profit - Church,Yes,Y,4,,8,8,1,7,0,,8,8,1,7,0,,11,11,0,10,1,,15,15,,10,9,
050070,KAISER FOUNDATION HOSPITAL - SOUTH SAN FRANCISCO,1200 EL CAMINO REAL,SOUTH SAN FRANCISCO,CA,94080,SAN MATEO,(650) 742-3200,Acute Care Hospitals,Voluntary non-profit - Private,Yes,,4,,8,1,0,1,0,,8,6,1,5,0,,11,1,0,1,0,,15,15,,10,3,
050071,KAISER FOUNDATION HOSPITAL-SANTA CLARA,700 LAWRENCE EXPRESSWAY,SANTA CLARA,CA,95051,SANTA CLARA,(408) 236-6400,Acute Care Hospitals,Voluntary non-profit - Private,Yes,Y,2,,8,3,0,3,0,,8,6,2,4,0,,11,2,0,1,1,,15,15,,10,4,
050072,KAISER FOUNDATION HOSPITAL - WALNUT CREEK,1425 S MAIN STREET,WALNUT CREEK,CA,94596,CONTRA COSTA,(925) 295-4000,Acute Care Hospitals,Voluntary non-profit - Private,Yes,Y,3,,8,1,0,1,0,,8,6,2,4,0,,11,1,0,1,0,,15,15,,10,4,
050073,KAISER FOUNDATION HOSPITAL AND REHAB CENTER,975 SERENO DR,VALLEJO,CA,94589,SOLANO,(707) 651-1000,Acute Care Hospitals,Voluntary non-profit - Private,No,Y,2,,8,3,0,3,0,,8,6,1,5,0,,11,2,0,2,0,,15,15,,10,4,
050075,KAISER FOUNDATION HOSPITAL - OAKLAND/RICHMOND,275 WEST MACARTHUR BOULEVARD,OAKLAND,CA,94611,ALAMEDA,(510) 752-1000,Acute Care Hospitals,Voluntary non-profit - Private,Yes,Y,2,,8,6,0,6,0,,8,6,2,4,0,,11,4,0,2,2,,15,15,,10,4,
050076,KAISER FOUNDATION HOSPITAL - SAN FRANCISCO,2425 GEARY BLVD,SAN FRANCISCO,CA,94115,SAN FRANCISCO,(415) 833-2646,Acute Care Hospitals,Voluntary non-profit - Private,Yes,Y,4,,8,1,0,1,0,,8,7,2,5,0,,11,1,0,1,0,,15,15,,10,4,
050077,SCRIPPS MERCY HOSPITAL,4077 5TH AVE,SAN DIEGO,CA,92103,SAN DIEGO,(619) 294-8111,Acute Care Hospitals,Voluntary non-profit - Private,Yes,Y,4,,8,8,2,5,1,,8,7,1,6,0,,11,11,1,8,2,,15,15,,10,9,
050078,PROVIDENCE LITTLE CO OF MARY MED CTR SAN PEDRO,1300 W 7TH ST,SAN PEDRO,CA,90732,LOS ANGELES,(310) 832-3311,Acute Care Hospitals,Voluntary non-profit - Private,No,,4,,8,5,0,5,0,,8,3,1,2,0,,11,6,0,6,0,,15,15,,10,7,
050082,ST JOHNS REGIONAL MEDICAL CENTER,1600 N ROSE AVE,OXNARD,CA,93030,VENTURA,(805) 988-2500,Acute Care Hospitals,Voluntary non-profit - Private,Yes,Y,4,,8,8,2,6,0,,8,7,2,5,0,,11,11,1,9,1,,15,15,,10,9,
050084,ST JOSEPH'S MEDICAL CENTER OF STOCKTON,1800 N CALIFORNIA ST,STOCKTON,CA,95204,SAN JOAQUIN,(209) 943-2000,Acute Care Hospitals,Voluntary non-profit - Private,Yes,Y,3,,8,8,0,8,0,,8,6,2,4,0,,11,8,0,6,2,,15,15,,10,9,
050089,COMMUNITY HOSPITAL OF SAN BERNARDINO,1805 MEDICAL CENTER DRIVE,SAN BERNARDINO,CA,92411,SAN BERNARDINO,(909) 887-6333,Acute Care Hospitals,Voluntary non-profit - Private,Yes,Y,3,,8,3,0,3,0,,8,6,1,5,0,,11,3,0,2,1,,15,15,,10,7,
050090,SONOMA VALLEY HOSPITAL,347 ANDRIEUX ST,SONOMA,CA,95476,SONOMA,(707) 935-5000,Acute Care Hospitals,Government - Hospital District or Authority,Yes,,2,,8,5,0,5,0,,8,2,0,2,0,,11,6,0,6,0,,15,15,,10,9,
050091,COMMUNITY HOSPITAL OF HUNTINGTON PARK,2623 E SLAUSON AVE,HUNTINGTON PARK,CA,90255,LOS ANGELES,(323) 583-1931,Acute Care Hospitals,Proprietary,Yes,,1,,8,3,0,3,0,,8,2,0,2,0,,11,4,0,2,2,,15,10,,10,6,
050093,SAINT AGNES MEDICAL CENTER,1303 E HERNDON AVE,FRESNO,CA,93720,FRESNO,(559) 450-3000,Acute Care Hospitals,Voluntary non-profit - Church,Yes,Y,2,,8,8,0,8,0,,8,8,2,6,0,,11,9,0,6,3,,15,15,,10,9,
050099,SAN ANTONIO REGIONAL HOSPITAL,999 SAN BERNARDINO ROAD,UPLAND,CA,91786,SAN BERNARDINO,(909) 985-2811,Acute Care Hospitals,Voluntary non-profit - Other,Yes,Y,3,,8,8,0,8,0,,8,7,3,4,0,,11,8,0,6,2,,15,15,,10,9,
050100,SHARP MEMORIAL HOSPITAL,7901 FROST ST,SAN DIEGO,CA,92123,SAN DIEGO,(858) 939-3400,Acute Care Hospitals,Voluntary non-profit - Private,Yes,Y,4,,8,8,2,6,0,,8,8,2,6,0,,11,11,0,9,2,,15,15,,10,8,
050101,SUTTER SOLANO MEDICAL CENTER,300 HOSPITAL DR,VALLEJO,CA,94589,SOLANO,(707) 554-5280,Acute Care Hospitals,Voluntary non-profit - Private,Yes,,3,,8,7,0,7,0,,8,6,1,5,0,,11,9,0,8,1,,15,15,,10,8,
050102,PARKVIEW COMMUNITY HOSPITAL MEDICAL CENTER,3865 JACKSON STREET,RIVERSIDE,CA,92503,RIVERSIDE,(951) 688-2211,Acute Care Hospitals,Proprietary,Yes,Y,3,,8,4,0,4,0,,8,4,1,3,0,,11,5,0,4,1,,15,15,,10,6,
050103,ADVENTIST HEALTH WHITE MEMORIAL,1720 CESAR E CHAVEZ AVENUE,LOS ANGELES,CA,90033,LOS ANGELES,(323) 268-5000,Acute Care Hospitals,Voluntary non-profit - Church,No,Y,3,,8,7,0,7,0,,8,7,1,6,0,,11,7,1,5,1,,15,15,,10,7,
050104,SAINT FRANCIS MEDICAL CENTER,3630 EAST IMPERIAL HIGHWAY,LYNWOOD,CA,90262,LOS ANGELES,(310) 900-8900,Acute Care Hospitals,Voluntary non-profit - Church,No,Y,3,,8,7,0,7,0,,8,6,3,3,0,,11,5,1,4,0,,15,15,,10,7,
050107,MARIAN REGIONAL MEDICAL CENTER,1400 E CHURCH ST,SANTA MARIA,CA,93454,SANTA BARBARA,(805) 739-3100,Acute Care Hospitals,Voluntary non-profit - Church,Yes,Y,3,,8,8,0,7,1,,8,7,2,5,0,,11,11,1,8,2,,15,15,,10,9,
050108,"SUTTER MEDICAL CENTER, SACRAMENTO",2825 CAPITOL AVENUE,SACRAMENTO,CA,95816,SACRAMENTO,(916) 454-2222,Acute Care Hospitals,Voluntary non-profit - Private,Yes,Y,4,,8,8,0,8,0,,8,8,3,5,0,,11,11,0,9,2,,15,15,,10,7,
050110,LOMPOC VALLEY MEDICAL CENTER,1515 E OCEAN AVENUE,LOMPOC,CA,93436,SANTA BARBARA,(805) 737-3300,Acute Care Hospitals,Government - Hospital District or Authority,Yes,,1,,8,5,0,3,2,,8,4,0,4,0,,11,9,0,7,2,,15,15,,10,9,
050112,SANTA MONICA - UCLA MED CTR & ORTHOPAEDIC HOSPITAL,1250 16TH STREET,SANTA MONICA,CA,90404,LOS ANGELES,(310) 319-4000,Acute Care Hospitals,Voluntary non-profit - Private,Yes,Y,5,,8,7,3,4,0,,8,7,1,6,0,,11,10,1,7,2,,15,15,,10,9,
050113,SAN MATEO MEDICAL CENTER,222 W 39TH AVE,SAN MATEO,CA,94403,SAN MATEO,(650) 573-2222,Acute Care Hospitals,Government - Local,Yes,,Not Available,16,8,2,0,2,0,,8,2,0,2,0,,11,3,0,3,0,,15,15,,10,5,
050115,PALOMAR HEALTH DOWNTOWN CAMPUS,555 EAST VALLEY PARKWAY,ESCONDIDO,CA,92025,SAN DIEGO,(760) 739-3000,Acute Care Hospitals,Government - Hospital District or Authority,Yes,,3,,8,8,0,8,0,,8,7,2,5,0,,11,11,2,8,1,,15,15,,10,9,
050116,NORTHRIDGE HOSPITAL MEDICAL CENTER,18300 ROSCOE BLVD,NORTHRIDGE,CA,91325,LOS ANGELES,(818) 885-8500,Acute Care Hospitals,Voluntary non-profit - Private,Yes,Y,4,,8,8,1,7,0,,8,7,3,4,0,,11,10,0,8,2,,15,15,,10,6,
050118,DOCTORS HOSPITAL OF MANTECA,1205 E NORTH STREET,MANTECA,CA,95336,SAN JOAQUIN,(209) 823-3111,Acute Care Hospitals,Voluntary non-profit - Other,Yes,,2,,8,5,0,5,0,,8,2,0,2,0,,11,6,0,4,2,,15,15,,10,9,
050121,ADVENTIST HEALTH HANFORD,115 MALL DRIVE,HANFORD,CA,93230,KINGS,(559) 582-9000,Acute Care Hospitals,Voluntary non-profit - Church,Yes,Y,3,,8,7,0,7,0,,8,7,2,5,0,,11,7,0,5,2,,15,15,,10,8,
050122,DAMERON HOSPITAL,525 WEST ACACIA STREET,STOCKTON,CA,95203,SAN JOAQUIN,(209) 944-5550,Acute Care Hospitals,Voluntary non-profit - Other,Yes,,2,,8,6,0,6,0,,8,5,1,4,0,,11,8,0,8,0,,15,15,,10,8,
050124,USC VERDUGO HILLS HOSPITAL,1812 VERDUGO BLVD,GLENDALE,CA,91208,LOS ANGELES,(818) 790-7100,Acute Care Hospitals,Voluntary non-profit - Private,Yes,Y,4,,8,7,2,5,0,,8,7,1,6,0,,11,7,1,4,2,,15,15,,10,8,
050125,REGIONAL MEDICAL CENTER OF SAN JOSE,225 N JACKSON AVENUE,SAN JOSE,CA,95116,SANTA CLARA,(408) 259-5000,Acute Care Hospitals,Government - Federal,Yes,,3,,8,7,2,5,0,,8,7,1,6,0,,11,8,0,5,3,,15,15,,10,7,
050126,VALLEY PRESBYTERIAN HOSPITAL,15107 VANOWEN ST,VAN NUYS,CA,91405,LOS ANGELES,(818) 782-6600,Acute Care Hospitals,Voluntary non-profit - Other,Yes,Y,1,,8,7,1,6,0,,8,7,1,6,0,,11,8,0,6,2,,15,15,,10,7,
050127,WOODLAND MEMORIAL HOSPITAL,1325 COTTONWOOD STREET,WOODLAND,CA,95695,YOLO,(530) 662-3961,Acute Care Hospitals,Voluntary non-profit - Other,Yes,Y,5,,8,5,0,5,0,,8,5,0,5,0,,11,8,1,7,0,,15,15,,10,9,
050128,TRI-CITY MEDICAL CENTER,4002 VISTA WAY,OCEANSIDE,CA,92056,SAN DIEGO,(760) 724-8411,Acute Care Hospitals,Government - Hospital District or Authority,Yes,,1,,8,7,0,7,0,,8,7,1,6,0,,11,10,1,8,1,,15,15,,10,6,
050129,ST BERNARDINE MEDICAL CENTER,2101 N WATERMAN AVE,SAN BERNARDINO,CA,92404,SAN BERNARDINO,(909) 883-8711,Acute Care Hospitals,Voluntary non-profit - Private,Yes,Y,2,,8,8,0,8,0,,8,7,3,4,0,,11,8,0,7,1,,15,15,,10,7,
050131,NOVATO COMMUNITY HOSPITAL,180 ROWLAND WAY,NOVATO,CA,94945,MARIN,(415) 209-1300,Acute Care Hospitals,Voluntary non-profit - Private,Yes,,5,,8,5,0,5,0,,8,3,0,3,0,,11,7,0,7,0,,15,15,,10,7,
050132,SAN GABRIEL VALLEY MEDICAL CENTER,438 W LAS TUNAS DRIVE,SAN GABRIEL,CA,91776,LOS ANGELES,(626) 289-5454,Acute Care Hospitals,Proprietary,Yes,Y,4,,8,6,1,5,0,,8,7,2,5,0,,11,5,0,4,1,,15,15,,10,6,
050133,ADVENTIST HEALTH AND RIDEOUT,726 4TH ST,MARYSVILLE,CA,95901,YUBA,(530) 749-4300,Acute Care Hospitals,Government - Federal,Yes,Y,2,,8,8,0,6,2,,8,7,1,6,0,,11,10,1,6,3,,15,15,,10,10,
050135,SOUTHERN CALIFORNIA HOSPITAL AT HOLLYWOOD,6245 DE LONGPRE AVE,HOLLYWOOD,CA,90028,LOS ANGELES,(323) 462-2271,Acute Care Hospitals,Proprietary,Yes,,3,,8,7,4,3,0,,8,5,2,3,0,,11,6,0,4,2,,15,10,,10,6,
050136,PETALUMA VALLEY HOSPITAL,400 N MCDOWELL BLVD,PETALUMA,CA,94954,SONOMA,(707) 778-1111,Acute Care Hospitals,Voluntary non-profit - Other,No,Y,4,,8,5,0,5,0,,8,3,0,3,0,,11,7,0,6,1,,15,15,,10,8,
050137,KAISER FOUNDATION HOSPITAL - PANORAMA CITY,13652 CANTARA ST,PANORAMA CITY,CA,91402,LOS ANGELES,(818) 375-2000,Acute Care Hospitals,Voluntary non-profit - Private,No,Y,4,,8,1,0,1,0,,8,6,1,5,0,,11,1,0,1,0,,15,15,,10,4,
050138,KAISER FOUNDATION HOSPITAL - LOS ANGELES,4867 SUNSET BLVD,LOS ANGELES,CA,90027,LOS ANGELES,(323) 783-4011,Acute Care Hospitals,Voluntary non-profit - Other,No,Y,5,,8,4,0,4,0,,8,6,3,3,0,,11,3,1,1,1,,15,15,,10,4,
050139,KAISER FOUNDATION HOSPITAL - DOWNEY,9333 IMPERIAL HIGHWAY,DOWNEY,CA,90242,LOS ANGELES,(562) 461-6007,Acute Care Hospitals,Voluntary non-profit - Other,No,Y,4,,8,1,0,1,0,,8,7,1,6,0,,11,1,0,1,0,,15,15,,10,4,
050140,KAISER FOUNDATION HOSPITAL FONTANA/ONTARIO,9961 SIERRA AVE,FONTANA,CA,92335,SAN BERNARDINO,(909) 427-5000,Acute Care Hospitals,Voluntary non-profit - Private,Yes,Y,3,,8,2,0,2,0,,8,7,3,3,1,,11,3,0,2,1,,15,15,,10,4,
050145,COMMUNITY HOSPITAL OF THE MONTEREY PENINSULA,23625 W R HOLMAN HIGHWAY,MONTEREY,CA,93940,MONTEREY,(831) 624-5311,Acute Care Hospitals,Voluntary non-profit - Private,Yes,Y,4,,8,8,2,6,0,,8,7,1,5,1,,11,11,0,11,0,,15,15,,10,10,
050149,CALIFORNIA HOSPITAL MEDICAL CENTER LA,1401 SOUTH GRAND AVENUE,LOS ANGELES,CA,90015,LOS ANGELES,(213) 748-2411,Acute Care Hospitals,Voluntary non-profit - Other,Yes,Y,2,,8,4,0,4,0,,8,8,2,4,2,,11,6,0,5,1,,15,15,,10,7,
050150,SIERRA NEVADA MEMORIAL HOSPITAL,155 GLASSON WAY,GRASS VALLEY,CA,95945,NEVADA,(530) 274-6000,Acute Care Hospitals,Voluntary non-profit - Other,Yes,Y,3,,8,6,1,5,0,,8,5,1,3,1,,11,9,1,8,0,,15,15,,10,9,
050152,UCSF HEALTH SAINT FRANCIS HOSPITAL,900 HYDE ST,SAN FRANCISCO,CA,94109,SAN FRANCISCO,(415) 353-6000,Acute Care Hospitals,Voluntary non-profit - Private,Yes,,3,,8,5,0,5,0,,8,5,1,4,0,,11,7,0,5,2,,15,15,,10,8,
050158,ENCINO HOSPITAL MEDICAL CENTER,16237 VENTURA BLVD,ENCINO,CA,91436,LOS ANGELES,(818) 995-5000,Acute Care Hospitals,Proprietary,No,,3,,8,3,1,2,0,,8,3,1,2,0,,11,4,0,4,0,,15,10,,10,6,
050159,VENTURA COUNTY MEDICAL CENTER,300 HILLMONT AVENUE,VENTURA,CA,93003,VENTURA,(805) 652-6075,Acute Care Hospitals,Government - Local,Yes,Y,2,,8,6,0,6,0,,8,7,0,7,0,,11,9,0,7,2,,15,15,,10,8,
05015F,60th Medical Group (Travis AFB),101 Bodin Cir Bldg 777,Travis AFB,CA,94535,SOLANO,(707) 423-7300,Acute Care - Department of Defense,Department of Defense,Yes,,Not Available,22,Not Available,Not Available,Not Available,Not Available,Not Available,22.0,Not Available,Not Available,Not Available,Not Available,Not Available,22.0,Not Available,Not Available,Not Available,Not Available,Not Available,22.0,Not Available,Not Available,22.0,Not Available,Not Available,22.0
050167,SAN JOAQUIN GENERAL HOSPITAL,500 W HOSPITAL ROAD,FRENCH CAMP,CA,95231,SAN JOAQUIN,(209) 468-6000,Acute Care Hospitals,Government - Local,Yes,Y,2,,8,6,0,6,0,,8,6,3,2,1,,11,6,0,5,1,,15,15,,10,8,
050168,PROVIDENCE ST. JUDE MEDICAL CENTER,101 E VALENCIA MESA DRIVE,FULLERTON,CA,92835,ORANGE,(714) 992-3000,Acute Care Hospitals,Voluntary non-profit - Church,Yes,Y,4,,8,8,0,8,0,,8,8,4,4,0,,11,11,1,9,1,,15,15,,10,10,
050169,PIH HEALTH HOSPITAL-WHITTIER,12401 WASHINGTON BLVD,WHITTIER,CA,90602,LOS ANGELES,(562) 698-0811,Acute Care Hospitals,Voluntary non-profit - Private,Yes,Y,4,,8,8,0,8,0,,8,8,3,5,0,,11,11,0,9,2,,15,15,,10,8,
050174,PROVIDENCE SANTA ROSA MEMORIAL HOSPITAL,1165 MONTGOMERY DR,SANTA ROSA,CA,95405,SONOMA,(707) 525-5300,Acute Care Hospitals,Voluntary non-profit - Private,Yes,Y,3,,8,8,0,8,0,,8,7,1,6,0,,11,11,1,9,1,,15,15,,10,10,
050179,EMANUEL MEDICAL CENTER,825 DELBON AVE,TURLOCK,CA,95382,STANISLAUS,(209) 667-4200,Acute Care Hospitals,Proprietary,Yes,Y,2,,8,7,0,7,0,,8,6,1,5,0,,11,10,0,7,3,,15,15,,10,9,
050180,JOHN MUIR MEDICAL CENTER - WALNUT CREEK CAMPUS,1601 YGNACIO VALLEY RD,WALNUT CREEK,CA,94598,CONTRA COSTA,(925) 939-3000,Acute Care Hospitals,Voluntary non-profit - Other,Yes,Y,2,,8,7,3,2,2,,8,8,2,5,1,,11,10,3,5,2,,15,15,,10,8,
050191,ST MARY MEDICAL CENTER,1050 LINDEN AVE,LONG BEACH,CA,90813,LOS ANGELES,(562) 491-9000,Acute Care Hospitals,Voluntary non-profit - Church,Yes,Y,5,,8,7,0,7,0,,8,6,2,4,0,,11,6,2,3,1,,15,15,,10,7,
050192,ADVENTIST HEALTH REEDLEY,372 W CYPRESS AVE,REEDLEY,CA,93654,FRESNO,(559) 638-8155,Acute Care Hospitals,Voluntary non-profit - Private,No,Y,Not Available,16,8,2,0,2,0,,8,1,0,1,0,,11,2,0,2,0,,15,10,,10,6,
050194,WATSONVILLE COMMUNITY HOSPITAL,75 NIELSON STREET,WATSONVILLE,CA,95076,SANTA CRUZ,(831) 724-4741,Acute Care Hospitals,Proprietary,Yes,Y,2,,8,5,0,5,0,,8,2,0,2,0,,11,6,0,4,2,,15,15,,10,9,
050195,WASHINGTON HOSPITAL,2000 MOWRY AVE,FREMONT,CA,94538,ALAMEDA,(510) 797-1111,Acute Care Hospitals,Government - Hospital District or Authority,Yes,Y,2,,8,8,0,8,0,,8,7,2,5,0,,11,11,1,6,4,,15,15,,10,8,
050197,SEQUOIA HOSPITAL,170 ALAMEDA DE LAS PULGAS,REDWOOD CITY,CA,94062,SAN MATEO,(650) 369-5811,Acute Care Hospitals,Voluntary non-profit - Private,Yes,Y,5,,8,8,2,6,0,,8,5,1,4,0,,11,9,3,6,0,,15,15,,10,7,
050204,PALMDALE REGIONAL MEDICAL CENTER,38600 MEDICAL CENTER DRIVE,PALMDALE,CA,93552,LOS ANGELES,(661) 382-5000,Acute Care Hospitals,Proprietary,Yes,,3,,8,7,0,7,0,,8,7,2,5,0,,11,7,1,5,1,,15,15,,10,6,
05020F,NH Camp Pendleton,200 Mercy Cir,Camp Pendleton,CA,92055,SAN DIEGO,(760) 725-1288,Acute Care - Department of Defense,Department of Defense,Yes,,Not Available,22,Not Available,Not Available,Not Available,Not Available,Not Available,22.0,Not Available,Not Available,Not Available,Not Available,Not Available,22.0,Not Available,Not Available,Not Available,Not Available,Not Available,22.0,Not Available,Not Available,22.0,Not Available,Not Available,22.0
050211,ALAMEDA HOSPITAL,2070 CLINTON AVENUE,ALAMEDA,CA,94501,ALAMEDA,(510) 522-3700,Acute Care Hospitals,Government - Hospital District or Authority,Yes,,4,,8,5,0,5,0,,8,3,0,3,0,,11,4,0,4,0,,15,15,,10,7,
050222,SHARP CHULA VISTA MEDICAL CENTER,751 MEDICAL CENTER COURT,CHULA VISTA,CA,91911,SAN DIEGO,(619) 502-5800,Acute Care Hospitals,Proprietary,Yes,Y,4,,8,8,1,7,0,,8,6,1,5,0,,11,10,0,9,1,,15,15,,10,8,
050224,HOAG MEMORIAL HOSPITAL PRESBYTERIAN,ONE HOAG DRIVE,NEWPORT BEACH,CA,92663,ORANGE,(949) 764-4624,Acute Care Hospitals,Voluntary non-profit - Private,Yes,Y,5,,8,8,1,7,0,,8,7,4,3,0,,11,10,1,9,0,,15,15,,10,10,
050226,AHMC ANAHEIM REGIONAL MEDICAL CENTER,1111 W LA PALMA AVENUE,ANAHEIM,CA,92801,ORANGE,(714) 774-1450,Acute Care Hospitals,Voluntary non-profit - Private,Yes,Y,4,,8,8,1,7,0,,8,5,1,4,0,,11,8,0,6,2,,15,15,,10,7,
050228,ZUCKERBERG SAN FRANCISCO GENERAL HOSP & TRAUMA CTR,1001 POTRERO AVENUE,SAN FRANCISCO,CA,94110,SAN FRANCISCO,(415) 206-8000,Acute Care Hospitals,Government - Local,Yes,Y,2,,8,7,1,6,0,,8,7,1,5,1,,11,9,0,7,2,,15,15,,10,8,
05022F,NMC San Diego,34800 Bob Wilson Dr,San Diego,CA,92134,SAN DIEGO,(619) 532-6400,Acute Care - Department of Defense,Department of Defense,Yes,,Not Available,22,Not Available,Not Available,Not Available,Not Available,Not Available,22.0,Not Available,Not Available,Not Available,Not Available,Not Available,22.0,Not Available,Not Available,Not Available,Not Available,Not Available,22.0,Not Available,Not Available,22.0,Not Available,Not Available,22.0
050230,GARDEN GROVE HOSPITAL & MEDICAL CENTER,12601 GARDEN GROVE BLVD,GARDEN GROVE,CA,92843,ORANGE,(714) 537-5160,Acute Care Hospitals,Proprietary,Yes,,2,,8,4,0,4,0,,8,3,0,3,0,,11,5,1,3,1,,15,10,,10,7,
050231,POMONA VALLEY HOSPITAL MEDICAL CENTER,1798 N GAREY AVE,POMONA,CA,91767,LOS ANGELES,(909) 865-9500,Acute Care Hospitals,Voluntary non-profit - Private,Yes,Y,3,,8,8,1,7,0,,8,7,4,3,0,,11,11,2,9,0,,15,15,,10,8,
050232,FRENCH HOSPITAL MEDICAL CENTER,1911 JOHNSON AVE,SAN LUIS OBISPO,CA,93401,SAN LUIS OBISPO,(805) 543-5353,Acute Care Hospitals,Voluntary non-profit - Private,Yes,Y,5,,8,8,0,8,0,,8,6,1,5,0,,11,9,2,7,0,,15,15,,10,9,
050234,SHARP CORONADO HOSPITAL AND HLTHCR CTR,250 PROSPECT PLACE,CORONADO,CA,92118,SAN DIEGO,(619) 435-6251,Acute Care Hospitals,Proprietary,Yes,,4,,8,5,0,5,0,,8,4,0,4,0,,11,7,2,4,1,,15,15,,10,7,
050235,PROVIDENCE SAINT JOSEPH MEDICAL CTR,501 SOUTH BUENA VISTA STREET,BURBANK,CA,91505,LOS ANGELES,(818) 843-5111,Acute Care Hospitals,Voluntary non-profit - Church,Yes,Y,3,,8,8,3,5,0,,8,8,1,7,0,,11,11,0,8,3,,15,15,,10,7,
050236,ADVENTIST HEALTH SIMI VALLEY,2975 N SYCAMORE DR,SIMI VALLEY,CA,93065,VENTURA,(805) 955-6000,Acute Care Hospitals,Voluntary non-profit - Private,Yes,,2,,8,7,0,7,0,,8,7,1,6,0,,11,8,0,5,3,,15,15,,10,8,
050238,USC ARCADIA HOSPITAL,300 W HUNTINGTON DR,ARCADIA,CA,91007,LOS ANGELES,(626) 898-8000,Acute Care Hospitals,Voluntary non-profit - Private,Yes,Y,3,,8,8,2,6,0,,8,7,1,6,0,,11,8,1,5,2,,15,15,,10,7,
050239,GLENDALE ADVENTIST MEDICAL CENTER,1509 E WILSON TERRACE,GLENDALE,CA,91206,LOS ANGELES,(818) 409-8202,Acute Care Hospitals,Voluntary non-profit - Private,Yes,Y,4,,8,8,3,5,0,,8,7,3,4,0,,11,9,0,6,3,,15,15,,10,9,
050242,DOMINICAN HOSPITAL,1555 SOQUEL DRIVE,SANTA CRUZ,CA,95065,SANTA CRUZ,(831) 462-7700,Acute Care Hospitals,Voluntary non-profit - Private,Yes,Y,4,,8,8,1,7,0,,8,7,2,5,0,,11,11,1,8,2,,15,15,,10,8,
050243,DESERT REGIONAL MEDICAL CENTER,1150 NORTH INDIAN CANYON DRIVE,PALM SPRINGS,CA,92262,RIVERSIDE,(760) 323-6511,Acute Care Hospitals,Proprietary,Yes,Y,2,,8,8,0,8,0,,8,6,1,5,0,,11,9,0,7,2,,15,15,,10,8,
050245,ARROWHEAD REGIONAL MEDICAL CENTER,400 NORTH PEPPER AVENUE,COLTON,CA,92324,SAN BERNARDINO,(909) 580-1000,Acute Care Hospitals,Government - Local,Yes,Y,2,23,8,6,0,6,0,,8,6,2,4,0,23.0,11,7,0,6,1,,15,15,,10,8,
050248,NATIVIDAD MEDICAL CENTER,1441 CONSTITUTION BOULEVARD,SALINAS,CA,93906,MONTEREY,(831) 755-4111,Acute Care Hospitals,Government - Local,Yes,Y,3,,8,6,0,6,0,,8,6,1,5,0,,11,6,0,6,0,,15,15,,10,9,
050254,MARSHALL MEDICAL CENTER,1100 MARSHALL WAY,PLACERVILLE,CA,95667,EL DORADO,(530) 622-1441,Acute Care Hospitals,Voluntary non-profit - Private,Yes,Y,4,,8,7,0,7,0,,8,4,0,4,0,,11,9,1,8,0,,15,15,,10,10,
050257,"GOOD SAMARITAN HOSPITAL, LP",901 OLIVE DRIVE,BAKERSFIELD,CA,93308,KERN,(661) 215-7500,Acute Care Hospitals,Proprietary,No,,Not Available,16,8,2,0,2,0,,8,2,0,2,0,,11,2,1,1,0,,15,Not Available,5.0,10,2,
05025F,FRESNO VA MEDICAL CENTER (VA CENTRAL CALIFORNIA HEALTHCARE SYSTEM),2615 E. CLINTON AVENUE,FRESNO,CA,93703,FRESNO,(559) 228-5338,Acute Care - Veterans Administration,Veterans Health Administration,Yes,,5,,8,4,0,4,0,,8,3,0,3,0,,11,6,0,6,0,,15,10,,10,4,
050261,SIERRA VIEW MEDICAL CENTER,465 W PUTNAM AVE,PORTERVILLE,CA,93257,TULARE,(559) 784-1110,Acute Care Hospitals,Voluntary non-profit - Private,Yes,Y,3,,8,6,0,5,1,,8,5,1,4,0,,11,10,0,10,0,,15,15,,10,7,
050262,RONALD REAGAN UCLA MEDICAL CENTER,757 WESTWOOD PLAZA,LOS ANGELES,CA,90095,LOS ANGELES,(310) 825-6301,Acute Care Hospitals,Government - State,Yes,Y,4,,8,8,3,5,0,,8,7,1,6,0,,11,10,1,8,1,,15,15,,10,8,
050272,REDLANDS COMMUNITY HOSPITAL,350 TERRACINA BLVD,REDLANDS,CA,92373,SAN BERNARDINO,(909) 335-5500,Acute Care Hospitals,Voluntary non-profit - Private,Yes,Y,2,,8,5,0,4,1,,8,7,0,7,0,,11,9,1,7,1,,15,15,,10,7,
050276,CONTRA COSTA REGIONAL MEDICAL CENTER,2500 ALHAMBRA AVENUE,MARTINEZ,CA,94553,CONTRA COSTA,(925) 370-5000,Acute Care Hospitals,Government - Local,Yes,Y,4,,8,5,0,5,0,,8,5,1,4,0,,11,6,1,4,1,,15,15,,10,8,
050278,PROVIDENCE HOLY CROSS MEDICAL CENTER,15031 RINALDI ST,MISSION HILLS,CA,91346,LOS ANGELES,(818) 365-8051,Acute Care Hospitals,Voluntary non-profit - Church,Yes,Y,4,,8,7,1,6,0,,8,8,1,7,0,,11,10,1,7,2,,15,15,,10,8,
050279,HI-DESERT MEDICAL CENTER,6601 WHITE FEATHER ROAD,JOSHUA TREE,CA,92252,SAN BERNARDINO,(760) 366-3711,Acute Care Hospitals,Government - Hospital District or Authority,Yes,Y,2,,8,3,0,3,0,,8,2,0,2,0,,11,3,1,1,1,,15,15,,10,7,
05027F,VA LONG BEACH HEALTHCARE SYSTEM,5901 E. SEVENTH STREET,LONG BEACH,CA,90822,LOS ANGELES,(562) 826-8000,Acute Care - Veterans Administration,Veterans Health Administration,Yes,,4,,8,5,2,3,0,,8,4,1,3,0,,11,5,0,3,2,,15,10,,10,5,
050280,MERCY MEDICAL CENTER REDDING,"2175 ROSALINE AVE, CLAIRMONT HGTS",REDDING,CA,96001,SHASTA,(530) 225-6102,Acute Care Hospitals,Voluntary non-profit - Private,Yes,Y,2,,8,8,0,8,0,,8,7,3,4,0,,11,11,1,9,1,,15,15,,10,8,
050281,ALHAMBRA HOSPITAL MEDICAL CENTER,100 S RAYMOND AVE,ALHAMBRA,CA,91801,LOS ANGELES,(626) 570-1606,Acute Care Hospitals,Proprietary,No,,4,,8,4,1,3,0,,8,4,1,3,0,,11,3,0,2,1,,15,15,,10,6,
050283,STANFORD HEALTH CARE TRI-VALLEY,5555 WEST LAS POSITAS BOULEVARD,PLEASANTON,CA,94588,ALAMEDA,(925) 847-3000,Acute Care Hospitals,Voluntary non-profit - Private,Yes,Y,5,,8,8,2,6,0,,8,7,2,5,0,,11,9,2,7,0,,15,15,,10,9,
050289,AHMC SETON MEDICAL CENTER,1900 SULLIVAN AVENUE,DALY CITY,CA,94015,SAN MATEO,(650) 992-4000,Acute Care Hospitals,Voluntary non-profit - Church,Yes,,1,,8,6,0,6,0,,8,3,1,2,0,,11,7,0,5,2,,15,15,,10,7,
050290,SAINT JOHN'S HEALTH CENTER,2121 SANTA MONICA BLVD,SANTA MONICA,CA,90404,LOS ANGELES,(310) 829-5511,Acute Care Hospitals,Voluntary non-profit - Private,Yes,Y,4,,8,8,3,5,0,,8,7,2,5,0,,11,11,1,8,2,,15,15,,10,8,
050291,SUTTER SANTA ROSA REGIONAL HOSPITAL,30 MARK WEST SPRINGS ROAD,SANTA ROSA,CA,95403,SONOMA,(707) 576-4000,Acute Care Hospitals,Voluntary non-profit - Other,Yes,Y,5,,8,7,1,6,0,,8,7,1,6,0,,11,10,1,8,1,,15,15,,10,9,
050292,RIVERSIDE UNIVERSITY HEALTH SYSTEM-MEDICAL CENTER,26520 CACTUS AVENUE,MORENO VALLEY,CA,92555,RIVERSIDE,(951) 486-4000,Acute Care Hospitals,Government - Local,Yes,Y,3,,8,6,0,6,0,,8,7,4,3,0,,11,8,0,7,1,,15,15,,10,7,
050295,MERCY HOSPITAL,2215 TRUXTUN AVENUE,BAKERSFIELD,CA,93301,KERN,(661) 632-5000,Acute Care Hospitals,Voluntary non-profit - Other,Yes,Y,3,,8,7,0,7,0,,8,7,3,4,0,,11,6,0,4,2,,15,15,,10,8,
050298,BARSTOW COMMUNITY HOSPITAL,820 E MOUNTAIN VIEW STREET,BARSTOW,CA,92311,SAN BERNARDINO,(760) 256-1761,Acute Care Hospitals,Proprietary,Yes,Y,1,,8,3,0,3,0,,8,2,0,2,0,,11,4,1,3,0,,15,15,,10,7,
050300,PROVIDENCE ST MARY MEDICAL CENTER,18300 HIGHWAY 18,APPLE VALLEY,CA,92307,SAN BERNARDINO,(760) 242-2311,Acute Care Hospitals,Voluntary non-profit - Private,Yes,Y,2,,8,7,0,7,0,,8,7,1,6,0,,11,8,0,5,3,,15,15,,10,7,
050301,ADVENTIST HEALTH UKIAH VALLEY,275 HOSPITAL DRIVE,UKIAH,CA,95482,MENDOCINO,(707) 462-3111,Acute Care Hospitals,Voluntary non-profit - Private,Yes,Y,4,,8,5,0,5,0,,8,4,0,4,0,,11,8,0,8,0,,15,15,,10,8,
050305,ALTA BATES SUMMIT MEDICAL CENTER - ALTA BATES CAMP,2450 ASHBY AVENUE,BERKELEY,CA,94705,ALAMEDA,(510) 204-4444,Acute Care Hospitals,Voluntary non-profit - Private,Yes,Y,4,,8,7,2,5,0,,8,7,2,5,0,,11,9,2,6,1,,15,15,,10,8,
050308,EL CAMINO HEALTH,2500 GRANT ROAD,MOUNTAIN VIEW,CA,94040,SANTA CLARA,(650) 940-7000,Acute Care Hospitals,Government - Hospital District or Authority,Yes,Y,4,,8,8,3,5,0,,8,8,3,5,0,,11,11,1,9,1,,15,15,,10,9,
050309,SUTTER ROSEVILLE MEDICAL CENTER,ONE MEDICAL PLAZA,ROSEVILLE,CA,95661,PLACER,(916) 781-1000,Acute Care Hospitals,Voluntary non-profit - Private,Yes,Y,5,,8,7,2,5,0,,8,7,5,1,1,,11,10,2,7,1,,15,15,,10,6,
05030F,VA N CALIFORNIA HEALTHCARE SYSTEM,10535 HOSPITAL WAY,MATHER,CA,95655,SACRAMENTO,(800) 382-8387,Acute Care - Veterans Administration,Veterans Health Administration,Yes,,4,,8,5,0,5,0,,8,3,0,3,0,,11,4,0,2,2,,15,10,,10,5,
050313,SUTTER TRACY COMMUNITY HOSPITAL,1420 NORTH TRACY BLVD,TRACY,CA,95376,SAN JOAQUIN,(209) 835-1500,Acute Care Hospitals,Proprietary,Yes,Y,4,,8,5,0,5,0,,8,5,1,4,0,,11,7,2,5,0,,15,15,,10,10,
050315,KERN MEDICAL CENTER,1700 MOUNT VERNON AVENUE,BAKERSFIELD,CA,93306,KERN,(661) 326-2000,Acute Care Hospitals,Government - Hospital District or Authority,Yes,Y,1,,8,4,0,4,0,,8,7,1,6,0,,11,7,0,7,0,,15,15,,10,7,
05031F,PALO ALTO VA MEDICAL CENTER,3801 MIRANDA AVENUE,PALO ALTO,CA,94304,SANTA CLARA,(650) 858-3939,Acute Care - Veterans Administration,Veterans Health Administration,Yes,,5,,8,5,1,4,0,,8,4,0,4,0,,11,6,0,5,1,,15,10,,10,5,
050320,HIGHLAND HOSPITAL,1411 EAST 31ST STREET,OAKLAND,CA,94602,ALAMEDA,(510) 437-4800,Acute Care Hospitals,Government - Hospital District or Authority,Yes,Y,1,,8,7,0,7,0,,8,6,0,5,1,,11,9,0,6,3,,15,15,,10,10,
050324,SCRIPPS MEMORIAL HOSPITAL LA JOLLA,9888 GENESEE AVENUE,LA JOLLA,CA,92037,SAN DIEGO,(858) 626-4123,Acute Care Hospitals,Physician,Yes,Y,5,,8,8,4,4,0,,8,8,3,4,1,,11,9,2,6,1,,15,15,,10,9,
050327,LOMA LINDA UNIVERSITY MEDICAL CENTER,11234 ANDERSON ST,LOMA LINDA,CA,92354,SAN BERNARDINO,(909) 558-4000,Acute Care Hospitals,Voluntary non-profit - Private,Yes,,4,,8,8,0,8,0,,8,7,5,2,0,,11,10,0,8,2,,15,15,,10,8,
050329,CORONA REGIONAL MEDICAL CENTER,800 SOUTH MAIN STREET,CORONA,CA,92882,RIVERSIDE,(951) 736-6240,Acute Care Hospitals,Proprietary,Yes,Y,3,,8,6,0,6,0,,8,5,1,4,0,,11,6,1,4,1,,15,15,,10,8,
050334,SALINAS VALLEY MEMORIAL HOSPITAL,450 EAST ROMIE LANE,SALINAS,CA,93901,MONTEREY,(831) 757-4333,Acute Care Hospitals,Voluntary non-profit - Other,Yes,Y,4,,8,8,1,7,0,,8,6,1,5,0,,11,10,0,9,1,,15,15,,10,9,
050335,ADVENTIST HEALTH SONORA,1000 GREENLEY ROAD,SONORA,CA,95370,TUOLUMNE,(209) 536-5000,Acute Care Hospitals,Voluntary non-profit - Church,No,Y,3,,8,7,0,7,0,,8,4,0,4,0,,11,9,1,7,1,,15,15,,10,10,
050336,ADVENTIST HEALTH LODI MEMORIAL,975 S FAIRMONT AVENUE,LODI,CA,95240,SAN JOAQUIN,(209) 334-3411,Acute Care Hospitals,Voluntary non-profit - Other,Yes,Y,3,,8,7,0,7,0,,8,6,0,6,0,,11,6,1,3,2,,15,15,,10,8,
050342,PIONEERS MEMORIAL HEALTHCARE DISTRICT,207 WEST LEGION ROAD,BRAWLEY,CA,92227,IMPERIAL,(760) 351-3333,Acute Care Hospitals,Government - Hospital District or Authority,Yes,Y,3,,8,5,0,5,0,,8,3,1,2,0,,11,8,0,7,1,,15,15,,10,7,
050348,UCI HEALTH-ORANGE,101 CITY DRIVE SOUTH,ORANGE,CA,92868,ORANGE,(714) 456-7890,Acute Care Hospitals,Government - Local,Yes,Y,4,,8,8,3,5,0,,8,8,4,4,0,,11,11,2,7,2,,15,15,,10,9,
050350,ADVENTIST HEALTH WHITE MEMORIAL MONTEBELLO,309 W BEVERLY BLVD,MONTEBELLO,CA,90640,LOS ANGELES,(323) 726-1222,Acute Care Hospitals,Voluntary non-profit - Private,Yes,,3,,8,5,1,4,0,,8,2,0,1,1,,11,5,0,5,0,,15,Not Available,5.0,10,3,
050351,TORRANCE MEMORIAL MEDICAL CENTER,3330 LOMITA BLVD,TORRANCE,CA,90509,LOS ANGELES,(310) 325-9110,Acute Care Hospitals,Voluntary non-profit - Other,Yes,Y,5,,8,8,3,5,0,,8,8,3,4,1,,11,11,0,8,3,,15,15,,10,9,
050352,BARTON MEMORIAL HOSPITAL,2170 SOUTH AVENUE,SOUTH LAKE TAHOE,CA,96150,EL DORADO,(530) 541-3000,Acute Care Hospitals,Voluntary non-profit - Private,Yes,Y,3,,8,3,0,3,0,,8,2,0,2,0,,11,5,1,3,1,,15,15,,10,8,
050353,PROVIDENCE LITTLE COMPANY OF MARY MED CTR TORRANCE,4101 TORRANCE BLVD,TORRANCE,CA,90503,LOS ANGELES,(310) 540-7676,Acute Care Hospitals,Voluntary non-profit - Church,No,Y,5,,8,8,0,8,0,,8,8,3,5,0,,11,9,0,8,1,,15,15,,10,9,
050357,GOLETA VALLEY COTTAGE HOSPITAL,351 S PATTERSON AVE,SANTA BARBARA,CA,93111,SANTA BARBARA,(805) 967-3411,Acute Care Hospitals,Voluntary non-profit - Other,Yes,,5,,8,3,0,3,0,,8,3,0,3,0,,11,5,1,3,1,,15,15,,10,6,
050360,MARINHEALTH MEDICAL CENTER,250 BON AIR ROAD,GREENBRAE,CA,94904,MARIN,(415) 925-7900,Acute Care Hospitals,Government - Hospital District or Authority,Yes,Y,5,,8,8,2,6,0,,8,7,1,6,0,,11,11,3,8,0,,15,15,,10,10,
050367,NORTHBAY MEDICAL CENTER,1200 B  GALE WILSON BLVD,FAIRFIELD,CA,94533,SOLANO,(707) 646-5000,Acute Care Hospitals,Voluntary non-profit - Private,Yes,Y,2,,8,8,0,8,0,,8,7,1,6,0,,11,11,0,8,3,,15,15,,10,8,
050373,LOS ANGELES GENERAL MEDICAL CENTER,"2051 MARENGO ST, ROOM C2K100",LOS ANGELES,CA,90033,LOS ANGELES,(323) 226-2800,Acute Care Hospitals,Government - Local,Yes,Y,2,,8,7,0,7,0,,8,7,3,4,0,,11,7,0,6,1,,15,15,,10,8,
050376,LAC/HARBOR-UCLA MED CENTER,1000 W CARSON ST,TORRANCE,CA,90509,LOS ANGELES,(310) 222-2345,Acute Care Hospitals,Government - Local,Yes,Y,1,,8,7,0,7,0,,8,7,1,5,1,,11,7,0,6,1,,15,15,,10,6,
050378,PACIFICA HOSPITAL OF THE VALLEY,9449 SAN FERNANDO RD,SUN VALLEY,CA,91352,LOS ANGELES,(818) 767-3310,Acute Care Hospitals,Proprietary,Yes,,Not Available,16,8,1,0,1,0,,8,4,0,4,0,,11,1,0,1,0,,15,Not Available,5.0,10,5,
050380,GOOD SAMARITAN HOSPITAL,2425 SAMARITAN DRIVE,SAN JOSE,CA,95124,SANTA CLARA,(408) 559-2011,Acute Care Hospitals,Proprietary,Yes,Y,2,,8,8,0,8,0,,8,8,1,6,1,,11,9,0,5,4,,15,15,,10,7,
050382,EMANATE HEALTH INTER-COMMUNITY HOSPITAL,210 W  SAN BERNARDINO ROAD,COVINA,CA,91723,LOS ANGELES,(626) 814-2468,Acute Care Hospitals,Proprietary,Yes,Y,1,,8,8,0,6,2,,8,7,3,4,0,,11,9,0,7,2,,15,15,,10,8,
050390,HEMET GLOBAL MEDICAL CENTER,1117 EAST DEVONSHIRE,HEMET,CA,92543,RIVERSIDE,(951) 652-2811,Acute Care Hospitals,Proprietary,Yes,Y,1,,8,4,0,4,0,,8,6,3,3,0,,11,4,0,3,1,,15,15,,10,5,
050393,PIH HEALTH DOWNEY HOSPITAL,11500 BROOKSHIRE AVENUE,DOWNEY,CA,90241,LOS ANGELES,(562) 904-5000,Acute Care Hospitals,Voluntary non-profit - Private,Yes,,4,,8,6,1,5,0,,8,6,1,5,0,,11,6,0,4,2,,15,15,,10,6,
050394,COMMUNITY MEMORIAL HOSPITAL - VENTURA,147 NORTH BRENT STREET,VENTURA,CA,93003,VENTURA,(805) 652-5011,Acute Care Hospitals,Voluntary non-profit - Private,Yes,Y,4,,8,8,0,8,0,,8,7,1,6,0,,11,11,0,11,0,,15,15,,10,10,
050396,SANTA BARBARA COTTAGE HOSPITAL,400 WEST PUEBLO,SANTA BARBARA,CA,93105,SANTA BARBARA,(805) 682-7111,Acute Care Hospitals,Voluntary non-profit - Private,Yes,Y,4,,8,8,2,6,0,,8,8,2,5,1,,11,11,1,8,2,,15,15,,10,10,
05039F,NH Twentynine Palms,1145 Sturgis Rd,Twentynine Palms,CA,92278,SAN BERNARDINO,(760) 830-2190,Acute Care - Department of Defense,Department of Defense,Yes,,Not Available,22,Not Available,Not Available,Not Available,Not Available,Not Available,22.0,Not Available,Not Available,Not Available,Not Available,Not Available,22.0,Not Available,Not Available,Not Available,Not Available,Not Available,22.0,Not Available,Not Available,22.0,Not Available,Not Available,22.0
050407,CHINESE HOSPITAL,845 JACKSON ST,SAN FRANCISCO,CA,94133,SAN FRANCISCO,(415) 982-2400,Acute Care Hospitals,Voluntary non-profit - Private,Yes,,2,,8,5,0,5,0,,8,2,0,2,0,,11,8,0,7,1,,15,15,,10,7,
050411,KAISER FOUNDATION HOSPITAL - SOUTH BAY,25825 SOUTH VERMONT AVENUE,HARBOR CITY,CA,90710,LOS ANGELES,(310) 325-5111,Acute Care Hospitals,Voluntary non-profit - Other,No,Y,3,,8,1,0,1,0,,8,6,1,5,0,,11,1,0,1,0,,15,15,,10,4,
050414,MERCY HOSPITAL OF FOLSOM,1650 CREEKSIDE DRIVE,FOLSOM,CA,95630,SACRAMENTO,(916) 983-7400,Acute Care Hospitals,Voluntary non-profit - Private,Yes,Y,4,,8,7,0,7,0,,8,7,1,6,0,,11,7,0,5,2,,15,15,,10,7,
050417,SUTTER COAST HOSPITAL,800 E WASHINGTON BLVD,CRESCENT CITY,CA,95531,DEL NORTE,(707) 464-8511,Acute Care Hospitals,Government - Hospital District or Authority,No,Y,2,,8,5,0,4,1,,8,4,0,4,0,,11,9,0,7,2,,15,15,,10,7,
05041F,Weed ACH (FT Irwin),390 N Loop Rd,Fort Irwin,CA,92310,SAN BERNARDINO,(866) 957-9224,Acute Care - Department of Defense,Department of Defense,Yes,,Not Available,22,Not Available,Not Available,Not Available,Not Available,Not Available,22.0,Not Available,Not Available,Not Available,Not Available,Not Available,22.0,Not Available,Not Available,Not Available,Not Available,Not Available,22.0,Not Available,Not Available,22.0,Not Available,Not Available,22.0
050424,SCRIPPS GREEN HOSPITAL,10666 NORTH TORREY PINES ROAD,LA JOLLA,CA,92037,SAN DIEGO,(858) 554-3600,Acute Care Hospitals,Voluntary non-profit - Other,No,,5,,8,6,1,5,0,,8,7,3,4,0,,11,7,3,3,1,,15,15,,10,5,
050425,KAISER FOUNDATION HOSPITAL - SACRAMENTO,2025 MORSE AVENUE,SACRAMENTO,CA,95825,SACRAMENTO,(916) 973-5000,Acute Care Hospitals,Voluntary non-profit - Private,Yes,,4,,8,4,0,4,0,,8,7,1,6,0,,11,3,0,3,0,,15,15,,10,4,
050426,WEST ANAHEIM MEDICAL CENTER,3033 W ORANGE AVENUE,ANAHEIM,CA,92804,ORANGE,(714) 827-3000,Acute Care Hospitals,Proprietary,Yes,,2,,8,6,0,6,0,,8,6,1,5,0,,11,5,0,1,4,,15,10,,10,7,
050438,HUNTINGTON HOSPITAL,100 W  CALIFORNIA BLVD,PASADENA,CA,91109,LOS ANGELES,(626) 397-5000,Acute Care Hospitals,Voluntary non-profit - Other,Yes,Y,Not Available,11,8,8,2,6,0,,8,Not Available,Not Available,Not Available,Not Available,11.0,11,9,1,6,2,,15,15,,10,8,
050441,STANFORD HEALTH CARE,300 PASTEUR DRIVE,STANFORD,CA,94305,SANTA CLARA,(650) 723-4000,Acute Care Hospitals,Voluntary non-profit - Private,Yes,,5,,8,8,5,3,0,,8,8,3,5,0,,11,11,2,5,4,,15,15,,10,10,
050444,MERCY MEDICAL CENTER,333 MERCY AVENUE,MERCED,CA,95340,MERCED,(209) 564-5000,Acute Care Hospitals,Voluntary non-profit - Private,Yes,Y,3,,8,6,0,5,1,,8,6,3,3,0,,11,9,0,7,2,,15,15,,10,8,
050454,UCSF MEDICAL CENTER,"505 PARNASSUS AVE, BOX 0296",SAN FRANCISCO,CA,94143,SAN FRANCISCO,(415) 353-2733,Acute Care Hospitals,Voluntary non-profit - Other,Yes,Y,4,,8,8,5,3,0,,8,8,3,5,0,,11,11,3,5,3,,15,15,,10,9,
050455,ADVENTIST HEALTH BAKERSFIELD,2615 CHESTER AVENUE,BAKERSFIELD,CA,93301,KERN,(661) 395-3000,Acute Care Hospitals,Voluntary non-profit - Private,Yes,Y,2,,8,7,0,5,2,,8,6,1,5,0,,11,9,0,6,3,,15,15,,10,10,
050457,UCSF HEALTH ST. MARY'S HOSPITAL,450 STANYAN ST,SAN FRANCISCO,CA,94117,SAN FRANCISCO,(415) 668-1000,Acute Care Hospitals,Voluntary non-profit - Private,Yes,,4,,8,7,2,5,0,,8,6,1,5,0,,11,9,0,9,0,,15,15,,10,8,
050464,DOCTORS MEDICAL CENTER,1441 FLORIDA AVENUE,MODESTO,CA,95350,STANISLAUS,(209) 578-1211,Acute Care Hospitals,Proprietary,Yes,Y,1,,8,8,0,8,0,,8,6,2,3,1,,11,8,0,5,3,,15,15,,10,9,
050468,MEMORIAL HOSPITAL OF GARDENA,1145 W REDONDO BEACH BLVD,GARDENA,CA,90247,LOS ANGELES,(310) 532-4200,Acute Care Hospitals,Proprietary,Yes,,1,,8,5,1,4,0,,8,5,1,4,0,,11,4,0,3,1,,15,15,,10,6,
050471,PIH HEALTH GOOD SAMARITAN HOSPITAL,1225 WILSHIRE BOULEVARD,LOS ANGELES,CA,90017,LOS ANGELES,(213) 977-2121,Acute Care Hospitals,Proprietary,No,Y,2,,8,8,0,8,0,,8,7,2,5,0,,11,9,0,6,3,,15,15,,10,7,
050481,UCLA WEST VALLEY MEDICAL CENTER,7300 MEDICAL CENTER DR,WEST HILLS,CA,91307,LOS ANGELES,(818) 676-4000,Acute Care Hospitals,Proprietary,Yes,,2,,8,8,1,7,0,,8,7,0,7,0,,11,8,0,5,3,,15,15,,10,6,
050485,MEMORIALCARE LONG BEACH MEDICAL CENTER,2801 ATLANTIC AVE,LONG BEACH,CA,90806,LOS ANGELES,(562) 933-2000,Acute Care Hospitals,Voluntary non-profit - Other,No,,2,,8,8,0,8,0,,8,8,1,7,0,,11,11,0,10,1,,15,15,,10,9,
050488,EDEN MEDICAL CENTER,20103 LAKE CHABOT ROAD,CASTRO VALLEY,CA,94546,ALAMEDA,(510) 537-1234,Acute Care Hospitals,Voluntary non-profit - Other,Yes,Y,4,,8,7,0,7,0,,8,7,2,5,0,,11,7,0,7,0,,15,15,,10,7,
050492,CLOVIS COMMUNITY MEDICAL CENTER,2755 HERNDON AVE,CLOVIS,CA,93611,FRESNO,(559) 324-4000,Acute Care Hospitals,Voluntary non-profit - Private,Yes,Y,2,,8,8,1,7,0,,8,7,0,6,1,,11,11,1,9,1,,15,15,,10,8,
050496,JOHN MUIR MEDICAL CENTER - CONCORD CAMPUS,2540 EAST ST,CONCORD,CA,94520,CONTRA COSTA,(925) 682-8200,Acute Care Hospitals,Voluntary non-profit - Private,Yes,,4,,8,8,2,6,0,,8,7,0,7,0,,11,11,1,9,1,,15,15,,10,9,
050498,SUTTER AUBURN FAITH HOSPITAL,11815 EDUCATION STREET,AUBURN,CA,95603,PLACER,(530) 888-4500,Acute Care Hospitals,Voluntary non-profit - Private,Yes,,5,,8,6,0,6,0,,8,5,1,4,0,,11,9,3,6,0,,15,15,,10,9,
050503,SCRIPPS MEMORIAL HOSPITAL - ENCINITAS,354 SANTA FE DRIVE,ENCINITAS,CA,92024,SAN DIEGO,(760) 753-6501,Acute Care Hospitals,Voluntary non-profit - Private,Yes,Y,4,,8,7,3,4,0,,8,7,1,6,0,,11,8,3,4,1,,15,15,,10,9,
050506,ADVENTIST HEALTH SIERRA VISTA,1010 MURRAY ST,SAN LUIS OBISPO,CA,93405,SAN LUIS OBISPO,(850) 546-7600,Acute Care Hospitals,Proprietary,Yes,Y,3,,8,6,0,6,0,,8,6,1,5,0,,11,7,1,5,1,,15,15,,10,8,
050510,KAISER FOUNDATION HOSPITAL,99 MONTECILLO RD,SAN RAFAEL,CA,94903,MARIN,(415) 444-2000,Acute Care Hospitals,Voluntary non-profit - Private,Yes,,4,,8,1,0,1,0,,8,5,0,4,1,,11,1,0,1,0,,15,15,,10,3,
050512,KAISER FOUNDATION HOSPITAL - FREMONT,39400 PASEO PADRE PKWY,FREMONT,CA,94538,ALAMEDA,(510) 784-4000,Acute Care Hospitals,Voluntary non-profit - Private,Yes,,4,,8,1,0,1,0,,8,5,1,4,0,,11,1,0,1,0,,15,15,,10,4,
050515,KAISER FOUNDATION HOSPITAL - SAN DIEGO,4647 ZION AVE,SAN DIEGO,CA,92120,SAN DIEGO,(619) 528-5000,Acute Care Hospitals,Voluntary non-profit - Private,Yes,Y,4,,8,2,0,2,0,,8,6,3,3,0,,11,3,0,3,0,,15,15,,10,4,
050516,MERCY SAN JUAN MEDICAL CENTER,6501 COYLE AVE,CARMICHAEL,CA,95608,SACRAMENTO,(916) 537-5000,Acute Care Hospitals,Voluntary non-profit - Private,Yes,Y,3,,8,8,0,8,0,,8,7,2,5,0,,11,11,1,8,2,,15,15,,10,8,
050517,VICTOR VALLEY GLOBAL MEDICAL CENTER,15248 11TH ST,VICTORVILLE,CA,92395,SAN BERNARDINO,(760) 245-8691,Acute Care Hospitals,Voluntary non-profit - Private,Yes,Y,1,,8,3,0,3,0,,8,6,0,6,0,,11,7,0,5,2,,15,15,,10,5,
050523,SUTTER DELTA MEDICAL CENTER,3901 LONE TREE WAY,ANTIOCH,CA,94509,CONTRA COSTA,(925) 779-7200,Acute Care Hospitals,Voluntary non-profit - Private,Yes,Y,3,,8,7,0,7,0,,8,6,1,5,0,,11,7,0,5,2,,15,15,,10,8,
050526,HUNTINGTON BEACH HOSPITAL,17772 BEACH BLVD,HUNTINGTON BEACH,CA,92647,ORANGE,(714) 843-5000,Acute Care Hospitals,Proprietary,Yes,,1,,8,3,0,3,0,,8,3,0,3,0,,11,3,0,1,2,,15,10,,10,6,
050528,MEMORIAL HOSPITAL LOS BANOS,520 WEST I ST,LOS BANOS,CA,93635,MERCED,(209) 826-0591,Acute Care Hospitals,Voluntary non-profit - Private,Yes,Y,3,,8,4,0,4,0,,8,2,0,2,0,,11,3,0,3,0,,15,15,,10,8,
050534,JOHN F KENNEDY MEMORIAL HOSPITAL,47111 MONROE STREET,INDIO,CA,92201,RIVERSIDE,(760) 347-6191,Acute Care Hospitals,Proprietary,Yes,Y,2,,8,5,0,5,0,,8,5,1,4,0,,11,7,0,7,0,,15,15,,10,8,
050537,SUTTER DAVIS HOSPITAL,2000 SUTTER PLACE,DAVIS,CA,95616,YOLO,(530) 757-5108,Acute Care Hospitals,Voluntary non-profit - Private,Yes,Y,4,,8,5,0,5,0,,8,2,1,1,0,,11,8,1,7,0,,15,15,,10,9,
050541,KAISER FOUNDATION HOSPITAL - REDWOOD CITY,1100 VETERANS BOULEVARD,REDWOOD CITY,CA,94063,SAN MATEO,(650) 299-2000,Acute Care Hospitals,Voluntary non-profit - Private,Yes,Y,4,,8,2,0,2,0,,8,6,2,4,0,,11,1,0,1,0,,15,15,,10,3,
050543,COLLEGE HOSPITAL COSTA MESA,301 VICTORIA STREET,COSTA MESA,CA,92627,ORANGE,(949) 642-2734,Acute Care Hospitals,Proprietary,No,,Not Available,16,8,Not Available,Not Available,Not Available,Not Available,5.0,8,1,1,0,0,,11,Not Available,Not Available,Not Available,Not Available,5.0,15,Not Available,5.0,10,2,
050546,PORTERVILLE DEVELOPMENTAL CENTER,26501 AVENUE 140,PORTERVILLE,CA,93258,TULARE,(559) 782-2222,Acute Care Hospitals,Government - State,No,,Not Available,19,Not Available,Not Available,Not Available,Not Available,Not Available,19.0,Not Available,Not Available,Not Available,Not Available,Not Available,19.0,Not Available,Not Available,Not Available,Not Available,Not Available,19.0,Not Available,Not Available,19.0,Not Available,Not Available,19.0
050549,LOS ROBLES HOSPITAL & MEDICAL CENTER,215 W JANSS RD,THOUSAND OAKS,CA,91360,VENTURA,(805) 497-2727,Acute Care Hospitals,Proprietary,Yes,Y,4,,8,8,3,5,0,,8,8,1,7,0,,11,9,0,7,2,,15,15,,10,8,
050551,UCI HEALTH - LOS ALAMITOS,3751 KATELLA AVENUE,LOS ALAMITOS,CA,90720,ORANGE,(562) 799-3220,Acute Care Hospitals,Proprietary,Yes,,1,,8,7,0,7,0,,8,6,0,6,0,,11,8,0,7,1,,15,15,,10,8,
050557,MEMORIAL MEDICAL CENTER,1700 COFFEE RD,MODESTO,CA,95355,STANISLAUS,(209) 526-4500,Acute Care Hospitals,Voluntary non-profit - Private,Yes,Y,3,,8,8,1,7,0,,8,7,2,5,0,,11,11,0,9,2,,15,15,,10,7,
050561,KAISER FOUNDATION HOSPITAL - WEST LA,6041 CADILLAC AVE,LOS ANGELES,CA,90034,LOS ANGELES,(213) 857-2201,Acute Care Hospitals,Voluntary non-profit - Private,No,Y,3,,8,3,0,3,0,,8,6,1,5,0,,11,3,0,2,1,,15,15,,10,4,
050567,PROVIDENCE MISSION HOSPITAL,27700 MEDICAL CENTER RD,MISSION VIEJO,CA,92691,ORANGE,(949) 364-1400,Acute Care Hospitals,Voluntary non-profit - Private,Yes,Y,5,,8,8,0,8,0,,8,7,3,4,0,,11,11,2,9,0,,15,15,,10,10,
050570,UCI HEALTH - FOUNTAIN VALLEY,17100 EUCLID STREET,FOUNTAIN VALLEY,CA,92708,ORANGE,(714) 966-7200,Acute Care Hospitals,Proprietary,No,Y,2,,8,8,0,8,0,,8,7,2,5,0,,11,8,1,6,1,,15,15,,10,7,
050573,EISENHOWER MEDICAL CENTER,39-000 BOB HOPE DRIVE,RANCHO MIRAGE,CA,92270,RIVERSIDE,(760) 340-3911,Acute Care Hospitals,Proprietary,Yes,Y,4,,8,8,0,8,0,,8,8,5,3,0,,11,11,4,7,0,,15,15,,10,9,
050580,LA PALMA INTERCOMMUNITY HOSPITAL,7901 WALKER STREET,LA PALMA,CA,90623,ORANGE,(714) 670-7400,Acute Care Hospitals,Proprietary,No,,3,,8,5,1,4,0,,8,3,1,2,0,,11,5,1,4,0,,15,10,,10,6,
050581,UCI HEALTH-LAKEWOOD,3700 SOUTH ST,LAKEWOOD,CA,90712,LOS ANGELES,(562) 602-6751,Acute Care Hospitals,Proprietary,Yes,,2,,8,8,0,8,0,,8,6,1,5,0,,11,8,0,6,2,,15,15,,10,7,
050586,CHINO VALLEY MEDICAL CENTER,5451 WALNUT AVE,CHINO,CA,91710,SAN BERNARDINO,(909) 627-6111,Acute Care Hospitals,Proprietary,Yes,,4,,8,3,1,2,0,,8,3,1,2,0,,11,3,0,3,0,,15,15,,10,6,
050588,SAN DIMAS COMMUNITY HOSPITAL,1350 W COVINA BLVD,SAN DIMAS,CA,91773,LOS ANGELES,(909) 599-6811,Acute Care Hospitals,Proprietary,Yes,,2,,8,3,0,3,0,,8,5,0,5,0,,11,5,0,3,2,,15,15,,10,7,
050590,METHODIST HOSPITAL OF SACRAMENTO,7500 HOSPITAL DRIVE,SACRAMENTO,CA,95823,SACRAMENTO,(916) 423-6010,Acute Care Hospitals,Voluntary non-profit - Private,Yes,Y,3,,8,6,0,6,0,,8,3,1,2,0,,11,6,1,3,2,,15,15,,10,8,
050597,EMANATE HEALTH FOOTHILL PRESBYTERIAN HOSPITAL,250 S GRAND AVE,GLENDORA,CA,91740,LOS ANGELES,(626) 963-8411,Acute Care Hospitals,Voluntary non-profit - Private,No,,3,,8,6,0,6,0,,8,6,2,4,0,,11,6,1,5,0,,15,15,,10,7,
050599,UNIVERSITY OF CALIFORNIA DAVIS MEDICAL CENTER,2315 STOCKTON BOULEVARD,SACRAMENTO,CA,95817,SACRAMENTO,(916) 734-2011,Acute Care Hospitals,Government - Hospital District or Authority,Yes,Y,4,,8,8,4,4,0,,8,8,0,7,1,,11,11,0,9,2,,15,15,,10,9,
050603,MEMORIALCARE SADDLEBACK MEDICAL CENTER,24451 HEALTH CENTER DRIVE,LAGUNA HILLS,CA,92653,ORANGE,(949) 837-4500,Acute Care Hospitals,Voluntary non-profit - Private,Yes,Y,4,,8,8,0,8,0,,8,6,0,6,0,,11,7,2,5,0,,15,15,,10,7,
050604,KAISER FOUNDATION HOSPITAL-SAN JOSE,250 HOSPITAL PARKWAY,SAN JOSE,CA,95119,SANTA CLARA,(408) 972-7000,Acute Care Hospitals,Voluntary non-profit - Private,Yes,Y,3,,8,3,0,3,0,,8,6,1,5,0,,11,2,0,2,0,,15,15,,10,4,
050608,ADVENTIST HEALTH DELANO,1401 GARCES HIGHWAY,DELANO,CA,93215,KERN,(661) 725-4800,Acute Care Hospitals,Proprietary,Yes,Y,2,,8,3,0,3,0,,8,2,0,2,0,,11,4,0,3,1,,15,5,,10,7,
050609,KAISER FOUNDATION HOSPITAL - ORANGE COUNTY - ANAHEIM,3440 E LA PALMA AVE,ANAHEIM,CA,92806,ORANGE,(714) 279-4000,Acute Care Hospitals,Voluntary non-profit - Private,Yes,Y,4,,8,2,0,2,0,,8,7,1,6,0,,11,2,0,2,0,,15,15,,10,4,
050624,HENRY MAYO NEWHALL  HOSPITAL,23845  MCBEAN PKWY,VALENCIA,CA,91355,LOS ANGELES,(661) 253-8000,Acute Care Hospitals,Voluntary non-profit - Private,No,Y,2,,8,7,0,7,0,,8,6,1,5,0,,11,7,0,4,3,,15,15,,10,9,
050625,CEDARS-SINAI MEDICAL CENTER,8700 BEVERLY BLVD,LOS ANGELES,CA,90048,LOS ANGELES,(310) 423-5000,Acute Care Hospitals,Voluntary non-profit - Other,Yes,Y,5,,8,8,7,1,0,,8,8,4,4,0,,11,11,3,5,3,,15,15,,10,9,
050633,ADVENTIST HEALTH TWIN CITIES,1100 LAS TABLAS RD,TEMPLETON,CA,93465,SAN LUIS OBISPO,(805) 434-3500,Acute Care Hospitals,Proprietary,Yes,Y,2,,8,5,0,5,0,,8,5,1,4,0,,11,7,0,5,2,,15,15,,10,8,
050636,PALOMAR MEDICAL CENTER POWAY,15615 POMERADO ROAD,POWAY,CA,92064,SAN DIEGO,(858) 485-6511,Acute Care Hospitals,Government - Hospital District or Authority,Yes,,4,,8,5,1,4,0,,8,5,0,5,0,,11,6,1,5,0,,15,15,,10,8,
050641,EAST LOS ANGELES DOCTORS HOSPITAL,4060 WHITTIER BLVD,LOS ANGELES,CA,90023,LOS ANGELES,(323) 268-5514,Acute Care Hospitals,Proprietary,Yes,Y,1,,8,3,0,3,0,,8,2,0,2,0,,11,3,1,2,0,,15,15,,10,7,
050663,LOS ANGELES COMMUNITY HOSPITAL,4081 E OLYMPIC BLVD,LOS ANGELES,CA,90023,LOS ANGELES,(323) 267-0477,Acute Care Hospitals,Proprietary,Yes,,3,,8,5,3,2,0,,8,4,2,2,0,,11,5,1,4,0,,15,10,,10,6,
050668,LAGUNA HONDA HOSPITAL & REHABILITATION CENTER,375 LAGUNA HONDA BLVD,SAN FRANCISCO,CA,94116,SAN FRANCISCO,(415) 759-2300,Acute Care Hospitals,Government - Local,No,,Not Available,16,8,1,0,1,0,,8,Not Available,Not Available,Not Available,Not Available,5.0,11,2,0,1,1,,15,Not Available,5.0,10,3,
050674,KAISER FOUNDATION HOSP SO SACRAMENTO,6600 BRUCEVILLE ROAD,SACRAMENTO,CA,95823,SACRAMENTO,(916) 688-2000,Acute Care Hospitals,Voluntary non-profit - Private,Yes,Y,2,,8,5,0,5,0,,8,6,1,5,0,,11,3,0,2,1,,15,15,,10,4,
050677,KAISER FOUNDATION HOSPITAL - WOODLAND HILLS,5601 DE SOTO AVENUE,WOODLAND HILLS,CA,91367,LOS ANGELES,(818) 719-3800,Acute Care Hospitals,Voluntary non-profit - Private,No,Y,4,,8,1,0,1,0,,8,6,1,5,0,,11,1,0,1,0,,15,15,,10,4,
050678,MEMORIALCARE ORANGE COAST MEDICAL CENTER,9920 TALBERT AVENUE,FOUNTAIN VALLEY,CA,92708,ORANGE,(714) 378-7000,Acute Care Hospitals,Proprietary,Yes,Y,4,,8,8,1,7,0,,8,7,2,5,0,,11,11,0,11,0,,15,15,,10,7,
050684,MENIFEE GLOBAL MEDICAL CENTER,28400 MCCALL BOULEVARD,SUN CITY,CA,92585,RIVERSIDE,(951) 679-8888,Acute Care Hospitals,Proprietary,Yes,,Not Available,16,8,2,0,2,0,,8,2,1,1,0,,11,2,0,1,1,,15,15,,10,5,
050686,"KAISER FOUNDATION HOSPITAL, RIVERSIDE",10800 MAGNOLIA AVENUE,RIVERSIDE,CA,92505,RIVERSIDE,(951) 353-2000,Acute Care Hospitals,Voluntary non-profit - Private,Yes,Y,4,,8,1,0,1,0,,8,6,1,5,0,,11,1,0,1,0,,15,15,,10,4,
050689,SAN RAMON REGIONAL MEDICAL CENTER,6001 NORRIS CANYON ROAD,SAN RAMON,CA,94583,CONTRA COSTA,(925) 275-9200,Acute Care Hospitals,Proprietary,Yes,Y,4,,8,6,0,6,0,,8,4,0,4,0,,11,8,0,7,1,,15,15,,10,8,
050690,KAISER FOUNDATION HOSPITAL-SANTA ROSA,401 BICENTENNIAL WAY,SANTA ROSA,CA,95403,SONOMA,(707) 571-4000,Acute Care Hospitals,Voluntary non-profit - Private,Yes,Y,3,,8,1,0,1,0,,8,6,2,4,0,,11,1,0,1,0,,15,15,,10,4,
050696,KECK HOSPITAL OF USC,1500 SAN PABLO STREET,LOS ANGELES,CA,90033,LOS ANGELES,(323) 442-8656,Acute Care Hospitals,Voluntary non-profit - Other,No,,5,,8,6,0,6,0,,8,8,3,5,0,,11,10,2,7,1,,15,15,,10,7,
050697,PATIENTS' HOSPITAL OF REDDING,2900 EUREKA WAY,REDDING,CA,96001,SHASTA,(530) 225-8700,Acute Care Hospitals,Proprietary,No,,Not Available,16,8,1,0,1,0,,8,2,0,2,0,,11,3,0,2,1,,15,5,,10,1,
050701,SOUTHWEST HEALTHCARE RANCHO SPRINGS HOSPITAL,25500 MEDICAL CENTER DRIVE,MURRIETA,CA,92562,RIVERSIDE,(951) 696-6000,Acute Care Hospitals,Proprietary,Yes,Y,3,,8,7,0,7,0,,8,7,2,5,0,,11,6,1,4,1,,15,15,,10,7,
050704,MISSION COMMUNITY HOSPITAL,14850 ROSCOE BLVD,PANORAMA CITY,CA,91402,LOS ANGELES,(818) 904-3100,Acute Care Hospitals,Voluntary non-profit - Private,No,,3,,8,4,0,4,0,,8,6,0,6,0,,11,5,0,4,1,,15,15,,10,7,
050708,FRESNO SURGICAL HOSPITAL,6125 NORTH FRESNO ST,FRESNO,CA,93710,FRESNO,(559) 431-8000,Acute Care Hospitals,Proprietary,No,,Not Available,16,8,1,0,1,0,,8,2,0,2,0,,11,3,1,2,0,,15,15,,10,2,
050709,DESERT VALLEY HOSPITAL,16850 BEAR VALLEY RD,VICTORVILLE,CA,92395,SAN BERNARDINO,(760) 241-8000,Acute Care Hospitals,Proprietary,Yes,Y,3,,8,6,1,5,0,,8,6,2,4,0,,11,8,1,6,1,,15,15,,10,9,
050710,KAISER FOUNDATION HOSPITAL - FRESNO,7300 NORTH FRESNO ST,FRESNO,CA,93720,FRESNO,(559) 448-4500,Acute Care Hospitals,Voluntary non-profit - Private,Yes,Y,4,,8,1,0,1,0,,8,6,1,5,0,,11,1,0,1,0,,15,15,,10,4,
050714,SUTTER MATERNITY & SURGERY CENTER OF SANTA CRUZ,2900 CHANTICLEER AVENUE,SANTA CRUZ,CA,95065,SANTA CRUZ,(831) 477-2200,Acute Care Hospitals,Voluntary non-profit - Private,No,Y,Not Available,16,8,1,0,1,0,,8,2,0,2,0,,11,4,0,4,0,,15,15,,10,3,
050717,LAC/RANCHO LOS AMIGOS NATIONAL REHABILITATION  CTR,7601 EAST IMPERIAL HIGHWAY,DOWNEY,CA,90242,LOS ANGELES,(562) 401-7022,Acute Care Hospitals,Government - Local,No,,3,,8,1,0,1,0,,8,4,0,4,0,,11,1,0,1,0,,15,15,,10,3,
050723,KAISER FOUNDATION HOSPITAL - BALDWIN PARK,1011 BALDWIN PARK BLVD,BALDWIN PARK,CA,91706,LOS ANGELES,(626) 851-1011,Acute Care Hospitals,Voluntary non-profit - Other,No,Y,3,,8,2,0,2,0,,8,6,0,6,0,,11,2,0,1,1,,15,15,,10,4,
050726,STANISLAUS SURGICAL HOSPITAL,1421 OAKDALE ROAD,MODESTO,CA,95355,STANISLAUS,(209) 572-2700,Acute Care Hospitals,Voluntary non-profit - Private,No,,Not Available,16,8,Not Available,Not Available,Not Available,Not Available,5.0,8,2,0,2,0,,11,3,0,3,0,,15,5,,10,2,
050735,WHITTIER HOSPITAL MEDICAL CENTER,9080 COLIMA RD,WHITTIER,CA,90605,LOS ANGELES,(562) 945-3561,Acute Care Hospitals,Proprietary,Yes,Y,4,,8,4,0,4,0,,8,5,0,5,0,,11,5,0,4,1,,15,15,,10,7,
050736,MONTEREY PARK HOSPITAL,900 S ATLANTIC BLVD,MONTEREY PARK,CA,91754,LOS ANGELES,(626) 570-9000,Acute Care Hospitals,Proprietary,No,,2,,8,3,0,3,0,,8,2,0,2,0,,11,4,0,2,2,,15,15,,10,7,
050737,GARFIELD MEDICAL CENTER,525 N GARFIELD AVE,MONTEREY PARK,CA,91754,LOS ANGELES,(626) 573-2222,Acute Care Hospitals,Proprietary,Yes,Y,1,,8,7,0,6,1,,8,6,1,5,0,,11,8,0,5,3,,15,15,,10,7,
050738,GREATER EL MONTE COMMUNITY HOSPITAL,1701 SANTA ANITA AVE,SOUTH EL MONTE,CA,91733,LOS ANGELES,(626) 350-7975,Acute Care Hospitals,Voluntary non-profit - Private,No,,2,,8,4,0,4,0,,8,4,0,4,0,,11,4,0,3,1,,15,10,,10,6,
050739,CENTINELA HOSPITAL MEDICAL CENTER,555 EAST HARDY STREET,INGLEWOOD,CA,90301,LOS ANGELES,(310) 673-4660,Acute Care Hospitals,Proprietary,No,,2,,8,7,2,5,0,,8,6,2,4,0,,11,5,0,2,3,,15,15,,10,7,
050740,CEDAR-SINAI MARINA DEL REY HOSPITAL,4650 LINCOLN BLVD,MARINA DEL REY,CA,90292,LOS ANGELES,(310) 823-8911,Acute Care Hospitals,Proprietary,Yes,,4,,8,6,2,4,0,,8,7,1,6,0,,11,7,0,5,2,,15,15,,10,7,
050744,ANAHEIM GLOBAL MEDICAL CENTER,1025 S ANAHEIM BLVD,ANAHEIM,CA,92805,ORANGE,(714) 533-6220,Acute Care Hospitals,Proprietary,No,,2,,8,2,0,2,0,,8,3,1,2,0,,11,3,0,3,0,,15,5,,10,5,
050745,CHAPMAN GLOBAL MEDICAL CENTER,2601 E CHAPMAN AVE,ORANGE,CA,92869,ORANGE,(714) 633-0011,Acute Care Hospitals,Proprietary,No,,2,,8,2,0,2,0,,8,3,0,3,0,,11,4,0,3,1,,15,15,,10,5,
050746,ORANGE COUNTY GLOBAL MEDICAL CENTER,1001 NORTH TUSTIN AVENUE,SANTA ANA,CA,92705,ORANGE,(714) 953-3500,Acute Care Hospitals,Proprietary,Yes,Y,2,,8,6,0,6,0,,8,6,0,6,0,,11,3,0,2,1,,15,15,,10,5,
050747,COASTAL COMMUNITIES HOSPITAL,2701 S BRISTOL ST,SANTA ANA,CA,92704,ORANGE,(714) 754-5454,Acute Care Hospitals,Proprietary,Yes,Y,1,,8,2,0,2,0,,8,3,1,2,0,,11,2,0,2,0,,15,5,,10,6,
050748,KAISER FOUNDATION HOSPITAL MANTECA,1777 WEST YOSEMITE AVE,MANTECA,CA,95337,SAN JOAQUIN,(209) 825-3700,Acute Care Hospitals,Voluntary non-profit - Private,Yes,Y,4,,8,1,0,1,0,,8,6,2,4,0,,11,1,0,1,0,,15,15,,10,4,
050755,SHERMAN OAKS HOSPITAL,4929 VAN NUYS BLVD,SHERMAN OAKS,CA,91403,LOS ANGELES,(818) 981-7111,Acute Care Hospitals,Voluntary non-profit - Private,Yes,,2,,8,6,1,5,0,,8,4,1,3,0,,11,5,0,3,2,,15,15,,10,6,
050758,MONTCLAIR HOSPITAL MEDICAL CENTER,5000 SAN BERNARDINO ROAD,MONTCLAIR,CA,91763,SAN BERNARDINO,(909) 625-8300,Acute Care Hospitals,Voluntary non-profit - Private,Yes,,3,,8,2,1,1,0,,8,4,1,3,0,,11,4,0,3,1,,15,15,,10,7,
050760,KAISER FOUNDATION HOSPITAL - ANTIOCH,4501 SAND CREEK ROAD,ANTIOCH,CA,94531,CONTRA COSTA,(925) 813-6500,Acute Care Hospitals,Voluntary non-profit - Private,Yes,Y,1,,8,4,0,4,0,,8,6,1,5,0,,11,2,0,1,1,,15,15,,10,4,
050761,PROVIDENCE CEDARS SINAI TARZANA MEDICAL CENTER,18321 CLARK STREET,TARZANA,CA,91356,LOS ANGELES,(818) 881-0800,Acute Care Hospitals,Voluntary non-profit - Private,Yes,Y,3,,8,8,2,6,0,,8,8,0,8,0,,11,8,0,5,3,,15,15,,10,7,
050763,L A DOWNTOWN MEDICAL CENTER,1711 WEST TEMPLE STREET,LOS ANGELES,CA,90026,LOS ANGELES,(213) 989-6123,Acute Care Hospitals,Proprietary,No,,3,,8,4,1,3,0,,8,3,0,3,0,,11,4,0,2,2,,15,Not Available,5.0,10,3,
050764,SHASTA REGIONAL MEDICAL CENTER,1100 BUTTE ST,REDDING,CA,96001,SHASTA,(530) 244-5454,Acute Care Hospitals,Proprietary,Yes,,2,,8,8,0,8,0,,8,6,0,6,0,,11,9,2,5,2,,15,15,,10,7,
050765,KAISER FOUNDATION HOSPITAL-MORENO VALLEY,27300 IRIS AVENUE,MORENO VALLEY,CA,92555,RIVERSIDE,(951) 251-6530,Acute Care Hospitals,Voluntary non-profit - Private,Yes,Y,4,,8,1,0,1,0,,8,6,1,5,0,,11,1,0,1,0,,15,15,,10,3,
050766,SUTTER SURGICAL HOSPITAL - NORTH VALLEY,455 PLUMAS BLVD,YUBA CITY,CA,95991,SUTTER,(530) 749-5700,Acute Care Hospitals,Physician,No,,Not Available,16,8,1,0,1,0,,8,2,0,2,0,,11,3,0,3,0,,15,5,,10,2,
050767,KAISER FOUNDATION HOSPITAL - VACAVILLE,1 QUALITY DRIVE,VACAVILLE,CA,95688,SOLANO,(707) 624-4000,Acute Care Hospitals,Voluntary non-profit - Private,Yes,Y,4,,8,1,0,1,0,,8,6,0,6,0,,11,1,0,1,0,,15,15,,10,4,
050769,HOAG ORTHOPEDIC INSTITUTE,16250 SAND CANYON AVENUE,IRVINE,CA,92618,ORANGE,(949) 727-5000,Acute Care Hospitals,Proprietary,No,,Not Available,"16, 23",8,2,0,2,0,,8,2,0,2,0,,11,3,0,2,1,23.0,15,15,,10,2,
050770,LOMA LINDA UNIVERSITY MEDICAL CENTER-MURRIETA,28062 BAXTER ROAD,MURRIETA,CA,92563,RIVERSIDE,(951) 290-4000,Acute Care Hospitals,Voluntary non-profit - Private,Yes,Y,2,,8,8,0,8,0,,8,6,1,5,0,,11,7,0,4,3,,15,15,,10,6,
050771,COAST PLAZA HOSPITAL,13100 STUDERBAKER ROAD,NORWALK,CA,90650,LOS ANGELES,(562) 868-3751,Acute Care Hospitals,Proprietary,Yes,,1,,8,3,0,3,0,,8,2,0,2,0,,11,3,0,3,0,,15,5,,10,5,
050772,KAISER FOUNDATION HOSPITAL - ROSEVILLE,1600 EUREKA ROAD,ROSEVILLE,CA,95661,PLACER,(916) 784-4000,Acute Care Hospitals,Voluntary non-profit - Private,Yes,Y,4,,8,2,0,2,0,,8,6,3,3,0,,11,1,0,1,0,,15,15,,10,4,
050775,TEMECULA VALLEY HOSPITAL,31700 TEMECULA PKWY,TEMECULA,CA,92592,RIVERSIDE,(951) 331-2200,Acute Care Hospitals,Proprietary,Yes,,4,,8,8,0,8,0,,8,7,1,6,0,,11,8,1,6,1,,15,15,,10,8,
050776,COLLEGE MEDICAL CENTER,2776 PACIFIC AVENUE,LONG BEACH,CA,90806,LOS ANGELES,(562) 595-1911,Acute Care Hospitals,Proprietary,Yes,,3,,8,3,0,3,0,,8,4,1,3,0,,11,5,0,5,0,,15,Not Available,5.0,10,7,
050777,KAISER FOUNDATION HOSPITAL - SAN LEANDRO,2500 MERCED STREET,SAN LEANDRO,CA,94577,ALAMEDA,(510) 454-1000,Acute Care Hospitals,Voluntary non-profit - Private,Yes,Y,2,,8,1,0,1,0,,8,6,1,5,0,,11,2,0,1,1,,15,15,,10,4,
050778,LOMA LINDA UNIVERSITY CHILDREN'S HOSPITAL,11234 ANDERSON STREET SUITE A,LOMA LINDA,CA,92354,SAN BERNARDINO,(909) 558-8000,Acute Care Hospitals,Voluntary non-profit - Church,No,Y,3,,8,Not Available,Not Available,Not Available,Not Available,5.0,8,4,2,2,0,,11,Not Available,Not Available,Not Available,Not Available,5.0,15,10,,10,5,
050779,"MARTIN LUTHER KING, JR. COMMUNITY HOSPITAL",1680 EAST 120TH STREET,LOS ANGELES,CA,90059,LOS ANGELES,(424) 835-6808,Acute Care Hospitals,Voluntary non-profit - Private,Yes,Y,4,,8,4,0,4,0,,8,5,2,3,0,,11,4,1,2,1,,15,10,,10,7,
050780,FOOTHILL REGIONAL MEDICAL CENTER,14662 NEWPORT AVE,TUSTIN,CA,92780,ORANGE,(714) 619-7700,Acute Care Hospitals,Proprietary,No,,3,,8,3,1,2,0,,8,2,1,1,0,,11,4,1,3,0,,15,10,,10,5,
050782,CASA COLINA HOSPITAL,255 E BONITA AVE,POMONA,CA,91767,LOS ANGELES,(909) 596-7733,Acute Care Hospitals,Voluntary non-profit - Private,No,,Not Available,16,8,2,0,2,0,,8,2,0,2,0,,11,5,0,5,0,,15,15,,10,3,
050783,COLUSA MEDICAL CENTER,199 E WEBSTER STREET,COLUSA,CA,95932,COLUSA,(530) 619-0800,Acute Care Hospitals,Proprietary,Yes,,1,,8,4,0,4,0,,8,1,0,1,0,,11,4,1,3,0,,15,5,,10,7,
050784,ADVENTIST HEALTH TULARE,869 NORTH CHERRY STREET,TULARE,CA,93274,TULARE,(559) 688-0821,Acute Care Hospitals,Voluntary non-profit - Private,Yes,Y,3,,8,3,0,3,0,,8,2,0,2,0,,11,4,0,3,1,,15,10,,10,6,
050785,DOCS SURGICAL HOSPITAL,6000 SAN VICENTE BLVD,LOS ANGELES,CA,90036,LOS ANGELES,(323) 930-1040,Acute Care Hospitals,Physician,No,,Not Available,16,8,1,0,1,0,,8,2,0,2,0,,11,2,0,2,0,,15,10,,10,1,
050854,"ANAHEIM COMMUNITY HOSPITAL, LLC",3350 W BALL RD,ANAHEIM,CA,92804,ORANGE,(248) 905-5091,Acute Care Hospitals,Proprietary,No,,Not Available,16,8,Not Available,Not Available,Not Available,Not Available,5.0,8,Not Available,Not Available,Not Available,Not Available,5.0,11,Not Available,Not Available,Not Available,Not Available,5.0,15,Not Available,5.0,10,Not Available,5.0
050855,KAISER FOUNDATION HOSPITAL - SAN MARCOS,360 RUSH DR,SAN MARCOS,CA,92078,SAN DIEGO,(760) 528-6295,Acute Care Hospitals,Voluntary non-profit - Private,Yes,Y,4,,8,1,0,1,0,,8,6,0,6,0,,11,1,0,1,0,,15,5,,10,3,
050856,MADERA COMMUNITY HOSPITAL,1250 E ALMOND AVE,MADERA,CA,93637,MADERA,(559) 706-8226,Acute Care Hospitals,Voluntary non-profit - Private,Yes,,Not Available,19,Not Available,Not Available,Not Available,Not Available,Not Available,19.0,Not Available,Not Available,Not Available,Not Available,Not Available,19.0,Not Available,Not Available,Not Available,Not Available,Not Available,19.0,Not Available,Not Available,19.0,Not Available,Not Available,19.0
05114F,VA SAN DIEGO HEALTHCARE SYSTEM,3350 LA JOLLA VILLAGE DRIVE,SAN DIEGO,CA,92161,SAN DIEGO,(858) 552-8585,Acute Care - Veterans Administration,Veterans Health Administration,Yes,,5,,8,5,2,3,0,,8,4,1,3,0,,11,6,0,4,2,,15,10,,10,5,
05127F,LOMA LINDA VA MEDICAL CENTER,11201 BENTON STREET,LOMA LINDA,CA,92357,SAN BERNARDINO,(909) 825-7084,Acute Care - Veterans Administration,Veterans Health Administration,Yes,,3,,8,5,1,4,0,,8,4,1,3,0,,11,6,0,5,1,,15,10,,10,5,
05128F,VA GREATER LOS ANGELES HEALTHCARE SYSTEM,11301 WILSHIRE BLVD.,LOS ANGELES,CA,90073,LOS ANGELES,(310) 478-3711,Acute Care - Veterans Administration,Veterans Health Administration,Yes,,3,,8,5,2,3,0,,8,4,0,4,0,,11,6,0,2,4,,15,10,,10,5,
051300,EASTERN PLUMAS HOSPITAL - PORTOLA CAMPUS,500 FIRST AVENUE,PORTOLA,CA,96122,PLUMAS,(530) 832-6500,Critical Access Hospitals,Government - Hospital District or Authority,Yes,,Not Available,16,8,Not Available,Not Available,Not Available,Not Available,5.0,8,Not Available,Not Available,Not Available,Not Available,5.0,11,Not Available,Not Available,Not Available,Not Available,5.0,15,Not Available,5.0,10,4,
051301,ADVENTIST HEALTH TEHACHAPI VALLEY,1100 MAGELLAN,TEHACHAPI,CA,93561,KERN,(661) 868-6800,Critical Access Hospitals,Voluntary non-profit - Private,Yes,,3,,8,3,0,3,0,,8,2,0,2,0,,11,4,0,3,1,,15,15,,10,5,
051302,SOUTHERN INYO HOSPITAL,501 EAST LOCUST STREET,LONE PINE,CA,93545,INYO,(760) 876-5501,Critical Access Hospitals,Government - Hospital District or Authority,Yes,,Not Available,16,8,Not Available,Not Available,Not Available,Not Available,5.0,8,Not Available,Not Available,Not Available,Not Available,5.0,11,1,0,1,0,,15,Not Available,5.0,10,2,
051303,MAMMOTH HOSPITAL,85 SIERRA PARK ROAD PO BOX 660,MAMMOTH LAKES,CA,93546,MONO,(760) 934-3311,Critical Access Hospitals,Government - Hospital District or Authority,Yes,,Not Available,16,8,1,0,1,0,,8,1,0,1,0,,11,2,0,2,0,,15,10,,10,5,
051304,JOHN C FREMONT HEALTHCARE DISTRICT,5189 HOSPITAL ROAD,MARIPOSA,CA,95338,MARIPOSA,(209) 966-3631,Critical Access Hospitals,Government - Hospital District or Authority,Yes,,Not Available,16,8,2,0,2,0,,8,Not Available,Not Available,Not Available,Not Available,5.0,11,2,0,1,1,,15,Not Available,5.0,10,4,
051305,MAYERS MEMORIAL HOSPITAL,43563 HWY 299 EAST,FALL RIVER MILLS,CA,96028,SHASTA,(530) 336-5511,Critical Access Hospitals,Government - Hospital District or Authority,Yes,,Not Available,16,8,2,0,2,0,,8,Not Available,Not Available,Not Available,Not Available,5.0,11,2,0,2,0,,15,Not Available,5.0,10,3,
051306,GLENN MEDICAL CENTER,1133 W SYCAMORE ST,WILLOWS,CA,95988,GLENN,(530) 934-1818,Critical Access Hospitals,Proprietary,Yes,,Not Available,16,8,2,0,2,0,,8,2,0,2,0,,11,2,1,1,0,,15,Not Available,5.0,10,3,
051307,CATALINA ISLAND MEDICAL CENTER,100 FALLS CANYON ROAD,AVALON,CA,90704,LOS ANGELES,(310) 510-0700,Critical Access Hospitals,Voluntary non-profit - Private,Yes,,Not Available,16,8,Not Available,Not Available,Not Available,Not Available,5.0,8,Not Available,Not Available,Not Available,Not Available,5.0,11,Not Available,Not Available,Not Available,Not Available,5.0,15,Not Available,5.0,10,3,
051308,SURPRISE VALLEY COMMUNITY HOSPITAL,741 NORTH MAIN STREET,CEDARVILLE,CA,96104,MODOC,(530) 279-6111,Critical Access Hospitals,Government - Hospital District or Authority,Yes,,Not Available,16,8,Not Available,Not Available,Not Available,Not Available,5.0,8,Not Available,Not Available,Not Available,Not Available,5.0,11,Not Available,Not Available,Not Available,Not Available,5.0,15,Not Available,5.0,10,1,
051309,JEROLD PHELPS COMMUNITY HOSPITAL,733 CEDAR ST,GARBERVILLE,CA,95542,HUMBOLDT,(707) 923-3921,Critical Access Hospitals,Government - Hospital District or Authority,Yes,,Not Available,16,8,Not Available,Not Available,Not Available,Not Available,5.0,8,Not Available,Not Available,Not Available,Not Available,5.0,11,Not Available,Not Available,Not Available,Not Available,5.0,15,Not Available,5.0,10,3,
05130F,SAN FRANCISCO VA MEDICAL CENTER,4150 CLEMENT STREET,SAN FRANCISCO,CA,94121,SAN FRANCISCO,(415) 221-4810,Acute Care - Veterans Administration,Veterans Health Administration,Yes,,4,,8,5,2,3,0,,8,4,0,4,0,,11,6,0,4,2,,15,10,,10,5,
051310,ADVENTIST HEALTH HOWARD MEMORIAL,1 MARCELA DR,WILLITS,CA,95490,MENDOCINO,(707) 456-3031,Critical Access Hospitals,Voluntary non-profit - Private,No,,5,,8,4,0,4,0,,8,3,0,3,0,,11,6,1,5,0,,15,15,,10,6,
051311,ORCHARD HOSPITAL,240 SPRUCE STREET,GRIDLEY,CA,95948,BUTTE,(530) 846-5671,Critical Access Hospitals,Voluntary non-profit - Private,Yes,,Not Available,16,8,2,0,2,0,,8,1,0,1,0,,11,3,0,3,0,,15,Not Available,5.0,10,4,
051312,MOUNTAINS COMMUNITY HOSPITAL,29101 HOSPITAL ROAD,LAKE ARROWHEAD,CA,92352,SAN BERNARDINO,(909) 336-3651,Critical Access Hospitals,Government - Hospital District or Authority,Yes,,Not Available,16,8,1,0,1,0,,8,Not Available,Not Available,Not Available,Not Available,5.0,11,1,0,1,0,,15,Not Available,5.0,10,5,
051314,KERN VALLEY HEALTHCARE DISTRICT,6412 LAUREL AVE,LAKE ISABELLA,CA,93240,KERN,(760) 379-2681,Critical Access Hospitals,Government - Hospital District or Authority,Yes,,3,,8,3,0,3,0,,8,Not Available,Not Available,Not Available,Not Available,5.0,11,3,0,3,0,,15,Not Available,5.0,10,5,
051315,TRINITY HOSPITAL,60 EASTER AVENUE,WEAVERVILLE,CA,96093,TRINITY,(530) 623-5541,Critical Access Hospitals,Government - Hospital District or Authority,Yes,,Not Available,16,8,1,0,1,0,,8,Not Available,Not Available,Not Available,Not Available,5.0,11,2,0,2,0,,15,Not Available,5.0,10,4,
051316,FAIRCHILD MEDICAL CENTER,444 BRUCE STREET,YREKA,CA,96097,SISKIYOU,(530) 842-4121,Critical Access Hospitals,Voluntary non-profit - Other,Yes,Y,2,,8,5,0,4,1,,8,3,0,3,0,,11,7,1,6,0,,15,15,,10,8,
051317,ADVENTIST HEALTH CLEARLAKE,15630 18TH AVE - HWY 53,CLEARLAKE,CA,95422,LAKE,(707) 994-6486,Critical Access Hospitals,Voluntary non-profit - Private,Yes,Y,2,,8,5,0,5,0,,8,2,0,2,0,,11,6,0,6,0,,15,15,,10,8,
051318,PROVIDENCE REDWOOD MEMORIAL HOSPITAL,3300 RENNER DRIVE,FORTUNA,CA,95540,HUMBOLDT,(707) 445-8121,Critical Access Hospitals,Voluntary non-profit - Private,Yes,,4,,8,4,0,4,0,,8,2,0,2,0,,11,8,2,6,0,,15,15,,10,5,
051319,MERCY MEDICAL CENTER OF MT SHASTA,914 PINE STREET,MOUNT SHASTA,CA,96067,SISKIYOU,(530) 926-6111,Critical Access Hospitals,Voluntary non-profit - Other,Yes,Y,4,,8,5,0,5,0,,8,Not Available,Not Available,Not Available,Not Available,5.0,11,5,2,2,1,,15,15,,10,8,
051320,BANNER LASSEN MEDICAL CENTER,1800 SPRING RIDGE DRIVE,SUSANVILLE,CA,96130,LASSEN,(530) 252-2000,Critical Access Hospitals,Voluntary non-profit - Private,Yes,Y,3,,8,4,0,4,0,,8,Not Available,Not Available,Not Available,Not Available,5.0,11,6,0,6,0,,15,Not Available,5.0,10,6,
051321,HEALDSBURG HOSPITAL,1375 UNIVERSITY AVENUE,HEALDSBURG,CA,95448,SONOMA,(707) 431-6500,Critical Access Hospitals,Voluntary non-profit - Private,Yes,,Not Available,16,8,2,0,2,0,,8,Not Available,Not Available,Not Available,Not Available,5.0,11,3,0,2,1,,15,5,,10,5,
051323,COLORADO RIVER MEDICAL CENTER,1401 BAILEY AVE,NEEDLES,CA,92363,SAN BERNARDINO,(760) 326-7162,Critical Access Hospitals,Voluntary non-profit - Private,Yes,,Not Available,16,8,2,0,2,0,,8,Not Available,Not Available,Not Available,Not Available,5.0,11,1,0,1,0,,15,Not Available,5.0,10,3,
051324,NORTHERN INYO HOSPITAL,150 PIONEER LANE,BISHOP,CA,93514,INYO,(760) 873-5811,Critical Access Hospitals,Government - Hospital District or Authority,Yes,Y,3,,8,3,0,3,0,,8,Not Available,Not Available,Not Available,Not Available,5.0,11,5,1,3,1,,15,10,,10,7,
051325,ADVENTIST HEALTH MENDOCINO COAST,700 RIVER DRIVE,FORT BRAGG,CA,95437,MENDOCINO,(707) 961-1234,Critical Access Hospitals,Voluntary non-profit - Private,Yes,,3,,8,4,0,4,0,,8,2,0,2,0,,11,7,0,7,0,,15,15,,10,6,
051326,PLUMAS DISTRICT HOSPITAL,1065 BUCKS LAKE ROAD,QUINCY,CA,95971,PLUMAS,(530) 283-2121,Critical Access Hospitals,Government - Hospital District or Authority,Yes,,Not Available,16,8,2,0,2,0,,8,Not Available,Not Available,Not Available,Not Available,5.0,11,3,0,2,1,,15,Not Available,5.0,10,6,
051327,SENECA DISTRICT HOSPITAL,130 BRENTWOOD DRIVE,CHESTER,CA,96020,PLUMAS,(530) 258-2151,Critical Access Hospitals,Government - Hospital District or Authority,Yes,,Not Available,16,8,Not Available,Not Available,Not Available,Not Available,5.0,8,Not Available,Not Available,Not Available,Not Available,5.0,11,Not Available,Not Available,Not Available,Not Available,5.0,15,Not Available,5.0,10,4,
051328,TAHOE FOREST HOSPITAL,10121 PINE AVE,TRUCKEE,CA,96161,NEVADA,(530) 587-6011,Critical Access Hospitals,Government - Hospital District or Authority,Yes,Y,3,,8,3,0,3,0,,8,2,0,2,0,,11,7,1,5,1,,15,10,,10,8,
051329,SUTTER LAKESIDE HOSPITAL,5176 HILL ROAD EAST,LAKEPORT,CA,95453,LAKE,(707) 262-5000,Critical Access Hospitals,Voluntary non-profit - Private,Yes,Y,4,,8,4,0,4,0,,8,1,0,1,0,,11,6,1,5,0,,15,15,,10,9,
051330,MODOC MEDICAL CENTER,1111 N NAGLE STREET,ALTURAS,CA,96101,MODOC,(530) 233-5131,Critical Access Hospitals,Government - Hospital District or Authority,Yes,,4,,8,3,0,3,0,,8,Not Available,Not Available,Not Available,Not Available,5.0,11,3,1,2,0,,15,Not Available,5.0,10,4,
051331,SANTA YNEZ VALLEY COTTAGE HOSPITAL,2050 VIBORG RD,SOLVANG,CA,93463,SANTA BARBARA,(805) 688-6431,Critical Access Hospitals,Voluntary non-profit - Private,Yes,,Not Available,16,8,2,0,2,0,,8,Not Available,Not Available,Not Available,Not Available,5.0,11,3,0,3,0,,15,5,,10,8,
051332,MARK TWAIN MEDICAL CENTER,768 MOUNTAIN RANCH RD,SAN ANDREAS,CA,95249,CALAVERAS,(209) 754-3521,Critical Access Hospitals,Voluntary non-profit - Other,No,,3,,8,5,0,5,0,,8,Not Available,Not Available,Not Available,Not Available,5.0,11,8,0,7,1,,15,15,,10,7,
051333,RIDGECREST REGIONAL HOSPITAL,1081 NORTH CHINA LAKE BLVD,RIDGECREST,CA,93555,KERN,(760) 446-3551,Critical Access Hospitals,Voluntary non-profit - Private,Yes,,Not Available,16,8,Not Available,Not Available,Not Available,Not Available,5.0,8,Not Available,Not Available,Not Available,Not Available,5.0,11,2,0,2,0,,15,Not Available,5.0,10,6,
051334,COMMUNITY MEMORIAL HOSPITAL - OJAI,1306 MARICOPA HWY,OJAI,CA,93023,VENTURA,(805) 646-1401,Critical Access Hospitals,Voluntary non-profit - Private,Yes,,Not Available,16,8,1,0,1,0,,8,Not Available,Not Available,Not Available,Not Available,5.0,11,1,0,1,0,,15,Not Available,5.0,10,3,
051335,BEAR VALLEY COMMUNITY HOSPITAL,41870 GARSTIN DR,BIG BEAR LAKE,CA,92315,SAN BERNARDINO,(909) 866-6501,Critical Access Hospitals,Government - Hospital District or Authority,Yes,,Not Available,16,8,Not Available,Not Available,Not Available,Not Available,5.0,8,Not Available,Not Available,Not Available,Not Available,5.0,11,Not Available,Not Available,Not Available,Not Available,5.0,15,Not Available,5.0,10,5,
051336,SOUTHERN MONTEREY COUNTY MEMORIAL HOSPITAL,300 CANAL STREET,KING CITY,CA,93930,MONTEREY,(831) 385-6000,Critical Access Hospitals,Voluntary non-profit - Other,Yes,,Not Available,16,8,1,0,1,0,,8,Not Available,Not Available,Not Available,Not Available,5.0,11,1,0,1,0,,15,Not Available,5.0,10,5,
051337,HAZEL HAWKINS MEMORIAL HOSPITAL,911 SUNSET DRIVE,HOLLISTER,CA,95032,SANTA CLARA,(831) 637-5711,Critical Access Hospitals,Government - Hospital District or Authority,Yes,,Not Available,16,8,Not Available,Not Available,Not Available,Not Available,5.0,8,Not Available,Not Available,Not Available,Not Available,5.0,11,2,0,2,0,,15,5,,10,3,
051338,COALINGA REGIONAL MEDICAL CENTER,1191 PHELPS AVENUE,COALINGA,CA,93210,FRESNO,(559) 821-6202,Critical Access Hospitals,Government - Hospital District or Authority,Yes,,Not Available,19,Not Available,Not Available,Not Available,Not Available,Not Available,19.0,Not Available,Not Available,Not Available,Not Available,Not Available,19.0,Not Available,Not Available,Not Available,Not Available,Not Available,19.0,Not Available,Not Available,19.0,Not Available,Not Available,19.0
051339,PALO VERDE HOSPITAL,250 NORTH FIRST STREET,BLYTHE,CA,92225,RIVERSIDE,(760) 922-4115,Critical Access Hospitals,Government - Hospital District or Authority,No,,Not Available,5,8,Not Available,Not Available,Not Available,Not Available,5.0,8,Not Available,Not Available,Not Available,Not Available,5.0,11,Not Available,Not Available,Not Available,Not Available,5.0,15,Not Available,5.0,10,1,16.0
053300,VALLEY CHILDREN'S HOSPITAL,9300 VALLEY CHILDRENS PLACE,MADERA,CA,93636,MADERA,(559) 353-5116,Childrens,Voluntary non-profit - Private,Yes,,Not Available,19,Not Available,Not Available,Not Available,Not Available,Not Available,19.0,Not Available,Not Available,Not Available,Not Available,Not Available,19.0,Not Available,Not Available,Not Available,Not Available,Not Available,19.0,Not Available,Not Available,19.0,Not Available,Not Available,19.0
053301,UCSF BENIOFF CHILDREN'S HOSPITAL OAKLAND,747 52ND STREET,OAKLAND,CA,94609,ALAMEDA,(510) 428-3000,Childrens,Voluntary non-profit - Private,Yes,,Not Available,19,Not Available,Not Available,Not Available,Not Available,Not Available,19.0,Not Available,Not Available,Not Available,Not Available,Not Available,19.0,Not Available,Not Available,Not Available,Not Available,Not Available,19.0,Not Available,Not Available,19.0,Not Available,Not Available,19.0
053302,CHILDREN'S HOSP OF LOS ANGELES,"4650 SUNSET BLVD, MS 108",LOS ANGELES,CA,90027,LOS ANGELES,(323) 669-2164,Childrens,Voluntary non-profit - Private,Yes,,Not Available,19,Not Available,Not Available,Not Available,Not Available,Not Available,19.0,Not Available,Not Available,Not Available,Not Available,Not Available,19.0,Not Available,Not Available,Not Available,Not Available,Not Available,19.0,Not Available,Not Available,19.0,Not Available,Not Available,19.0
053303,RADY CHILDREN'S HOSPITAL - SAN DIEGO,3020 CHILDRENS WAY,SAN DIEGO,CA,92123,SAN DIEGO,(858) 576-1700,Childrens,Voluntary non-profit - Other,No,,Not Available,19,Not Available,Not Available,Not Available,Not Available,Not Available,19.0,Not Available,Not Available,Not Available,Not Available,Not Available,19.0,Not Available,Not Available,Not Available,Not Available,Not Available,19.0,Not Available,Not Available,19.0,Not Available,Not Available,19.0
053304,CHILDREN'S HOSPITAL OF ORANGE COUNTY,1201 W LA VETA AVE,ORANGE,CA,92868,ORANGE,(714) 997-3000,Childrens,Voluntary non-profit - Other,No,,Not Available,19,Not Available,Not Available,Not Available,Not Available,Not Available,19.0,Not Available,Not Available,Not Available,Not Available,Not Available,19.0,Not Available,Not Available,Not Available,Not Available,Not Available,19.0,Not Available,Not Available,19.0,Not Available,Not Available,19.0
053305,LUCILE SALTER PACKARD CHILDREN'S HSP AT STANFORD,725 WELCH ROAD,PALO ALTO,CA,94304,SANTA CLARA,(650) 497-8000,Childrens,Voluntary non-profit - Private,No,,Not Available,19,Not Available,Not Available,Not Available,Not Available,Not Available,19.0,Not Available,Not Available,Not Available,Not Available,Not Available,19.0,Not Available,Not Available,Not Available,Not Available,Not Available,19.0,Not Available,Not Available,19.0,Not Available,Not Available,19.0
053306,CHILDREN'S HOSPITAL AT MISSION,"27700 MEDICAL CENTER RD, 5TH FLOOR",MISSION VIEJO,CA,92691,ORANGE,(949) 365-2408,Childrens,Voluntary non-profit - Private,Yes,,Not Available,19,Not Available,Not Available,Not Available,Not Available,Not Available,19.0,Not Available,Not Available,Not Available,Not Available,Not Available,19.0,Not Available,Not Available,Not Available,Not Available,Not Available,19.0,Not Available,Not Available,19.0,Not Available,Not Available,19.0
053308,HEALTHBRIDGE CHILDREN'S HOSPITAL - ORANGE,393 S TUSTIN STREET,ORANGE,CA,92866,ORANGE,(714) 289-2400,Childrens,Proprietary,No,,Not Available,19,Not Available,Not Available,Not Available,Not Available,Not Available,19.0,Not Available,Not Available,Not Available,Not Available,Not Available,19.0,Not Available,Not Available,Not Available,Not Available,Not Available,19.0,Not Available,Not Available,19.0,Not Available,Not Available,19.0
053309,MEMORIAL CARE MILLER CHILDREN'S &  WOMEN'S HOSP LB,2801 ATLANTIC AVENUE,LONG BEACH,CA,90806,LOS ANGELES,(562) 933-8001,Childrens,Voluntary non-profit - Other,No,,Not Available,19,Not Available,Not Available,Not Available,Not Available,Not Available,19.0,Not Available,Not Available,Not Available,Not Available,Not Available,19.0,Not Available,Not Available,Not Available,Not Available,Not Available,19.0,Not Available,Not Available,19.0,Not Available,Not Available,19.0
053311,SHRINERS HOSPITALS FOR CHILDREN NORTHERN CALIF,2425 STOCKTON BOULEVARD,SACRAMENTO,CA,95817,SACRAMENTO,(916) 453-2000,Childrens,Voluntary non-profit - Private,No,,Not Available,19,Not Available,Not Available,Not Available,Not Available,Not Available,19.0,Not Available,Not Available,Not Available,Not Available,Not Available,19.0,Not Available,Not Available,Not Available,Not Available,Not Available,19.0,Not Available,Not Available,19.0,Not Available,Not Available,19.0
054009,RESNICK NEUROPSYCHIATRIC HOSPITAL AT UCLA,150 MEDICAL PLAZA-RM-4230C,LOS ANGELES,CA,90095,LOS ANGELES,(310) 825-6962,Psychiatric,Government - State,Yes,,Not Available,19,Not Available,Not Available,Not Available,Not Available,Not Available,19.0,Not Available,Not Available,Not Available,Not Available,Not Available,19.0,Not Available,Not Available,Not Available,Not Available,Not Available,19.0,Not Available,Not Available,19.0,Not Available,Not Available,19.0
054028,GATEWAYS HOSP  MENTAL HEALTH CTR,1891 EFFIE ST,LOS ANGELES,CA,90026,LOS ANGELES,(213) 666-0171,Psychiatric,Proprietary,No,,Not Available,19,Not Available,Not Available,Not Available,Not Available,Not Available,19.0,Not Available,Not Available,Not Available,Not Available,Not Available,19.0,Not Available,Not Available,Not Available,Not Available,Not Available,19.0,Not Available,Not Available,19.0,Not Available,Not Available,19.0
054032,BHC ALHAMBRA HOSPITAL,4619 N ROSEMEAD BLVD,ROSEMEAD,CA,91770,LOS ANGELES,(626) 286-1191,Psychiatric,Proprietary,No,,Not Available,19,Not Available,Not Available,Not Available,Not Available,Not Available,19.0,Not Available,Not Available,Not Available,Not Available,Not Available,19.0,Not Available,Not Available,Not Available,Not Available,Not Available,19.0,Not Available,Not Available,19.0,Not Available,Not Available,19.0
054053,DEL AMO HOSPITAL,23700 CAMINO DEL SOL,TORRANCE,CA,90505,LOS ANGELES,(310) 530-1151,Psychiatric,Proprietary,Yes,,Not Available,19,Not Available,Not Available,Not Available,Not Available,Not Available,19.0,Not Available,Not Available,Not Available,Not Available,Not Available,19.0,Not Available,Not Available,Not Available,Not Available,Not Available,19.0,Not Available,Not Available,19.0,Not Available,Not Available,19.0
054055,COLLEGE HOSPITAL,10802 COLLEGE PL,CERRITOS,CA,90703,LOS ANGELES,(562) 924-9581,Psychiatric,Proprietary,No,,Not Available,19,Not Available,Not Available,Not Available,Not Available,Not Available,19.0,Not Available,Not Available,Not Available,Not Available,Not Available,19.0,Not Available,Not Available,Not Available,Not Available,Not Available,19.0,Not Available,Not Available,19.0,Not Available,Not Available,19.0
054069,AURORA CHARTER OAK,1161 E COVINA BLVD,COVINA,CA,91724,LOS ANGELES,(626) 966-1632,Psychiatric,Voluntary non-profit - Church,Yes,,Not Available,19,Not Available,Not Available,Not Available,Not Available,Not Available,19.0,Not Available,Not Available,Not Available,Not Available,Not Available,19.0,Not Available,Not Available,Not Available,Not Available,Not Available,19.0,Not Available,Not Available,19.0,Not Available,Not Available,19.0
054074,ADVENTIST HEALTH VALLEJO,525 OREGON ST,VALLEJO,CA,94590,SOLANO,(707) 648-2200,Psychiatric,Voluntary non-profit - Private,No,,Not Available,19,Not Available,Not Available,Not Available,Not Available,Not Available,19.0,Not Available,Not Available,Not Available,Not Available,Not Available,19.0,Not Available,Not Available,Not Available,Not Available,Not Available,19.0,Not Available,Not Available,19.0,Not Available,Not Available,19.0
054075,ALVARADO PARKWAY INSTITUTE BEHAVIORAL HEALTH SYSTE,7050 PARKWAY DRIVE,LA MESA,CA,91942,SAN DIEGO,(619) 465-4411,Psychiatric,Voluntary non-profit - Private,No,,Not Available,19,Not Available,Not Available,Not Available,Not Available,Not Available,19.0,Not Available,Not Available,Not Available,Not Available,Not Available,19.0,Not Available,Not Available,Not Available,Not Available,Not Available,19.0,Not Available,Not Available,19.0,Not Available,Not Available,19.0
054077,AURORA VISTA DEL MAR HOSPITAL,801 SENECA ST,VENTURA,CA,93001,VENTURA,(805) 653-6434,Psychiatric,Proprietary,No,,Not Available,19,Not Available,Not Available,Not Available,Not Available,Not Available,19.0,Not Available,Not Available,Not Available,Not Available,Not Available,19.0,Not Available,Not Available,Not Available,Not Available,Not Available,19.0,Not Available,Not Available,19.0,Not Available,Not Available,19.0
054078,AURORA LAS ENCINAS,2900 E DEL MAR BLVD,PASADENA,CA,91107,LOS ANGELES,(626) 795-9901,Psychiatric,Proprietary,No,,Not Available,19,Not Available,Not Available,Not Available,Not Available,Not Available,19.0,Not Available,Not Available,Not Available,Not Available,Not Available,19.0,Not Available,Not Available,Not Available,Not Available,Not Available,19.0,Not Available,Not Available,19.0,Not Available,Not Available,19.0
054087,"BHC SIERRA VISTA HOSPITAL, INC",8001 BRUCEVILLE ROAD,SACRAMENTO,CA,95823,SACRAMENTO,(916) 423-2000,Psychiatric,Proprietary,No,,Not Available,19,Not Available,Not Available,Not Available,Not Available,Not Available,19.0,Not Available,Not Available,Not Available,Not Available,Not Available,19.0,Not Available,Not Available,Not Available,Not Available,Not Available,19.0,Not Available,Not Available,19.0,Not Available,Not Available,19.0
054089,JEWISH HOME & REHAB CENTER,302  SILVER AVENUE,SAN FRANCISCO,CA,94112,SAN FRANCISCO,(415) 334-2500,Psychiatric,Voluntary non-profit - Private,No,,Not Available,19,Not Available,Not Available,Not Available,Not Available,Not Available,19.0,Not Available,Not Available,Not Available,Not Available,Not Available,19.0,Not Available,Not Available,Not Available,Not Available,Not Available,19.0,Not Available,Not Available,19.0,Not Available,Not Available,19.0
054095,AURORA SAN DIEGO,11878 AVENUE OF INDUSTRY,SAN DIEGO,CA,92128,SAN DIEGO,(858) 487-3200,Psychiatric,Proprietary,No,,Not Available,19,Not Available,Not Available,Not Available,Not Available,Not Available,19.0,Not Available,Not Available,Not Available,Not Available,Not Available,19.0,Not Available,Not Available,Not Available,Not Available,Not Available,19.0,Not Available,Not Available,19.0,Not Available,Not Available,19.0
054096,SUTTER CENTER FOR PSYCHIATRY,7700 FOLSOM BLVD,SACRAMENTO,CA,95826,SACRAMENTO,(916) 386-3000,Psychiatric,Voluntary non-profit - Private,No,,Not Available,19,Not Available,Not Available,Not Available,Not Available,Not Available,19.0,Not Available,Not Available,Not Available,Not Available,Not Available,19.0,Not Available,Not Available,Not Available,Not Available,Not Available,19.0,Not Available,Not Available,19.0,Not Available,Not Available,19.0
054104,HERITAGE OAKS HOSPITAL,4250 AUBURN BLVD,SACRAMENTO,CA,95841,SACRAMENTO,(916) 489-3336,Psychiatric,Proprietary,Yes,,Not Available,19,Not Available,Not Available,Not Available,Not Available,Not Available,19.0,Not Available,Not Available,Not Available,Not Available,Not Available,19.0,Not Available,Not Available,Not Available,Not Available,Not Available,19.0,Not Available,Not Available,19.0,Not Available,Not Available,19.0
054110,BHC FREMONT HOSPITAL INC,39001 SUNDALE DRIVE,FREMONT,CA,94538,ALAMEDA,(510) 796-1100,Psychiatric,Proprietary,No,,Not Available,19,Not Available,Not Available,Not Available,Not Available,Not Available,19.0,Not Available,Not Available,Not Available,Not Available,Not Available,19.0,Not Available,Not Available,Not Available,Not Available,Not Available,19.0,Not Available,Not Available,19.0,Not Available,Not Available,19.0
054111,CANYON RIDGE HOSPITAL,5353 G STREET,CHINO,CA,91710,SAN BERNARDINO,(909) 590-3700,Psychiatric,Proprietary,No,,Not Available,19,Not Available,Not Available,Not Available,Not Available,Not Available,19.0,Not Available,Not Available,Not Available,Not Available,Not Available,19.0,Not Available,Not Available,Not Available,Not Available,Not Available,19.0,Not Available,Not Available,19.0,Not Available,Not Available,19.0
054122,DEPT OF STATE HOSPITALS - NAPA,2100 NAPA VALLEJO HIGHWAY,NAPA,CA,94558,NAPA,(707) 253-5000,Psychiatric,Government - State,No,,Not Available,19,Not Available,Not Available,Not Available,Not Available,Not Available,19.0,Not Available,Not Available,Not Available,Not Available,Not Available,19.0,Not Available,Not Available,Not Available,Not Available,Not Available,19.0,Not Available,Not Available,19.0,Not Available,Not Available,19.0
054123,ST JOSEPH'S BEHAVIORAL HEALTH CENTER,2510 N  CALIFORNIA ST,STOCKTON,CA,95204,SAN JOAQUIN,(209) 461-2000,Psychiatric,Voluntary non-profit - Private,No,,Not Available,19,Not Available,Not Available,Not Available,Not Available,Not Available,19.0,Not Available,Not Available,Not Available,Not Available,Not Available,19.0,Not Available,Not Available,Not Available,Not Available,Not Available,19.0,Not Available,Not Available,19.0,Not Available,Not Available,19.0
054124,SEMPERVIRENS,720 WOOD ST,EUREKA,CA,95501,HUMBOLDT,(707) 268-2990,Psychiatric,Government - Local,Yes,,Not Available,19,Not Available,Not Available,Not Available,Not Available,Not Available,19.0,Not Available,Not Available,Not Available,Not Available,Not Available,19.0,Not Available,Not Available,Not Available,Not Available,Not Available,19.0,Not Available,Not Available,19.0,Not Available,Not Available,19.0
054125,SANTA BARBARA COUNTY PSYCHIATRIC HEALTH FACILITY,315 CAMINO DEL REMEDIO,SANTA BARBARA,CA,93110,SANTA BARBARA,(805) 681-5244,Psychiatric,Government - Local,No,,Not Available,19,Not Available,Not Available,Not Available,Not Available,Not Available,19.0,Not Available,Not Available,Not Available,Not Available,Not Available,19.0,Not Available,Not Available,Not Available,Not Available,Not Available,19.0,Not Available,Not Available,19.0,Not Available,Not Available,19.0
054130,PACIFIC GROVE HOSPITAL,5900 BROCKTON AVE,RIVERSIDE,CA,92506,RIVERSIDE,(951) 275-8400,Psychiatric,Proprietary,No,,Not Available,19,Not Available,Not Available,Not Available,Not Available,Not Available,19.0,Not Available,Not Available,Not Available,Not Available,Not Available,19.0,Not Available,Not Available,Not Available,Not Available,Not Available,19.0,Not Available,Not Available,19.0,Not Available,Not Available,19.0
054131,JOHN MUIR BEHAVIORAL HEALTH CENTER,2740 GRANT STREET,CONCORD,CA,94520,CONTRA COSTA,(925) 674-4101,Psychiatric,Voluntary non-profit - Private,Yes,,Not Available,19,Not Available,Not Available,Not Available,Not Available,Not Available,19.0,Not Available,Not Available,Not Available,Not Available,Not Available,19.0,Not Available,Not Available,Not Available,Not Available,Not Available,19.0,Not Available,Not Available,19.0,Not Available,Not Available,19.0
054133,DEPT OF STATE HOSPITALS - METROPOLITAN - PSY,11401 S NORWALK BLVD,NORWALK,CA,90650,LOS ANGELES,(562) 863-7011,Psychiatric,Government - State,Yes,,Not Available,19,Not Available,Not Available,Not Available,Not Available,Not Available,19.0,Not Available,Not Available,Not Available,Not Available,Not Available,19.0,Not Available,Not Available,Not Available,Not Available,Not Available,19.0,Not Available,Not Available,19.0,Not Available,Not Available,19.0
054144,UCSF LANGLEY PORTER PSYCHIATRIC HOSPITAL AND CLINICS,"1600 DIVISADERO STREET, 7TH FLOOR",SAN FRANCISCO,CA,94143,SAN FRANCISCO,(415) 476-7000,Psychiatric,Government - State,No,,Not Available,19,Not Available,Not Available,Not Available,Not Available,Not Available,19.0,Not Available,Not Available,Not Available,Not Available,Not Available,19.0,Not Available,Not Available,Not Available,Not Available,Not Available,19.0,Not Available,Not Available,19.0,Not Available,Not Available,19.0
054145,SHARP MESA VISTA HOSPITAL,7850 VISTA HILL AVENUE,SAN DIEGO,CA,92123,SAN DIEGO,(858) 278-4110,Psychiatric,Voluntary non-profit - Private,No,,Not Available,19,Not Available,Not Available,Not Available,Not Available,Not Available,19.0,Not Available,Not Available,Not Available,Not Available,Not Available,19.0,Not Available,Not Available,Not Available,Not Available,Not Available,19.0,Not Available,Not Available,19.0,Not Available,Not Available,19.0
054146,TELECARE HERITAGE PSYCHIATRIC HEALTH FACILITY,"2633 E 27TH STREET, BUILDING B",OAKLAND,CA,94601,ALAMEDA,(510) 535-5115,Psychiatric,Proprietary,No,,Not Available,19,Not Available,Not Available,Not Available,Not Available,Not Available,19.0,Not Available,Not Available,Not Available,Not Available,Not Available,19.0,Not Available,Not Available,Not Available,Not Available,Not Available,19.0,Not Available,Not Available,19.0,Not Available,Not Available,19.0
054147,JOYCE EISENBERG KEEFER MEDICAL CENTER,7150 TAMPA AVENUE,RESEDA,CA,91335,LOS ANGELES,(818) 774-3314,Psychiatric,Voluntary non-profit - Private,No,,Not Available,19,Not Available,Not Available,Not Available,Not Available,Not Available,19.0,Not Available,Not Available,Not Available,Not Available,Not Available,19.0,Not Available,Not Available,Not Available,Not Available,Not Available,19.0,Not Available,Not Available,19.0,Not Available,Not Available,19.0
054148,TARZANA TREATMENT CENTER,18646 OXNARD STREET,TARZANA,CA,91356,LOS ANGELES,(818) 996-1051,Psychiatric,Voluntary non-profit - Private,No,,Not Available,19,Not Available,Not Available,Not Available,Not Available,Not Available,19.0,Not Available,Not Available,Not Available,Not Available,Not Available,19.0,Not Available,Not Available,Not Available,Not Available,Not Available,19.0,Not Available,Not Available,19.0,Not Available,Not Available,19.0
054149,WILLOW ROCK CENTER,2050 FAIRMONT DRIVE,SAN LEANDRO,CA,94578,ALAMEDA,(510) 895-5502,Psychiatric,Proprietary,No,,Not Available,19,Not Available,Not Available,Not Available,Not Available,Not Available,19.0,Not Available,Not Available,Not Available,Not Available,Not Available,19.0,Not Available,Not Available,Not Available,Not Available,Not Available,19.0,Not Available,Not Available,19.0,Not Available,Not Available,19.0
054150,KAISER PERMANENTE PSYCHIATRIC HEALTH FACILITY-SANT,3840 HOMESTEAD ROAD,SANTA CLARA,CA,95051,SANTA CLARA,(408) 851-4850,Psychiatric,Proprietary,Yes,,Not Available,19,Not Available,Not Available,Not Available,Not Available,Not Available,19.0,Not Available,Not Available,Not Available,Not Available,Not Available,19.0,Not Available,Not Available,Not Available,Not Available,Not Available,19.0,Not Available,Not Available,19.0,Not Available,Not Available,19.0
054151,"AURORA BEHAVIORAL HEALTHCARE-SANTA ROSA, LLC",1287 FULTON ROAD,SANTA ROSA,CA,95401,SONOMA,(707) 800-7700,Psychiatric,Proprietary,No,,Not Available,19,Not Available,Not Available,Not Available,Not Available,Not Available,19.0,Not Available,Not Available,Not Available,Not Available,Not Available,19.0,Not Available,Not Available,Not Available,Not Available,Not Available,19.0,Not Available,Not Available,19.0,Not Available,Not Available,19.0
054152,SANTA CRUZ COUNTY PSYCHIATRIC HEALTH FACILITY,"2250 SOQUEL AVENUE, SUITE 150",SANTA CRUZ,CA,95062,SANTA CRUZ,(831) 600-2801,Psychiatric,Proprietary,No,,Not Available,19,Not Available,Not Available,Not Available,Not Available,Not Available,19.0,Not Available,Not Available,Not Available,Not Available,Not Available,19.0,Not Available,Not Available,Not Available,Not Available,Not Available,19.0,Not Available,Not Available,19.0,Not Available,Not Available,19.0
054153,OCEAN VIEW PSYCHIATRIC HEALTH FACILITY,"2600 REDONDO AVENUE, SUITE 500",LONG BEACH,CA,90806,LOS ANGELES,(844) 562-1212,Psychiatric,Proprietary,No,,Not Available,19,Not Available,Not Available,Not Available,Not Available,Not Available,19.0,Not Available,Not Available,Not Available,Not Available,Not Available,19.0,Not Available,Not Available,Not Available,Not Available,Not Available,19.0,Not Available,Not Available,19.0,Not Available,Not Available,19.0
054154,SAN JOSE BEHAVIORAL HEALTH,455 SILICON VALLEY BOULEVARD,SAN JOSE,CA,95138,SANTA CLARA,(669) 234-5959,Psychiatric,Proprietary,No,,Not Available,19,Not Available,Not Available,Not Available,Not Available,Not Available,19.0,Not Available,Not Available,Not Available,Not Available,Not Available,19.0,Not Available,Not Available,Not Available,Not Available,Not Available,19.0,Not Available,Not Available,19.0,Not Available,Not Available,19.0
054155,"BAKERSFIELD BEHAVIORAL HEALTHCARE HOSPITAL, LLC",5201 WHITE LANE,BAKERSFIELD,CA,93309,KERN,(661) 398-1800,Psychiatric,Proprietary,No,,Not Available,19,Not Available,Not Available,Not Available,Not Available,Not Available,19.0,Not Available,Not Available,Not Available,Not Available,Not Available,19.0,Not Available,Not Available,Not Available,Not Available,Not Available,19.0,Not Available,Not Available,19.0,Not Available,Not Available,19.0
054157,GLENDORA  HOSPITAL,150 WEST ROUTE 66,GLENDORA,CA,91740,LOS ANGELES,(626) 852-5050,Psychiatric,Voluntary non-profit - Private,No,,Not Available,19,Not Available,Not Available,Not Available,Not Available,Not Available,19.0,Not Available,Not Available,Not Available,Not Available,Not Available,19.0,Not Available,Not Available,Not Available,Not Available,Not Available,19.0,Not Available,Not Available,19.0,Not Available,Not Available,19.0
054158,"ALISO RIDGE BEHAVIORAL HEALTH, LLC",200 FREEDOM LN,ALISO VIEJO,CA,92656,ORANGE,(248) 839-5380,Psychiatric,Proprietary,No,,Not Available,19,Not Available,Not Available,Not Available,Not Available,Not Available,19.0,Not Available,Not Available,Not Available,Not Available,Not Available,19.0,Not Available,Not Available,Not Available,Not Available,Not Available,19.0,Not Available,Not Available,19.0,Not Available,Not Available,19.0
054159,"SACRAMENTO BEHAVIORAL HEALTHCARE HOSPITAL, LLC",1400 EXPO PARKWAY,NORTH SACRAMENTO,CA,95815,SACRAMENTO,(916) 437-6410,Psychiatric,Proprietary,No,,Not Available,19,Not Available,Not Available,Not Available,Not Available,Not Available,19.0,Not Available,Not Available,Not Available,Not Available,Not Available,19.0,Not Available,Not Available,Not Available,Not Available,Not Available,19.0,Not Available,Not Available,19.0,Not Available,Not Available,19.0
054160,RIVER VISTA BEHAVIORAL HEALTH,40886 GOODWIN WAY,MADERA,CA,93636,MADERA,(559) 603-6000,Psychiatric,Proprietary,No,,Not Available,19,Not Available,Not Available,Not Available,Not Available,Not Available,19.0,Not Available,Not Available,Not Available,Not Available,Not Available,19.0,Not Available,Not Available,Not Available,Not Available,Not Available,19.0,Not Available,Not Available,19.0,Not Available,Not Available,19.0
060001,BANNER NORTH COLORADO MEDICAL CENTER,1801 16TH ST,GREELEY,CO,80631,WELD,(970) 810-4121,Acute Care Hospitals,Voluntary non-profit - Private,Yes,Y,4,,8,8,0,8,0,,8,6,1,5,0,,11,11,2,9,0,,15,15,,10,9,
060003,LONGMONT UNITED HOSPITAL,1950 MOUNTAIN VIEW AVE,LONGMONT,CO,80501,BOULDER,(303) 651-5111,Acute Care Hospitals,Voluntary non-profit - Private,Yes,Y,3,,8,6,0,6,0,,8,2,1,1,0,,11,5,1,3,1,,15,15,,10,7,
060004,INTERMOUNTAIN HEALTH PLATTE VALLEY HOSPITAL,1600 PRAIRIE CENTER PKWY,BRIGHTON,CO,80601,ADAMS,(303) 498-1600,Acute Care Hospitals,Voluntary non-profit - Private,Yes,Y,3,,8,4,0,4,0,,8,3,0,3,0,,11,5,1,4,0,,15,15,,10,9,
060006,MONTROSE REGIONAL HEALTH,800 S 3RD ST,MONTROSE,CO,81401,MONTROSE,(970) 249-2211,Acute Care Hospitals,Voluntary non-profit - Private,Yes,Y,4,,8,6,0,6,0,,8,3,0,3,0,,11,9,2,7,0,,15,15,,10,10,
060008,SAN LUIS VALLEY REGIONAL  MEDICAL CENTER,106 BLANCA AVE,ALAMOSA,CO,81101,ALAMOSA,(719) 587-1202,Acute Care Hospitals,Voluntary non-profit - Private,Yes,Y,3,,8,2,0,2,0,,8,3,0,3,0,,11,7,0,6,1,,15,15,,10,8,
060009,LUTHERAN MEDICAL CENTER,8300 W 38TH AVE,WHEAT RIDGE,CO,80033,JEFFERSON,(303) 425-4500,Acute Care Hospitals,Voluntary non-profit - Private,Yes,Y,4,,8,7,0,7,0,,8,6,1,5,0,,11,9,3,6,0,,15,15,,10,9,
060010,POUDRE VALLEY HOSPITAL,1024 S LEMAY AVE,FORT COLLINS,CO,80524,LARIMER,(970) 495-7000,Acute Care Hospitals,Voluntary non-profit - Private,Yes,Y,5,,8,7,0,7,0,,8,7,2,4,1,,11,10,4,6,0,,15,15,,10,7,
060011,DENVER HEALTH & HOSPITAL AUTHORITY,777 BANNOCK ST,DENVER,CO,80204,DENVER,(303) 602-4935,Acute Care Hospitals,Government - State,Yes,Y,3,,8,5,0,5,0,,8,6,1,5,0,,11,8,0,7,1,,15,15,,10,6,
060012,ST MARY-CORWIN HOSPITAL,1008 MINNEQUA AVE,PUEBLO,CO,81004,PUEBLO,(719) 557-4000,Acute Care Hospitals,Voluntary non-profit - Church,No,,4,,8,3,0,3,0,,8,4,0,4,0,,11,7,0,6,1,,15,15,,10,9,
060013,MERCY REGIONAL MEDICAL CENTER,1010 THREE SPRINGS BLVD,DURANGO,CO,81301,LA PLATA,(970) 247-4311,Acute Care Hospitals,Voluntary non-profit - Church,Yes,Y,5,,8,6,0,6,0,,8,5,0,5,0,,11,9,3,6,0,,15,15,,10,9,
060014,HCA HEALTHONE PRESBYTERIAN ST LUKE'S,1719 E 19TH AVE,DENVER,CO,80218,DENVER,(303) 839-6000,Acute Care Hospitals,Government - State,Yes,Y,2,,8,4,0,4,0,,8,7,1,6,0,,11,7,0,5,2,,15,15,,10,8,
060015,CENTURA HEALTH-ST ANTHONY HOSPITAL,11600 W 2ND PL,LAKEWOOD,CO,80228,JEFFERSON,(720) 321-0000,Acute Care Hospitals,Voluntary non-profit - Church,Yes,,4,,8,8,0,8,0,,8,6,4,1,1,,11,8,1,6,1,,15,15,,10,8,
060020,"PARKVIEW MEDICAL CENTER, INC",400 W 16TH ST,PUEBLO,CO,81003,PUEBLO,(719) 584-4000,Acute Care Hospitals,Voluntary non-profit - Private,Yes,Y,3,,8,8,0,8,0,,8,7,1,5,1,,11,9,3,5,1,,15,15,,10,10,
060022,UCH-MEMORIAL HEALTH SYSTEM,1400 E BOULDER ST,COLORADO SPRINGS,CO,80909,EL PASO,(719) 365-5000,Acute Care Hospitals,Government - Local,Yes,Y,4,,8,8,1,6,1,,8,8,3,5,0,,11,11,3,7,1,,15,15,,10,8,
060023,INTERMOUNTAIN HEALTH ST. MARY'S REGIONAL HOSPITAL,2635 N 7TH ST,GRAND JUNCTION,CO,81501,MESA,(970) 298-2260,Acute Care Hospitals,Voluntary non-profit - Church,Yes,Y,4,,8,8,0,7,1,,8,7,2,5,0,,11,11,2,9,0,,15,15,,10,9,
060024,UNIVERSITY OF COLORADO HOSPITAL AUTHORITY,12605 E 16TH AVE,AURORA,CO,80045,ADAMS,(720) 848-0000,Acute Care Hospitals,Government - Hospital District or Authority,Yes,Y,5,,8,8,3,5,0,,8,8,3,4,1,,11,11,1,10,0,,15,15,,10,9,
060027,BOULDER COMMUNITY HEALTH,4747 ARAPAHOE AVENUE,BOULDER,CO,80304,BOULDER,(303) 440-2273,Acute Care Hospitals,Voluntary non-profit - Private,Yes,Y,4,,8,8,0,8,0,,8,7,1,5,1,,11,9,3,6,0,,15,15,,10,9,
060028,SAINT JOSEPH HOSPITAL,1375 E 19TH AVE,DENVER,CO,80218,DENVER,(303) 812-2000,Acute Care Hospitals,Voluntary non-profit - Private,Yes,Y,5,,8,5,0,5,0,,8,7,3,4,0,,11,8,0,8,0,,15,15,,10,9,
060030,BANNER NORTH CO MEDICAL CENTER - LOVELAND CAMPUS,2000 BOISE AVE,LOVELAND,CO,80538,LARIMER,(970) 820-4640,Acute Care Hospitals,Voluntary non-profit - Private,Yes,,3,,8,5,0,5,0,,8,3,0,3,0,,11,5,1,4,0,,15,15,,10,9,
060031,CENTURA HEALTH-PENROSE ST FRANCIS HEALTH SERVICES,2222 N NEVADA AVE,COLORADO SPRINGS,CO,80907,EL PASO,(719) 776-5000,Acute Care Hospitals,Voluntary non-profit - Private,Yes,Y,3,,8,8,0,7,1,,8,8,4,4,0,,11,11,4,6,1,,15,15,,10,9,
060032,HCA HEALTHONE ROSE,4567 E 9TH AVE,DENVER,CO,80220,DENVER,(303) 320-2121,Acute Care Hospitals,Proprietary,Yes,Y,4,,8,6,0,6,0,,8,7,1,6,0,,11,6,0,4,2,,15,15,,10,7,
060034,HCA-HEALTHONE DBA SWEDISH MEDICAL CENTER,501 E HAMPDEN AVE,ENGLEWOOD,CO,80113,ARAPAHOE,(303) 788-5000,Acute Care Hospitals,Proprietary,Yes,Y,4,,8,8,1,7,0,,8,8,2,6,0,,11,11,0,9,2,,15,15,,10,7,
06003F,Evans ACH (FT Carson),Fort Carson MEDDAC 1650 Cochrane Cir,Fort Carson,CO,80913,EL PASO,(719) 526-7000,Acute Care - Department of Defense,Department of Defense,Yes,,Not Available,22,Not Available,Not Available,Not Available,Not Available,Not Available,22.0,Not Available,Not Available,Not Available,Not Available,Not Available,22.0,Not Available,Not Available,Not Available,Not Available,Not Available,22.0,Not Available,Not Available,22.0,Not Available,Not Available,22.0
060044,ST ELIZABETH HOSPITAL,1000 LINCOLN ST,FORT MORGAN,CO,80701,MORGAN,(970) 867-3391,Acute Care Hospitals,Voluntary non-profit - Other,Yes,Y,4,,8,3,0,3,0,,8,2,0,2,0,,11,5,1,4,0,,15,15,,10,7,
060049,UCHEALTH YAMPA VALLEY MEDICAL CENTER,1024 CENTRAL PARK DR,STEAMBOAT SPRINGS,CO,80487,ROUTT,(970) 879-1322,Acute Care Hospitals,Voluntary non-profit - Private,Yes,Y,Not Available,16,8,2,0,2,0,,8,2,0,2,0,,11,6,1,5,0,,15,15,,10,7,
060054,COMMUNITY HOSPITAL,2351 'G' RD,GRAND JUNCTION,CO,81505,MESA,(970) 644-3011,Acute Care Hospitals,Voluntary non-profit - Private,Yes,Y,4,,8,4,0,4,0,,8,4,0,4,0,,11,8,1,7,0,,15,15,,10,8,
06005F,VA EASTERN COLORADO HEALTHCARE SYSTEM,1700 NORTH WHEELING STREET,AURORA,CO,80045,ADAMS,(303) 399-8020,Acute Care - Veterans Administration,Veterans Health Administration,Yes,,5,,8,5,2,3,0,,8,4,0,4,0,,11,6,2,3,1,,15,10,,10,5,
060064,AdventHealth Porter,2525 S DOWNING ST,DENVER,CO,80210,DENVER,(303) 778-1955,Acute Care Hospitals,Voluntary non-profit - Private,Yes,,4,,8,8,0,8,0,,8,7,2,5,0,,11,8,2,6,0,,15,15,,10,8,
060065,HCA HEALTHONE MOUNTAIN RIDGE,9191 GRANT ST,THORNTON,CO,80229,ADAMS,(303) 451-7800,Acute Care Hospitals,Voluntary non-profit - Private,Yes,Y,3,,8,6,0,6,0,,8,6,1,5,0,,11,6,0,5,1,,15,15,,10,9,
060071,DELTA COUNTY MEMORIAL HOSPITAL,1501 E 3RD ST,DELTA,CO,81416,DELTA,(970) 874-7681,Acute Care Hospitals,Government - Local,Yes,Y,3,,8,3,0,3,0,,8,2,0,2,0,,11,7,0,5,2,,15,15,,10,9,
060075,VALLEY VIEW HOSPITAL ASSOCIATION,1906 BLAKE AVE,GLENWOOD SPRINGS,CO,81601,GARFIELD,(970) 945-6535,Acute Care Hospitals,Voluntary non-profit - Private,Yes,Y,4,,8,7,0,7,0,,8,2,0,2,0,,11,10,2,8,0,,15,15,,10,10,
060076,STERLING REGIONAL MEDCENTER,615 FAIRHURST ST,STERLING,CO,80751,LOGAN,(970) 522-0122,Acute Care Hospitals,Voluntary non-profit - Private,Yes,Y,3,,8,3,0,3,0,,8,1,0,1,0,,11,7,0,6,1,,15,15,,10,7,
06007F,GRAND JUNCTION VA MEDICAL CENTER,2121 N. AVENUE,GRAND JUNCTION,CO,81501,MESA,(970) 244-1329,Acute Care - Veterans Administration,Veterans Health Administration,Yes,,5,,8,3,0,3,0,,8,2,0,2,0,,11,5,1,4,0,,15,10,,10,4,
060096,VAIL HEALTH HOSPITAL,181 W MEADOW DR,VAIL,CO,81657,EAGLE,(970) 476-2451,Acute Care Hospitals,Voluntary non-profit - Other,Yes,Y,5,,8,3,0,3,0,,8,3,0,3,0,,11,8,0,8,0,,15,15,,10,9,
060100,THE MEDICAL CENTER OF AURORA & SOUTH HOSPITAL,1501 S POTOMAC ST,AURORA,CO,80012,ARAPAHOE,(303) 873-5511,Acute Care Hospitals,Proprietary,Yes,Y,4,,8,8,0,8,0,,8,7,2,3,2,,11,9,2,6,1,,15,15,,10,9,
060103,ADVENTHEALTH AVISTA,100 HEALTH PARK DR,LOUISVILLE,CO,80027,BOULDER,(303) 673-1000,Acute Care Hospitals,Voluntary non-profit - Church,No,Y,4,,8,3,0,3,0,,8,4,0,4,0,,11,7,2,3,2,,15,15,,10,7,
060104,CENTURA HEALTH-ST ANTHONY NORTH HEALTH CAMPUS,14300 ORCHARD PKWY,WESTMINSTER,CO,80023,BROOMFIELD,(720) 627-0000,Acute Care Hospitals,Voluntary non-profit - Private,Yes,Y,5,,8,6,0,6,0,,8,6,2,4,0,,11,7,3,4,0,,15,15,,10,9,
060107,NATIONAL JEWISH HEALTH,1400 JACKSON ST,DENVER,CO,80206,DENVER,(303) 388-4461,Acute Care Hospitals,Voluntary non-profit - Private,Yes,,Not Available,16,8,Not Available,Not Available,Not Available,Not Available,5.0,8,Not Available,Not Available,Not Available,Not Available,5.0,11,3,0,3,0,,15,5,,10,4,
060112,SKY RIDGE MEDICAL CENTER,10101 RIDGEGATE PKWY,LONE TREE,CO,80124,DOUGLAS,(720) 225-1000,Acute Care Hospitals,Voluntary non-profit - Other,Yes,Y,3,,8,7,0,7,0,,8,8,1,6,1,,11,10,1,8,1,,15,15,,10,8,
060113,AdventHealth Littleton,7700 S BROADWAY,LITTLETON,CO,80122,ARAPAHOE,(303) 730-8900,Acute Care Hospitals,Voluntary non-profit - Church,Yes,Y,4,,8,7,0,7,0,,8,7,1,5,1,,11,8,1,7,0,,15,15,,10,8,
060114,AdventHealth Parker,9395 CROWN CREST BLVD,PARKER,CO,80138,DOUGLAS,(303) 269-4000,Acute Care Hospitals,Voluntary non-profit - Private,Yes,Y,5,,8,7,0,7,0,,8,8,2,6,0,,11,10,3,7,0,,15,15,,10,9,
060116,GOOD SAMARITAN MEDICAL CENTER LLC,200 EXEMPLA CIR,LAFAYETTE,CO,80026,BOULDER,(303) 689-4000,Acute Care Hospitals,Voluntary non-profit - Private,Yes,Y,4,,8,7,0,7,0,,8,6,1,5,0,,11,6,0,6,0,,15,15,,10,8,
060117,"ANIMAS SURGICAL HOSPITAL, LLC","575 RIVERGATE LN, UNIT 100",DURANGO,CO,81301,LA PLATA,(970) 247-3537,Acute Care Hospitals,Physician,Yes,,Not Available,16,8,1,0,1,0,,8,2,0,2,0,,11,3,0,3,0,,15,15,,10,6,
060118,ST ANTHONY SUMMIT MEDICAL CENTER,340 PEAK ONE DRIVE,FRISCO,CO,80443,SUMMIT,(970) 668-3300,Acute Care Hospitals,Voluntary non-profit - Church,Yes,Y,Not Available,16,8,1,0,1,0,,8,2,0,2,0,,11,2,0,1,1,,15,15,,10,7,
060119,MEDICAL CENTER OF THE ROCKIES,2500 ROCKY MOUNTAIN AVE,LOVELAND,CO,80538,LARIMER,(970) 624-2500,Acute Care Hospitals,Voluntary non-profit - Private,Yes,Y,5,,8,8,1,7,0,,8,7,1,6,0,,11,11,2,8,1,,15,15,,10,9,
060124,ORTHOCOLORADO HOSP AT ST ANTHONY MED CAMPUS,11650 W 2ND PL,LAKEWOOD,CO,80228,JEFFERSON,(720) 321-5000,Acute Care Hospitals,Proprietary,Yes,,Not Available,16,8,1,0,1,0,,8,2,0,2,0,,11,2,1,1,0,,15,15,,10,2,
060125,ADVENTHEALTH CASTLE ROCK,2350 MEADOWS BLVD,CASTLE ROCK,CO,80109,DOUGLAS,(720) 455-5000,Acute Care Hospitals,Voluntary non-profit - Private,Yes,,5,,8,6,0,6,0,,8,4,1,3,0,,11,6,0,6,0,,15,15,,10,8,
060126,BANNER FORT COLLINS MEDICAL CENTER,4700 LADY MOON DR,FORT COLLINS,CO,80528,LARIMER,(970) 821-4000,Acute Care Hospitals,Voluntary non-profit - Other,Yes,Y,Not Available,16,8,1,0,1,0,,8,1,0,1,0,,11,3,0,3,0,,15,15,,10,7,
060128,LONGS PEAK HOSPITAL,1750 E KEN PRATT BLVD,LONGMONT,CO,80504,BOULDER,(720) 718-3005,Acute Care Hospitals,Voluntary non-profit - Private,Yes,Y,5,,8,6,0,6,0,,8,5,0,5,0,,11,9,3,6,0,,15,15,,10,8,
060129,UCHEALTH BROOMFIELD HOSPITAL,11820 DESTINATION DR,BROOMFIELD,CO,80021,JEFFERSON,(303) 464-4500,Acute Care Hospitals,Proprietary,Yes,,Not Available,16,8,2,0,2,0,,8,2,0,2,0,,11,2,0,2,0,,15,5,,10,5,
060130,UCHEALTH GRANDVIEW HOSPITAL,5623 PULPIT PEAK VW,COLORADO SPRINGS,CO,80918,EL PASO,(719) 365-3300,Acute Care Hospitals,Voluntary non-profit - Private,Yes,,Not Available,16,8,2,0,2,0,,8,2,0,2,0,,11,4,2,2,0,,15,5,,10,6,
060131,UCHEALTH GREELEY HOSPITAL,6767 29TH ST,GREELEY,CO,80634,WELD,(970) 652-2000,Acute Care Hospitals,Voluntary non-profit - Private,Yes,Y,4,,8,6,0,6,0,,8,5,1,4,0,,11,9,2,7,0,,15,15,,10,8,
060132,UCHEALTH HIGHLANDS RANCH HOSPITAL,1500 PARK CENTRAL DR,HIGHLANDS RANCH,CO,80129,DOUGLAS,(720) 516-1000,Acute Care Hospitals,Voluntary non-profit - Private,Yes,Y,5,,8,7,1,6,0,,8,6,1,5,0,,11,8,1,7,0,,15,15,,10,8,
060133,ST FRANCIS HOSPITAL - INTERQUEST,10860 NEW ALLEGIANCE DR,COLORADO SPRINGS,CO,80921,EL PASO,(719) 757-7000,Acute Care Hospitals,Voluntary non-profit - Private,Yes,,Not Available,16,8,1,0,1,0,,8,1,0,1,0,,11,1,0,1,0,,15,5,,10,5,
061300,WEISBROD MEMORIAL COUNTY HOSPITAL,1208 LUTHER ST,EADS,CO,81036,KIOWA,(719) 438-5401,Critical Access Hospitals,Government - Hospital District or Authority,Yes,,Not Available,16,8,Not Available,Not Available,Not Available,Not Available,5.0,8,Not Available,Not Available,Not Available,Not Available,5.0,11,Not Available,Not Available,Not Available,Not Available,5.0,15,Not Available,5.0,10,3,
061301,RIO GRANDE HOSPITAL,310 COUNTY RD 14,DEL NORTE,CO,81132,RIO GRANDE,(719) 657-2510,Critical Access Hospitals,Proprietary,Yes,,4,,8,4,0,4,0,,8,Not Available,Not Available,Not Available,Not Available,5.0,11,5,0,5,0,,15,Not Available,5.0,10,4,
061302,FAMILY HEALTH WEST HOSPITAL,300 W OTTLEY AVE,FRUITA,CO,81521,MESA,(970) 858-9871,Critical Access Hospitals,Voluntary non-profit - Private,Yes,,Not Available,16,8,2,0,2,0,,8,1,0,1,0,,11,2,1,1,0,,15,Not Available,5.0,10,4,
061303,EAST MORGAN COUNTY HOSPITAL,2400 W EDISON ST,BRUSH,CO,80723,MORGAN,(970) 842-6222,Critical Access Hospitals,Voluntary non-profit - Private,Yes,Y,Not Available,16,8,2,0,2,0,,8,Not Available,Not Available,Not Available,Not Available,5.0,11,3,0,3,0,,15,Not Available,5.0,10,6,
061304,HAXTUN HOSPITAL DISTRICT,235 W FLETCHER ST,HAXTUN,CO,80731,PHILLIPS,(970) 774-6123,Critical Access Hospitals,Government - Hospital District or Authority,Yes,,Not Available,16,8,1,0,1,0,,8,1,0,1,0,,11,1,0,1,0,,15,Not Available,5.0,10,2,
061305,MELISSA MEMORIAL HOSPITAL,1001 E JOHNSON ST,HOLYOKE,CO,80734,PHILLIPS,(970) 854-2241,Critical Access Hospitals,Government - Hospital District or Authority,Yes,,Not Available,16,8,1,0,1,0,,8,Not Available,Not Available,Not Available,Not Available,5.0,11,1,0,1,0,,15,Not Available,5.0,10,5,
061306,LINCOLN HEALTH HOSPITAL,111 6TH ST,HUGO,CO,80821,LINCOLN,(719) 743-2421,Critical Access Hospitals,Voluntary non-profit - Other,Yes,,Not Available,16,8,3,0,3,0,,8,Not Available,Not Available,Not Available,Not Available,5.0,11,2,0,1,1,,15,Not Available,5.0,10,3,
061307,RANGELY DISTRICT HOSPITAL,225 EAGLE CREST ST,RANGELY,CO,81648,RIO BLANCO,(970) 675-5011,Critical Access Hospitals,Government - Hospital District or Authority,Yes,,Not Available,16,8,Not Available,Not Available,Not Available,Not Available,5.0,8,Not Available,Not Available,Not Available,Not Available,5.0,11,Not Available,Not Available,Not Available,Not Available,5.0,15,Not Available,5.0,10,1,
061308,SAN LUIS VALLEY HEALTH CONEJOS COUNTY HOSPITAL,19021 US HIGHWAY 285,LA JARA,CO,81140,CONEJOS,(719) 274-5121,Critical Access Hospitals,Voluntary non-profit - Private,No,,Not Available,16,8,Not Available,Not Available,Not Available,Not Available,5.0,8,Not Available,Not Available,Not Available,Not Available,5.0,11,1,0,1,0,,15,Not Available,5.0,10,5,
061309,WRAY COMMUNITY DISTRICT HOSPITAL,1017 W 7TH ST,WRAY,CO,80758,YUMA,(970) 332-4811,Critical Access Hospitals,Government - Hospital District or Authority,Yes,Y,Not Available,16,8,1,0,1,0,,8,1,0,1,0,,11,4,0,4,0,,15,5,,10,5,
061310,SEDGWICK COUNTY MEMORIAL HOSPITAL,900 CEDAR ST,JULESBURG,CO,80737,SEDGWICK,(970) 474-3323,Critical Access Hospitals,Government - Local,Yes,,Not Available,16,8,1,0,1,0,,8,Not Available,Not Available,Not Available,Not Available,5.0,11,2,0,2,0,,15,Not Available,5.0,10,4,
061311,SOUTHEAST COLORADO HOSPITAL DISTRICT,373 E TENTH AVE,SPRINGFIELD,CO,81073,BACA,(719) 523-4501,Critical Access Hospitals,Government - Hospital District or Authority,Yes,,Not Available,16,8,2,0,2,0,,8,Not Available,Not Available,Not Available,Not Available,5.0,11,2,0,2,0,,15,Not Available,5.0,10,5,
061312,ESTES PARK MEDICAL CENTER,555 PROSPECT AVE,ESTES PARK,CO,80517,LARIMER,(970) 577-4470,Critical Access Hospitals,Government - Hospital District or Authority,Yes,,Not Available,16,8,1,0,1,0,,8,Not Available,Not Available,Not Available,Not Available,5.0,11,2,0,2,0,,15,Not Available,5.0,10,3,
061313,KIT CARSON COUNTY MEMORIAL HOSPITAL,286 16TH ST,BURLINGTON,CO,80807,KIT CARSON,(719) 346-4824,Critical Access Hospitals,Government - Hospital District or Authority,Yes,,Not Available,16,8,1,0,1,0,,8,Not Available,Not Available,Not Available,Not Available,5.0,11,1,0,1,0,,15,Not Available,5.0,10,5,
061314,"MEMORIAL HOSPITAL, THE",750 HOSPITAL LOOP,CRAIG,CO,81625,MOFFAT,(970) 824-9411,Critical Access Hospitals,Government - Local,Yes,,Not Available,16,8,2,0,2,0,,8,Not Available,Not Available,Not Available,Not Available,5.0,11,4,0,4,0,,15,Not Available,5.0,10,5,
061315,YUMA DISTRICT HOSPITAL,1000 W 8TH AVE,YUMA,CO,80759,YUMA,(970) 848-5405,Critical Access Hospitals,Government - Hospital District or Authority,Yes,,Not Available,16,8,1,0,1,0,,8,Not Available,Not Available,Not Available,Not Available,5.0,11,1,0,1,0,,15,Not Available,5.0,10,3,
061316,SPANISH PEAKS REGIONAL HEALTH CENTER,23500 US HIGHWAY 160,WALSENBURG,CO,81089,HUERFANO,(719) 738-5100,Critical Access Hospitals,Government - Hospital District or Authority,Yes,,Not Available,16,8,1,0,1,0,,8,1,0,1,0,,11,2,0,2,0,,15,Not Available,5.0,10,5,
061317,GRAND RIVER HOSPITAL DISTRICT,501 AIRPORT RD,RIFLE,CO,81650,GARFIELD,(970) 625-1510,Critical Access Hospitals,Government - Hospital District or Authority,Yes,,Not Available,16,8,1,0,1,0,,8,1,0,1,0,,11,2,0,2,0,,15,5,,10,8,
061318,MIDDLE PARK MEDICAL CENTER,214 S 4TH ST,KREMMLING,CO,80459,GRAND,(970) 724-3442,Critical Access Hospitals,Government - Hospital District or Authority,Yes,,Not Available,16,8,Not Available,Not Available,Not Available,Not Available,5.0,8,Not Available,Not Available,Not Available,Not Available,5.0,11,2,0,2,0,,15,5,,10,5,
061319,ST VINCENT GENERAL HOSPITAL DISTRICT,816 W 4TH ST,LEADVILLE,CO,80461,LAKE,(719) 486-0230,Critical Access Hospitals,Government - Hospital District or Authority,Yes,,Not Available,16,8,Not Available,Not Available,Not Available,Not Available,5.0,8,Not Available,Not Available,Not Available,Not Available,5.0,11,1,0,1,0,,15,Not Available,5.0,10,2,
061320,GUNNISON VALLEY HOSPITAL,711 N TAYLOR ST,GUNNISON,CO,81230,GUNNISON,(970) 641-1456,Critical Access Hospitals,Government - Local,Yes,,Not Available,16,8,1,0,1,0,,8,Not Available,Not Available,Not Available,Not Available,5.0,11,5,0,5,0,,15,Not Available,5.0,10,5,
061321,MT SAN RAFAEL HOSPITAL,410 BENEDICTA AVE,TRINIDAD,CO,81082,LAS ANIMAS,(719) 846-9213,Critical Access Hospitals,Voluntary non-profit - Private,Yes,,5,,8,3,0,3,0,,8,Not Available,Not Available,Not Available,Not Available,5.0,11,3,1,2,0,,15,Not Available,5.0,10,6,
061322,HEART OF THE ROCKIES REGIONAL MEDICAL CENTER,1000 RUSH DR,SALIDA,CO,81201,CHAFFEE,(719) 530-2200,Critical Access Hospitals,Government - Hospital District or Authority,Yes,,1,,8,4,0,4,0,,8,1,0,1,0,,11,7,1,6,0,,15,15,,10,4,
061323,PROWERS MEDICAL CENTER,401 KENDALL DR,LAMAR,CO,81052,PROWERS,(719) 336-4343,Critical Access Hospitals,Government - Hospital District or Authority,Yes,,Not Available,16,8,Not Available,Not Available,Not Available,Not Available,5.0,8,Not Available,Not Available,Not Available,Not Available,5.0,11,2,0,2,0,,15,5,,10,2,
061324,ASPEN VALLEY HOSPITAL,401 CASTLE CREEK RD,ASPEN,CO,81611,PITKIN,(970) 544-1261,Critical Access Hospitals,Government - Hospital District or Authority,Yes,Y,Not Available,16,8,2,0,2,0,,8,Not Available,Not Available,Not Available,Not Available,5.0,11,4,1,3,0,,15,10,,10,4,
061325,EASTERN RIO BLANCO COUNTY HEALTH SERVICE DISTRICT,100 PIONEERS MEDICAL CENTER DR,MEEKER,CO,81641,RIO BLANCO,(970) 878-5047,Critical Access Hospitals,Government - Hospital District or Authority,Yes,,Not Available,16,8,2,0,2,0,,8,1,0,1,0,,11,3,0,3,0,,15,5,,10,2,
061326,UCHEALTH PIKES PEAK REGIONAL HOSPITAL,16420 W US HIGHWAY 24,WOODLAND PARK,CO,80863,TELLER,(719) 374-6060,Critical Access Hospitals,Voluntary non-profit - Private,Yes,,Not Available,16,8,2,0,2,0,,8,Not Available,Not Available,Not Available,Not Available,5.0,11,4,0,4,0,,15,5,,10,6,
061327,SOUTHWEST MEMORIAL HOSPITAL,1311 N MILDRED RD,CORTEZ,CO,81321,MONTEZUMA,(970) 565-6666,Critical Access Hospitals,Voluntary non-profit - Private,Yes,Y,4,,8,4,0,4,0,,8,1,0,1,0,,11,5,1,4,0,,15,10,,10,6,
061328,PAGOSA SPRINGS MEDICAL CENTER,95 S PAGOSA BLVD,PAGOSA SPRINGS,CO,81147,ARCHULETA,(970) 731-3700,Critical Access Hospitals,Government - Hospital District or Authority,Yes,,Not Available,16,8,Not Available,Not Available,Not Available,Not Available,5.0,8,Not Available,Not Available,Not Available,Not Available,5.0,11,2,0,2,0,,15,Not Available,5.0,10,4,
061336,ARKANSAS VALLEY REGIONAL MEDICAL CENTER,1100 CARSON AVENUE,LAJUNA,CO,81050,OTERO,(719) 363-1428,Critical Access Hospitals,Voluntary non-profit - Private,Yes,,Not Available,5,8,Not Available,Not Available,Not Available,Not Available,5.0,8,Not Available,Not Available,Not Available,Not Available,5.0,11,Not Available,Not Available,Not Available,Not Available,5.0,15,Not Available,5.0,10,Not Available,5.0
061343,KEEFE MEMORIAL HOSPITAL,602 N 6TH ST W,CHEYENNE WELLS,CO,80810,CHEYENNE,(719) 767-5661,Critical Access Hospitals,Government - Hospital District or Authority,Yes,,Not Available,16,8,Not Available,Not Available,Not Available,Not Available,5.0,8,Not Available,Not Available,Not Available,Not Available,5.0,11,Not Available,Not Available,Not Available,Not Available,5.0,15,Not Available,5.0,10,2,
061344,ST THOMAS MORE HOSPITAL,1338 PHAY AVE,CANON CITY,CO,81212,FREMONT,(719) 285-2000,Critical Access Hospitals,Voluntary non-profit - Private,Yes,Y,4,,8,4,0,4,0,,8,1,0,1,0,,11,6,1,5,0,,15,15,,10,8,
063301,CHILDREN'S HOSPITAL COLORADO,13123 E 16TH AVE,AURORA,CO,80045,ADAMS,(720) 777-1234,Childrens,Voluntary non-profit - Private,Yes,,Not Available,19,Not Available,Not Available,Not Available,Not Available,Not Available,19.0,Not Available,Not Available,Not Available,Not Available,Not Available,19.0,Not Available,Not Available,Not Available,Not Available,Not Available,19.0,Not Available,Not Available,19.0,Not Available,Not Available,19.0
063303,CHILDREN'S HOSPITAL COLORADO - COLORADO SPRINGS,4090 BRIARGATE PKWY,COLORADO SPRINGS,CO,80920,EL PASO,(719) 305-9590,Childrens,Voluntary non-profit - Private,Yes,,Not Available,19,Not Available,Not Available,Not Available,Not Available,Not Available,19.0,Not Available,Not Available,Not Available,Not Available,Not Available,19.0,Not Available,Not Available,Not Available,Not Available,Not Available,19.0,Not Available,Not Available,19.0,Not Available,Not Available,19.0
064001,COLORADO MENTAL HEALTH HOSPITAL IN PUEBLO,1600 W 24TH ST,PUEBLO,CO,81003,PUEBLO,(719) 546-4747,Psychiatric,Government - State,Yes,,Not Available,19,Not Available,Not Available,Not Available,Not Available,Not Available,19.0,Not Available,Not Available,Not Available,Not Available,Not Available,19.0,Not Available,Not Available,Not Available,Not Available,Not Available,19.0,Not Available,Not Available,19.0,Not Available,Not Available,19.0
064003,COLORADO MENTAL HEALTH HOSPITAL IN FORT LOGAN,3520 W OXFORD AVE,DENVER,CO,80236,DENVER,(303) 866-7080,Psychiatric,Voluntary non-profit - Other,No,,Not Available,19,Not Available,Not Available,Not Available,Not Available,Not Available,19.0,Not Available,Not Available,Not Available,Not Available,Not Available,19.0,Not Available,Not Available,Not Available,Not Available,Not Available,19.0,Not Available,Not Available,19.0,Not Available,Not Available,19.0
064007,CENTENNIAL PEAKS HOSPITAL,2255 S 88TH ST,LOUISVILLE,CO,80027,BOULDER,(303) 673-9990,Psychiatric,Government - Hospital District or Authority,No,,Not Available,19,Not Available,Not Available,Not Available,Not Available,Not Available,19.0,Not Available,Not Available,Not Available,Not Available,Not Available,19.0,Not Available,Not Available,Not Available,Not Available,Not Available,19.0,Not Available,Not Available,19.0,Not Available,Not Available,19.0
064009,CEDAR SPRINGS HOSPITAL,2135 SOUTHGATE RD,COLORADO SPRINGS,CO,80906,EL PASO,(719) 633-4114,Psychiatric,Proprietary,Yes,,Not Available,19,Not Available,Not Available,Not Available,Not Available,Not Available,19.0,Not Available,Not Available,Not Available,Not Available,Not Available,19.0,Not Available,Not Available,Not Available,Not Available,Not Available,19.0,Not Available,Not Available,19.0,Not Available,Not Available,19.0
064024,HIGHLANDS BEHAVIORAL HEALTH SYSTEM,8565 S POPLAR WY,LITTLETON,CO,80130,DOUGLAS,(720) 348-2801,Psychiatric,Proprietary,No,,Not Available,19,Not Available,Not Available,Not Available,Not Available,Not Available,19.0,Not Available,Not Available,Not Available,Not Available,Not Available,19.0,Not Available,Not Available,Not Available,Not Available,Not Available,19.0,Not Available,Not Available,19.0,Not Available,Not Available,19.0
064026,PEAK VIEW BEHAVIORAL HEALTH,7353 SISTERS GRV,COLORADO SPRINGS,CO,80923,EL PASO,(719) 444-8484,Psychiatric,Proprietary,Yes,,Not Available,19,Not Available,Not Available,Not Available,Not Available,Not Available,19.0,Not Available,Not Available,Not Available,Not Available,Not Available,19.0,Not Available,Not Available,Not Available,Not Available,Not Available,19.0,Not Available,Not Available,19.0,Not Available,Not Available,19.0
064028,DENVER SPRINGS,8835 AMERICAN WY,ENGLEWOOD,CO,80112,ARAPAHOE,(720) 643-4300,Psychiatric,Proprietary,No,,Not Available,19,Not Available,Not Available,Not Available,Not Available,Not Available,19.0,Not Available,Not Available,Not Available,Not Available,Not Available,19.0,Not Available,Not Available,Not Available,Not Available,Not Available,19.0,Not Available,Not Available,19.0,Not Available,Not Available,19.0
064029,JOHNSTOWN HEIGHTS BEHAVIORAL HEALTH,4770 LARIMER PKWY,JOHNSTOWN,CO,80534,WELD,(970) 323-7709,Psychiatric,Proprietary,No,,Not Available,19,Not Available,Not Available,Not Available,Not Available,Not Available,19.0,Not Available,Not Available,Not Available,Not Available,Not Available,19.0,Not Available,Not Available,Not Available,Not Available,Not Available,19.0,Not Available,Not Available,19.0,Not Available,Not Available,19.0
064030,WEST PINES BEHAVIORAL HOSPITAL,11455 HURON ST,WESTMINSTER,CO,80234,ADAMS,(615) 861-6000,Psychiatric,Proprietary,No,,Not Available,19,Not Available,Not Available,Not Available,Not Available,Not Available,19.0,Not Available,Not Available,Not Available,Not Available,Not Available,19.0,Not Available,Not Available,Not Available,Not Available,Not Available,19.0,Not Available,Not Available,19.0,Not Available,Not Available,19.0
070002,ST FRANCIS HOSPITAL & MEDICAL CENTER,114 WOODLAND STREET & 500 BLUE HILLS AVENUE,HARTFORD,CT,6105,HARTFORD,(860) 714-5541,Acute Care Hospitals,Voluntary non-profit - Church,Yes,Y,2,,8,8,0,7,1,,8,8,2,5,1,,11,11,1,9,1,,15,15,,10,8,
070003,DAY KIMBALL HOSPITAL,320 POMFRET STREET,PUTNAM,CT,6260,WINDHAM,(860) 928-6541,Acute Care Hospitals,Voluntary non-profit - Private,Yes,Y,2,,8,5,0,5,0,,8,3,0,3,0,,11,8,0,6,2,,15,15,,10,8,
070004,SHARON HOSPITAL,50 HOSPITAL HILL ROAD,SHARON,CT,6069,LITCHFIELD,(860) 364-4228,Acute Care Hospitals,Proprietary,Yes,Y,5,,8,5,0,5,0,,8,3,0,3,0,,11,7,0,5,2,,15,15,,10,8,
070005,WATERBURY HOSPITAL,64 ROBBINS ST,WATERBURY,CT,6721,NEW HAVEN,(203) 573-6000,Acute Care Hospitals,Proprietary,Yes,Y,2,,8,8,1,7,0,,8,6,2,4,0,,11,8,1,7,0,,15,15,,10,9,
070006,STAMFORD HOSPITAL,ONE HOSPITAL PLAZA,STAMFORD,CT,6904,FAIRFIELD,(203) 276-1000,Acute Care Hospitals,Voluntary non-profit - Private,Yes,Y,5,,8,8,0,8,0,,8,8,3,5,0,,11,11,2,9,0,,15,15,,10,10,
070007,LAWRENCE & MEMORIAL HOSPITAL,365 MONTAUK AVE,NEW LONDON,CT,6320,NEW LONDON,(860) 442-0711,Acute Care Hospitals,Voluntary non-profit - Private,Yes,Y,3,,8,7,0,7,0,,8,6,3,3,0,,11,9,0,6,3,,15,15,,10,9,
070008,JOHNSON MEMORIAL HOSPITAL,201 CHESTNUT HILL ROAD,STAFFORD SPRINGS,CT,6076,TOLLAND,(860) 684-4251,Acute Care Hospitals,Voluntary non-profit - Private,Yes,,3,,8,4,0,4,0,,8,2,0,2,0,,11,6,0,5,1,,15,15,,10,7,
070010,BRIDGEPORT HOSPITAL,267 GRANT STREET,BRIDGEPORT,CT,6610,FAIRFIELD,(203) 384-3000,Acute Care Hospitals,Voluntary non-profit - Private,Yes,Y,4,,8,8,2,6,0,,8,8,3,5,0,,11,11,1,9,1,,15,15,,10,9,
070011,CHARLOTTE HUNGERFORD HOSPITAL,540 LITCHFIELD ST,TORRINGTON,CT,6790,LITCHFIELD,(860) 496-6666,Acute Care Hospitals,Voluntary non-profit - Private,Yes,Y,3,,8,5,0,5,0,,8,6,1,5,0,,11,8,0,7,1,,15,15,,10,9,
070016,SAINT MARY'S HOSPITAL,56 FRANKLIN STREET,WATERBURY,CT,6706,NEW HAVEN,(203) 709-6020,Acute Care Hospitals,Voluntary non-profit - Church,Yes,Y,3,,8,7,0,7,0,,8,6,2,4,0,,11,9,0,9,0,,15,15,,10,9,
070017,MIDSTATE MEDICAL CENTER,435 LEWIS AVENUE,MERIDEN,CT,6450,NEW HAVEN,(203) 694-8200,Acute Care Hospitals,Voluntary non-profit - Private,Yes,Y,4,,8,7,0,7,0,,8,7,3,4,0,,11,7,1,6,0,,15,15,,10,8,
070018,GREENWICH HOSPITAL ASSOCIATION -,5 PERRYRIDGE RD,GREENWICH,CT,6830,FAIRFIELD,(203) 863-3000,Acute Care Hospitals,Voluntary non-profit - Private,Yes,Y,5,,8,7,3,4,0,,8,7,1,6,0,,11,10,1,6,3,,15,15,,10,9,
070020,MIDDLESEX HOSPITAL,28 CRESCENT ST,MIDDLETOWN,CT,6457,MIDDLESEX,(860) 344-6000,Acute Care Hospitals,Voluntary non-profit - Private,Yes,Y,3,,8,7,0,7,0,,8,7,1,5,1,,11,7,0,5,2,,15,15,,10,9,
070021,WINDHAM COMMUNITY MEMORIAL HOSPITAL,112 MANSFIELD AVENUE,WILLIMANTIC,CT,6226,WINDHAM,(860) 456-9116,Acute Care Hospitals,Voluntary non-profit - Private,Yes,,3,,8,5,0,5,0,,8,2,0,2,0,,11,8,0,8,0,,15,15,,10,9,
070022,YALE-NEW HAVEN HOSPITAL,20 YORK ST,NEW HAVEN,CT,6504,NEW HAVEN,(203) 688-4242,Acute Care Hospitals,Voluntary non-profit - Private,Yes,Y,5,,8,8,4,4,0,,8,8,4,4,0,,11,11,3,5,3,,15,15,,10,8,
070024,WILLIAM W BACKUS HOSPITAL,326 WASHINGTON ST,NORWICH,CT,6360,NEW LONDON,(860) 889-8331,Acute Care Hospitals,Voluntary non-profit - Other,Yes,Y,4,,8,7,1,6,0,,8,7,1,6,0,,11,9,0,8,1,,15,15,,10,10,
070025,HARTFORD HOSPITAL,80 SEYMOUR STREET,HARTFORD,CT,6102,HARTFORD,(860) 545-5000,Acute Care Hospitals,Voluntary non-profit - Private,Yes,Y,4,,8,8,2,6,0,,8,8,5,3,0,,11,11,1,7,3,,15,15,,10,8,
070027,MANCHESTER MEMORIAL HOSPITAL,71 HAYNES ST,MANCHESTER,CT,6040,HARTFORD,(860) 647-4780,Acute Care Hospitals,Proprietary,Yes,Y,4,,8,5,1,4,0,,8,7,2,5,0,,11,7,0,7,0,,15,15,,10,7,
070028,ST VINCENT'S MEDICAL CENTER,2800 MAIN ST,BRIDGEPORT,CT,6606,FAIRFIELD,(203) 576-5551,Acute Care Hospitals,Voluntary non-profit - Private,Yes,Y,4,,8,8,1,7,0,,8,7,1,6,0,,11,11,0,10,1,,15,15,,10,8,
070029,BRISTOL HOSPITAL,41 BREWSTER RD,BRISTOL,CT,6010,HARTFORD,(860) 585-3000,Acute Care Hospitals,Voluntary non-profit - Private,Yes,Y,2,,8,5,0,5,0,,8,4,0,4,0,,11,8,0,7,1,,15,15,,10,9,
070031,GRIFFIN HOSPITAL,130 DIVISION ST,DERBY,CT,6418,NEW HAVEN,(203) 732-7500,Acute Care Hospitals,Voluntary non-profit - Other,Yes,Y,4,,8,5,0,5,0,,8,7,1,6,0,,11,7,0,4,3,,15,15,,10,8,
070033,DANBURY HOSPITAL,24 HOSPITAL AVE,DANBURY,CT,6810,FAIRFIELD,(203) 739-7000,Acute Care Hospitals,Voluntary non-profit - Private,Yes,Y,4,,8,8,0,8,0,,8,8,4,4,0,,11,11,1,7,3,,15,15,,10,9,
070034,NORWALK HOSPITAL,24 STEVENS STREET,NORWALK,CT,6856,FAIRFIELD,(203) 852-2000,Acute Care Hospitals,Voluntary non-profit - Private,Yes,Y,3,,8,7,1,6,0,,8,6,1,5,0,,11,9,0,8,1,,15,15,,10,8,
070035,THE HOSPITAL OF CENTRAL CONNECTICUT,100 GRAND STREET,NEW BRITAIN,CT,6050,HARTFORD,(860) 224-5011,Acute Care Hospitals,Voluntary non-profit - Other,Yes,Y,2,,8,7,0,7,0,,8,7,3,4,0,,11,8,0,6,2,,15,15,,10,8,
070036,JOHN DEMPSEY HOSPITAL OF THE UNIVERSITY OF CONNECT,263 FARMINGTON AVE,FARMINGTON,CT,6032,HARTFORD,(860) 679-1145,Acute Care Hospitals,Government - Local,Yes,Y,3,,8,7,1,5,1,,8,6,1,5,0,,11,9,0,7,2,,15,15,,10,8,
070038,THE CONNECTICUT HOSPICE INC.,100 DOUBLE BEACH ROAD,BRANFORD,CT,6405,NEW HAVEN,(203) 315-7500,Acute Care Hospitals,Voluntary non-profit - Private,No,,Not Available,16,8,Not Available,Not Available,Not Available,Not Available,5.0,8,Not Available,Not Available,Not Available,Not Available,5.0,11,Not Available,Not Available,Not Available,Not Available,5.0,15,Not Available,5.0,10,1,
07003F,WEST HAVEN VA MEDICAL CENTER,950 CAMPBELL AVENUE,WEST HAVEN,CT,6516,NEW HAVEN,(203) 932-5711,Acute Care - Veterans Administration,Veterans Health Administration,Yes,,3,,8,5,1,4,0,,8,3,0,3,0,,11,5,1,2,2,,15,10,,10,5,
073300,CONNECTICUT CHILDRENS MEDICAL CENTER,282 WASHINGTON STREET,HARTFORD,CT,6106,HARTFORD,(860) 545-9000,Childrens,Voluntary non-profit - Private,Yes,,Not Available,19,Not Available,Not Available,Not Available,Not Available,Not Available,19.0,Not Available,Not Available,Not Available,Not Available,Not Available,19.0,Not Available,Not Available,Not Available,Not Available,Not Available,19.0,Not Available,Not Available,19.0,Not Available,Not Available,19.0
074003,CONNECTICUT VALLEY HOSP,1000 SILVER ST,MIDDLETOWN,CT,6457,MIDDLESEX,(203) 344-2666,Psychiatric,Government - State,No,,Not Available,19,Not Available,Not Available,Not Available,Not Available,Not Available,19.0,Not Available,Not Available,Not Available,Not Available,Not Available,19.0,Not Available,Not Available,Not Available,Not Available,Not Available,19.0,Not Available,Not Available,19.0,Not Available,Not Available,19.0
074008,NATCHAUG HOSPITAL,189 STORRS RD,MANSFIELD CENTER,CT,6250,TOLLAND,(860) 456-1311,Psychiatric,Voluntary non-profit - Private,No,,Not Available,19,Not Available,Not Available,Not Available,Not Available,Not Available,19.0,Not Available,Not Available,Not Available,Not Available,Not Available,19.0,Not Available,Not Available,Not Available,Not Available,Not Available,19.0,Not Available,Not Available,19.0,Not Available,Not Available,19.0
074011,CONNECTICUT MENTAL HEALTH CENTER,34 PARK STREET,NEW HAVEN,CT,6508,NEW HAVEN,(203) 974-3000,Psychiatric,Government - State,No,,Not Available,19,Not Available,Not Available,Not Available,Not Available,Not Available,19.0,Not Available,Not Available,Not Available,Not Available,Not Available,19.0,Not Available,Not Available,Not Available,Not Available,Not Available,19.0,Not Available,Not Available,19.0,Not Available,Not Available,19.0
074012,SOUTHWEST CONNECTICUT MENTAL HEALTH SYSTEM,1635 CENTRAL AVE,BRIDGEPORT,CT,6610,FAIRFIELD,(203) 551-7461,Psychiatric,Government - State,No,,Not Available,19,Not Available,Not Available,Not Available,Not Available,Not Available,19.0,Not Available,Not Available,Not Available,Not Available,Not Available,19.0,Not Available,Not Available,Not Available,Not Available,Not Available,19.0,Not Available,Not Available,19.0,Not Available,Not Available,19.0
074014,SILVER HILL HOSPITAL INC,208 VALLEY ROAD,NEW CANAAN,CT,6840,FAIRFIELD,(203) 966-3561,Psychiatric,Government - Federal,No,,Not Available,19,Not Available,Not Available,Not Available,Not Available,Not Available,19.0,Not Available,Not Available,Not Available,Not Available,Not Available,19.0,Not Available,Not Available,Not Available,Not Available,Not Available,19.0,Not Available,Not Available,19.0,Not Available,Not Available,19.0
074015,ALBERT J SOLNIT CHILDREN'S CENTER - SOUTH CAMPUS,915 RIVER ROAD,MIDDLETOWN,CT,6457,MIDDLESEX,(860) 704-4090,Psychiatric,Government - State,No,,Not Available,19,Not Available,Not Available,Not Available,Not Available,Not Available,19.0,Not Available,Not Available,Not Available,Not Available,Not Available,19.0,Not Available,Not Available,Not Available,Not Available,Not Available,19.0,Not Available,Not Available,19.0,Not Available,Not Available,19.0
074016,MASONICARE HEALTH CENTER,22 MASONIC AVE BLDG STURGES,WALLINGFORD,CT,6492,NEW HAVEN,(203) 679-5900,Psychiatric,Voluntary non-profit - Private,No,,Not Available,19,Not Available,Not Available,Not Available,Not Available,Not Available,19.0,Not Available,Not Available,Not Available,Not Available,Not Available,19.0,Not Available,Not Available,Not Available,Not Available,Not Available,19.0,Not Available,Not Available,19.0,Not Available,Not Available,19.0
074017,HEBREW HOME AND HOSPITAL,1 ABRAHMS BOULEVARD,WEST HARTFORD,CT,6117,HARTFORD,(860) 218-2300,Psychiatric,Voluntary non-profit - Private,No,,Not Available,19,Not Available,Not Available,Not Available,Not Available,Not Available,19.0,Not Available,Not Available,Not Available,Not Available,Not Available,19.0,Not Available,Not Available,Not Available,Not Available,Not Available,19.0,Not Available,Not Available,19.0,Not Available,Not Available,19.0
080001,CHRISTIANA HOSPITAL,4755 OGLETOWN-STANTON ROAD,NEWARK,DE,19718,NEW CASTLE,(302) 733-3609,Acute Care Hospitals,Voluntary non-profit - Private,Yes,Y,4,,8,8,4,4,0,,8,8,4,4,0,,11,11,2,8,1,,15,15,,10,10,
080003,ST FRANCIS HOSPITAL,7TH AND CLAYTON STS,WILMINGTON,DE,19805,NEW CASTLE,(302) 421-4100,Acute Care Hospitals,Voluntary non-profit - Private,Yes,Y,3,,8,6,0,6,0,,8,4,0,4,0,,11,6,1,5,0,,15,15,,10,7,
080004,"BAYHEALTH MEDICAL CENTER, KENT CAMPUS",640 S STATE STREET,DOVER,DE,19901,KENT,(302) 744-7001,Acute Care Hospitals,Voluntary non-profit - Private,Yes,Y,2,,8,8,0,8,0,,8,7,2,5,0,,11,11,0,8,3,,15,15,,10,9,
080006,"TIDALHEALTH NANTICOKE, INC.",801 MIDDLEFORD RD,SEAFORD,DE,19973,SUSSEX,(302) 629-6611,Acute Care Hospitals,Voluntary non-profit - Private,Yes,Y,3,,8,7,0,6,1,,8,5,0,5,0,,11,9,1,8,0,,15,15,,10,9,
080007,BEEBE MEDICAL CENTER,424 SAVANNAH RD,LEWES,DE,19958,SUSSEX,(302) 645-3300,Acute Care Hospitals,Voluntary non-profit - Private,Yes,Y,3,,8,8,0,8,0,,8,7,1,5,1,,11,11,3,8,0,,15,15,,10,10,
080009,"BAYHEALTH HOSPITAL, SUSSEX CAMPUS",100 WELLNESS WAY,MILFORD,DE,19963,SUSSEX,(302) 422-3311,Acute Care Hospitals,Voluntary non-profit - Private,Yes,Y,3,,8,6,0,6,0,,8,7,1,6,0,,11,9,0,8,1,,15,15,,10,8,
08002F,WILMINGTON VA MEDICAL CENTER,1601 KIRKWOOD HIGHWAY,WILMINGTON,DE,19805,NEW CASTLE,(302) 994-2511,Acute Care - Veterans Administration,Veterans Health Administration,Yes,,4,,8,3,0,3,0,,8,1,0,1,0,,11,4,1,3,0,,15,10,,10,4,
083300,"NEMOURS CHILDREN'S HOSPITAL, DELAWARE",1600 ROCKLAND RD PO BOX 269,WILMINGTON,DE,19899,NEW CASTLE,(302) 651-4000,Childrens,Voluntary non-profit - Private,Yes,,Not Available,19,Not Available,Not Available,Not Available,Not Available,Not Available,19.0,Not Available,Not Available,Not Available,Not Available,Not Available,19.0,Not Available,Not Available,Not Available,Not Available,Not Available,19.0,Not Available,Not Available,19.0,Not Available,Not Available,19.0
084001,DELAWARE PSYCHIATRIC CENTER,1901 N DUPONT HIGHWAY,NEW CASTLE,DE,19720,NEW CASTLE,(302) 255-2700,Psychiatric,Government - State,No,,Not Available,19,Not Available,Not Available,Not Available,Not Available,Not Available,19.0,Not Available,Not Available,Not Available,Not Available,Not Available,19.0,Not Available,Not Available,Not Available,Not Available,Not Available,19.0,Not Available,Not Available,19.0,Not Available,Not Available,19.0
084002,ROCKFORD CENTER,100 ROCKFORD DRIVE,NEWARK,DE,19713,NEW CASTLE,(302) 996-5480,Psychiatric,Proprietary,Yes,,Not Available,19,Not Available,Not Available,Not Available,Not Available,Not Available,19.0,Not Available,Not Available,Not Available,Not Available,Not Available,19.0,Not Available,Not Available,Not Available,Not Available,Not Available,19.0,Not Available,Not Available,19.0,Not Available,Not Available,19.0
084003,MEADOWWOOD BEHAVIORAL HEALTH SYSTEM,575 SOUTH DUPONT HIGHWAY,NEW CASTLE,DE,19720,NEW CASTLE,(302) 328-3330,Psychiatric,Proprietary,No,,Not Available,19,Not Available,Not Available,Not Available,Not Available,Not Available,19.0,Not Available,Not Available,Not Available,Not Available,Not Available,19.0,Not Available,Not Available,Not Available,Not Available,Not Available,19.0,Not Available,Not Available,19.0,Not Available,Not Available,19.0
084004,DOVER BEHAVIORAL HEALTH SYSTEM,725 HORSEPOND ROAD,DOVER,DE,19901,KENT,(302) 741-0140,Psychiatric,Proprietary,No,,Not Available,19,Not Available,Not Available,Not Available,Not Available,Not Available,19.0,Not Available,Not Available,Not Available,Not Available,Not Available,19.0,Not Available,Not Available,Not Available,Not Available,Not Available,19.0,Not Available,Not Available,19.0,Not Available,Not Available,19.0
084005,SUN BEHAVIORAL DELAWARE LLC,21655 BIDEN AVENUE,GEORGETOWN,DE,19947,SUSSEX,(302) 448-8415,Psychiatric,Proprietary,No,,Not Available,19,Not Available,Not Available,Not Available,Not Available,Not Available,19.0,Not Available,Not Available,Not Available,Not Available,Not Available,19.0,Not Available,Not Available,Not Available,Not Available,Not Available,19.0,Not Available,Not Available,19.0,Not Available,Not Available,19.0
090001,GEORGE WASHINGTON UNIV HOSPITAL,900 23RD ST NW,WASHINGTON,DC,20037,THE DISTRICT,(202) 716-4605,Acute Care Hospitals,Proprietary,Yes,Y,2,,8,8,0,8,0,,8,8,2,5,1,,11,11,0,9,2,,15,15,,10,8,
090003,HOWARD UNIVERSITY HOSPITAL CORP,2041 GEORGIA AVE NW,WASHINGTON,DC,20060,THE DISTRICT,(202) 745-6100,Acute Care Hospitals,Voluntary non-profit - Other,No,Y,1,,8,7,0,7,0,,8,6,0,5,1,,11,6,0,4,2,,15,15,,10,7,
090004,MEDSTAR GEORGETOWN UNIVERSITY HOSPITAL,3800 RESERVOIR RD,WASHINGTON,DC,20007,THE DISTRICT,(202) 784-3000,Acute Care Hospitals,Proprietary,Yes,Y,3,,8,6,0,6,0,,8,7,3,4,0,,11,9,0,8,1,,15,15,,10,8,
090005,SIBLEY MEMORIAL HOSPITAL,5255 LOUGHBORO RD NW,WASHINGTON,DC,20016,THE DISTRICT,(202) 537-4680,Acute Care Hospitals,Voluntary non-profit - Other,Yes,Y,5,,8,7,1,6,0,,8,8,2,6,0,,11,9,0,9,0,,15,15,,10,8,
090008,UNITED MEDICAL CENTER,1310 SOUTHERN AVENUE  SE,WASHINGTON,DC,20032,THE DISTRICT,(202) 574-6000,Acute Care Hospitals,Proprietary,Yes,,3,,8,4,0,4,0,,8,4,0,4,0,,11,5,0,5,0,,15,Not Available,5.0,10,7,
090011,MEDSTAR WASHINGTON HOSPITAL CENTER,110 IRVING STREET NW,WASHINGTON,DC,20010,THE DISTRICT,(202) 877-7000,Acute Care Hospitals,Voluntary non-profit - Other,Yes,Y,3,,8,8,4,4,0,,8,8,3,5,0,,11,11,0,9,2,,15,15,,10,8,
09002F,WASHINGTON DC VA MEDICAL CENTER,50 IRVING STREET N.W.,WASHINGTON,DC,20422,THE DISTRICT,(202) 745-8000,Acute Care - Veterans Administration,Veterans Health Administration,Yes,,3,,8,5,3,2,0,,8,4,0,3,1,,11,6,1,3,2,,15,10,,10,5,
093300,CHILDREN'S NATIONAL HOSPITAL,"111 MICHIGAN AVE, NW",WASHINGTON,DC,20010,THE DISTRICT,(202) 476-5000,Childrens,Voluntary non-profit - Private,Yes,,Not Available,19,Not Available,Not Available,Not Available,Not Available,Not Available,19.0,Not Available,Not Available,Not Available,Not Available,Not Available,19.0,Not Available,Not Available,Not Available,Not Available,Not Available,19.0,Not Available,Not Available,19.0,Not Available,Not Available,19.0
094001,ST ELIZABETHS HOSPITAL,"1100 ALABAMA AVENUE, SE",WASHINGTON,DC,20032,THE DISTRICT,(202) 299-5500,Psychiatric,Government - State,No,,Not Available,19,Not Available,Not Available,Not Available,Not Available,Not Available,19.0,Not Available,Not Available,Not Available,Not Available,Not Available,19.0,Not Available,Not Available,Not Available,Not Available,Not Available,19.0,Not Available,Not Available,19.0,Not Available,Not Available,19.0
094004,PSYCHIATRIC INSTITUTE OF WASHINGTON,"4228 WISCONSIN AVENUE, NW",WASHINGTON,DC,20016,THE DISTRICT,(202) 885-5600,Psychiatric,Voluntary non-profit - Private,No,,Not Available,19,Not Available,Not Available,Not Available,Not Available,Not Available,19.0,Not Available,Not Available,Not Available,Not Available,Not Available,19.0,Not Available,Not Available,Not Available,Not Available,Not Available,19.0,Not Available,Not Available,19.0,Not Available,Not Available,19.0
100001,SHANDS JACKSONVILLE,655 W 8TH ST,JACKSONVILLE,FL,32209,DUVAL,(904) 244-4000,Acute Care Hospitals,Voluntary non-profit - Private,Yes,Y,4,,8,8,1,7,0,,8,7,1,6,0,,11,10,0,10,0,,15,15,,10,9,
100002,BETHESDA HOSPITAL EAST,2815 S SEACREST BLVD,BOYNTON BEACH,FL,33435,PALM BEACH,(561) 737-7733,Acute Care Hospitals,Voluntary non-profit - Private,Yes,Y,2,,8,8,1,6,1,,8,7,2,5,0,,11,11,1,8,2,,15,15,,10,7,
100006,ORLANDO HEALTH,52 W UNDERWOOD ST,ORLANDO,FL,32806,ORANGE,(321) 841-5111,Acute Care Hospitals,Voluntary non-profit - Private,Yes,Y,4,,8,8,3,5,0,,8,8,4,4,0,,11,11,2,5,4,,15,15,,10,8,
100007,ADVENTHEALTH ORLANDO,601 E ROLLINS ST,ORLANDO,FL,32803,ORANGE,(407) 303-1976,Acute Care Hospitals,Voluntary non-profit - Private,Yes,Y,3,,8,8,6,2,0,,8,8,5,3,0,,11,11,0,4,7,,15,15,,10,10,
100008,BAPTIST HOSPITAL OF MIAMI,8900 N KENDALL DR,MIAMI,FL,33176,MIAMI-DADE,(786) 596-1960,Acute Care Hospitals,Voluntary non-profit - Private,Yes,Y,5,,8,8,3,5,0,,8,7,3,4,0,,11,10,0,7,3,,15,15,,10,9,
100012,LEE MEMORIAL HOSPITAL,2776 CLEVELAND AVE,FORT MYERS,FL,33901,LEE,(239) 343-5000,Acute Care Hospitals,Government - Hospital District or Authority,Yes,Y,5,,8,8,2,6,0,,8,7,4,3,0,,11,11,2,8,1,,15,15,,10,9,
100014,ADVENTHEALTH NEW SMYRNA BEACH,401 PALMETTO ST,NEW SMYRNA BEACH,FL,32170,VOLUSIA,(386) 424-5100,Acute Care Hospitals,Voluntary non-profit - Church,Yes,,4,,8,7,0,7,0,,8,7,1,6,0,,11,10,3,7,0,,15,15,,10,8,
100017,HALIFAX HEALTH MEDICAL CENTER,303 N CLYDE MORRIS BLVD,DAYTONA BEACH,FL,32114,VOLUSIA,(386) 254-4000,Acute Care Hospitals,Government - Hospital District or Authority,Yes,Y,2,,8,8,0,8,0,,8,8,3,5,0,,11,11,2,8,1,,15,15,,10,7,
100018,NAPLES COMMUNITY HOSPITAL,350 7TH ST N,NAPLES,FL,34102,COLLIER,(239) 624-5000,Acute Care Hospitals,Voluntary non-profit - Private,Yes,Y,3,,8,8,1,7,0,,8,8,1,7,0,,11,11,0,10,1,,15,15,,10,9,
100019,HOLMES REGIONAL MEDICAL CENTER,1350 S HICKORY ST,MELBOURNE,FL,32901,BREVARD,(321) 434-7000,Acute Care Hospitals,Voluntary non-profit - Private,Yes,Y,4,,8,8,0,8,0,,8,8,2,6,0,,11,9,2,6,1,,15,15,,10,8,
100022,JACKSON HEALTH SYSTEM,1611 NW 12TH AVE,MIAMI,FL,33136,MIAMI-DADE,(305) 585-1111,Acute Care Hospitals,Government - Hospital District or Authority,Yes,Y,1,,8,7,0,3,4,,8,7,3,3,1,,11,9,0,5,4,,15,15,,10,9,
100023,HCA FLORIDA CITRUS HOSPITAL,502 W HIGHLAND BLVD,INVERNESS,FL,34452,CITRUS,(352) 726-1551,Acute Care Hospitals,Government - Hospital District or Authority,Yes,Y,2,,8,8,0,6,2,,8,7,1,6,0,,11,9,0,8,1,,15,15,,10,8,
100025,SACRED HEART HOSPITAL,5151 N 9TH AVE,PENSACOLA,FL,32504,ESCAMBIA,(850) 416-7000,Acute Care Hospitals,Voluntary non-profit - Private,Yes,Y,4,29,8,8,0,8,0,29.0,8,7,2,5,0,29.0,11,11,1,9,1,29.0,15,10,29.0,10,8,29.0
100026,ASCENSION SACRED HEART BAY,615 N BONITA AVE,PANAMA CITY,FL,32401,BAY,(850) 769-1511,Acute Care Hospitals,Voluntary non-profit - Private,Yes,,3,29,8,8,0,8,0,29.0,8,3,1,2,0,29.0,11,9,1,8,0,29.0,15,10,29.0,10,6,29.0
100028,PARRISH MEDICAL CENTER,951 N WASHINGTON AVE,TITUSVILLE,FL,32796,BREVARD,(321) 268-6111,Acute Care Hospitals,Government - Hospital District or Authority,Yes,Y,2,,8,7,0,6,1,,8,7,1,6,0,,11,8,1,5,2,,15,15,,10,9,
100029,NORTH SHORE MEDICAL CENTER,1100 NW 95TH ST,MIAMI,FL,33150,MIAMI-DADE,(305) 835-6000,Acute Care Hospitals,Proprietary,Yes,,1,,8,7,0,7,0,,8,6,2,3,1,,11,7,0,4,3,,15,15,,10,7,
100030,ORLANDO HEALTH-HEALTH CENTRAL HOSPITAL,10000 W COLONIAL DR,OCOEE,FL,34761,ORANGE,(407) 296-1000,Acute Care Hospitals,Government - State,Yes,,3,,8,6,1,5,0,,8,7,1,6,0,,11,8,1,6,1,,15,15,,10,7,
100032,ORLANDO HEALTH BAYFRONT HOSPITAL,701 6TH ST S,SAINT PETERSBURG,FL,33701,PINELLAS,(727) 823-1234,Acute Care Hospitals,Voluntary non-profit - Private,Yes,Y,2,,8,7,0,7,0,,8,8,3,5,0,,11,8,0,6,2,,15,15,,10,7,
100034,"MOUNT SINAI MEDICAL CENTER OF FLORIDA, INC",4300 ALTON RD,MIAMI BEACH,FL,33140,MIAMI-DADE,(305) 674-2121,Acute Care Hospitals,Voluntary non-profit - Private,Yes,Y,3,,8,8,1,7,0,,8,7,2,4,1,,11,11,0,9,2,,15,15,,10,8,
100035,MANATEE MEMORIAL HOSPITAL,206 2ND ST E,BRADENTON,FL,34208,MANATEE,(941) 746-5111,Acute Care Hospitals,Proprietary,Yes,Y,3,,8,8,0,6,2,,8,8,1,7,0,,11,9,1,7,1,,15,15,,10,8,
100038,MEMORIAL REGIONAL HOSPITAL,3501 JOHNSON ST,HOLLYWOOD,FL,33021,BROWARD,(954) 987-2000,Acute Care Hospitals,Government - Hospital District or Authority,Yes,Y,3,,8,8,0,8,0,,8,8,3,5,0,,11,11,0,7,4,,15,15,,10,7,
100039,BROWARD HEALTH MEDICAL CENTER,1600 S ANDREWS AVE,FORT LAUDERDALE,FL,33316,BROWARD,(954) 355-4400,Acute Care Hospitals,Government - Hospital District or Authority,Yes,Y,3,,8,8,0,8,0,,8,7,3,4,0,,11,10,0,8,2,,15,15,,10,8,
100040,ASCENSION ST VINCENT'S RIVERSIDE,1 SHIRCLIFF WAY,JACKSONVILLE,FL,32204,DUVAL,(904) 308-7300,Acute Care Hospitals,Voluntary non-profit - Private,Yes,,3,29,8,8,0,8,0,29.0,8,7,1,6,0,29.0,11,9,1,7,1,29.0,15,10,29.0,10,8,29.0
100043,MEASE DUNEDIN HOSPITAL,601 MAIN ST,DUNEDIN,FL,34698,PINELLAS,(727) 733-1111,Acute Care Hospitals,Voluntary non-profit - Private,Yes,,4,,8,5,0,5,0,,8,4,0,4,0,,11,6,1,5,0,,15,15,,10,6,
100044,CLEVELAND CLINIC MARTIN NORTH HOSPITAL,200 SE HOSPITAL AVE,STUART,FL,34994,MARTIN,(772) 287-5200,Acute Care Hospitals,Voluntary non-profit - Private,Yes,Y,3,,8,8,1,7,0,,8,7,4,3,0,,11,11,1,7,3,,15,15,,10,10,
100045,ADVENTHEALTH DELAND,701 W PLYMOUTH AVE,DELAND,FL,32720,VOLUSIA,(386) 943-4522,Acute Care Hospitals,Voluntary non-profit - Church,Yes,,4,,8,7,0,7,0,,8,6,2,4,0,,11,7,0,6,1,,15,15,,10,9,
100046,Adventhealth Zephyrhills,7050 GALL BLVD,ZEPHYRHILLS,FL,33541,PASCO,(813) 615-7219,Acute Care Hospitals,Voluntary non-profit - Church,Yes,Y,4,,8,6,0,6,0,,8,5,1,4,0,,11,7,3,3,1,,15,15,,10,7,
100049,HCA FLORIDA HIGHLANDS HOSPITAL,3600 S HIGHLANDS AVE,SEBRING,FL,33870,HIGHLANDS,(863) 385-6101,Acute Care Hospitals,Proprietary,Yes,,3,,8,7,0,7,0,,8,5,1,4,0,,11,6,0,5,1,,15,15,,10,8,
100050,LARKIN COMMUNITY HOSPITAL PALM SPRINGS CAMPUS,1475 W 49TH ST,HIALEAH,FL,33012,MIAMI-DADE,(305) 558-2500,Acute Care Hospitals,Voluntary non-profit - Private,Yes,,4,,8,4,0,4,0,,8,4,0,4,0,,11,4,1,3,0,,15,10,,10,6,
100051,ORLANDO HEALTH SOUTH LAKE HOSPITAL,1900 DON WICKHAM DR,CLERMONT,FL,34711,LAKE,(352) 394-4071,Acute Care Hospitals,Government - Hospital District or Authority,Yes,Y,3,,8,7,2,5,0,,8,7,2,5,0,,11,8,2,5,1,,15,15,,10,9,
100052,WINTER HAVEN HOSPITAL,200 AVE F NE,WINTER HAVEN,FL,33881,POLK,(863) 293-1121,Acute Care Hospitals,Voluntary non-profit - Private,Yes,Y,3,,8,8,0,7,1,,8,6,1,5,0,,11,10,0,7,3,,15,15,,10,9,
100053,HIALEAH HOSPITAL,651 E 25TH ST,HIALEAH,FL,33013,MIAMI-DADE,(305) 693-6100,Acute Care Hospitals,Proprietary,Yes,,3,,8,4,1,3,0,,8,6,1,5,0,,11,4,0,3,1,,15,15,,10,7,
100054,HCA FLORIDA TWIN CITIES HOSPITAL,2190 HWY 85 N,NICEVILLE,FL,32578,OKALOOSA,(850) 678-4131,Acute Care Hospitals,Proprietary,Yes,,5,,8,4,1,3,0,,8,3,1,2,0,,11,6,0,5,1,,15,15,,10,8,
100055,ADVENTHEALTH NORTH PINELLAS,1395 S PINELLAS AVE,TARPON SPRINGS,FL,34689,PINELLAS,(813) 615-7219,Acute Care Hospitals,Voluntary non-profit - Other,Yes,,4,,8,7,0,7,0,,8,5,1,4,0,,11,7,0,4,3,,15,15,,10,7,
100057,ADVENTHEALTH WATERMAN,1000 WATERMAN WAY,TAVARES,FL,32778,LAKE,(352) 253-3368,Acute Care Hospitals,Voluntary non-profit - Church,No,Y,4,,8,8,2,6,0,,8,7,1,6,0,,11,9,3,6,0,,15,15,,10,7,
100062,ADVENTHEALTH OCALA,1500 SW 1ST AVE,OCALA,FL,34474,MARION,(352) 351-7200,Acute Care Hospitals,Government - Hospital District or Authority,Yes,Y,4,,8,8,0,8,0,,8,6,4,2,0,,11,9,0,9,0,,15,15,,10,7,
100063,MORTON PLANT NORTH BAY HOSPITAL,6600 MADISON STREET,NEW PORT RICHEY,FL,34652,PASCO,(727) 842-8468,Acute Care Hospitals,Voluntary non-profit - Private,Yes,,3,,8,6,0,5,1,,8,6,2,4,0,,11,7,0,5,2,,15,15,,10,6,
100067,ST ANTHONYS HOSPITAL,1200 SEVENTH AVE N,SAINT PETERSBURG,FL,33705,PINELLAS,(727) 825-1100,Acute Care Hospitals,Voluntary non-profit - Church,Yes,,3,,8,7,0,7,0,,8,6,2,4,0,,11,9,0,8,1,,15,15,,10,8,
100068,ADVENTHEALTH DAYTONA BEACH,301 MEMORIAL MEDICAL PARKWAY,DAYTONA BEACH,FL,32117,VOLUSIA,(386) 231-6000,Acute Care Hospitals,Voluntary non-profit - Church,Yes,Y,5,,8,8,2,6,0,,8,8,1,7,0,,11,9,1,8,0,,15,15,,10,8,
100069,AdventHealth Carrollwood,7171 N DALE MABRY HWY,TAMPA,FL,33614,HILLSBOROUGH,(813) 615-7219,Acute Care Hospitals,Voluntary non-profit - Church,Yes,,3,,8,6,0,6,0,,8,7,1,6,0,,11,7,0,7,0,,15,15,,10,7,
100071,TAMPA GENERAL HOSPITAL BROOKSVILLE,17240 CORTEZ BLVD,BROOKSVILLE,FL,34601,HERNANDO,(352) 796-5111,Acute Care Hospitals,Voluntary non-profit - Church,Yes,Y,1,,8,7,0,5,2,,8,5,2,3,0,,11,7,0,4,3,,15,15,,10,6,
100072,ADVENTHEALTH FISH MEMORIAL,1055 SAXON BLVD,ORANGE CITY,FL,32763,VOLUSIA,(386) 917-5000,Acute Care Hospitals,Voluntary non-profit - Church,Yes,Y,5,,8,7,1,6,0,,8,6,2,4,0,,11,7,1,5,1,,15,15,,10,8,
100073,HOLY CROSS HOSPITAL,4725 N FEDERAL HWY,FT LAUDERDALE,FL,33308,BROWARD,(954) 771-8000,Acute Care Hospitals,Voluntary non-profit - Church,Yes,,4,,8,8,0,8,0,,8,7,1,6,0,,11,11,2,8,1,,15,15,,10,9,
100075,ST JOSEPHS HOSPITAL,3001 W MARTIN LUTHER KING JR BLVD,TAMPA,FL,33607,HILLSBOROUGH,(813) 870-4398,Acute Care Hospitals,Voluntary non-profit - Church,Yes,Y,4,,8,8,1,7,0,,8,7,4,3,0,,11,10,1,6,3,,15,15,,10,9,
100077,Adventhealth Port Charlotte,2500 HARBOR BLVD,PORT CHARLOTTE,FL,33952,CHARLOTTE,(941) 766-4122,Acute Care Hospitals,Proprietary,Yes,Y,1,,8,8,0,8,0,,8,7,3,4,0,,11,8,0,6,2,,15,15,,10,7,
100080,HCA FLORIDA JFK HOSPITAL,5301 S CONGRESS AVE,ATLANTIS,FL,33462,PALM BEACH,(561) 965-7300,Acute Care Hospitals,Proprietary,Yes,,2,,8,8,1,7,0,,8,8,2,6,0,,11,9,0,6,3,,15,15,,10,8,
100084,UF HEALTH LEESBURG HOSPITAL,600 E DIXIE AVE,LEESBURG,FL,34748,LAKE,(352) 323-5762,Acute Care Hospitals,Voluntary non-profit - Private,Yes,Y,3,,8,8,1,7,0,,8,7,1,5,1,,11,9,1,6,2,,15,15,,10,8,
100086,BROWARD HEALTH NORTH,201 E SAMPLE RD,DEERFIELD BEACH,FL,33064,BROWARD,(954) 786-6400,Acute Care Hospitals,Government - Hospital District or Authority,Yes,,3,,8,7,0,7,0,,8,7,2,5,0,,11,10,0,8,2,,15,15,,10,8,
100087,SARASOTA MEMORIAL HOSPITAL,1700 S TAMIAMI TRL,SARASOTA,FL,34239,SARASOTA,(941) 917-9000,Acute Care Hospitals,Government - Hospital District or Authority,Yes,Y,5,,8,8,3,5,0,,8,8,5,3,0,,11,11,2,7,2,,15,15,,10,9,
100088,BAPTIST HEALTH MEDICAL CENTER - JACKSONVILLE,800 PRUDENTIAL DR,JACKSONVILLE,FL,32207,DUVAL,(904) 202-2000,Acute Care Hospitals,Voluntary non-profit - Private,Yes,Y,4,,8,8,2,6,0,,8,8,4,3,1,,11,11,2,7,2,,15,15,,10,10,
100090,FLAGLER HOSPITAL,400 HEALTH PARK BLVD,SAINT AUGUSTINE,FL,32086,ST. JOHNS,(904) 819-5155,Acute Care Hospitals,Voluntary non-profit - Private,Yes,Y,3,,8,8,0,8,0,,8,8,1,7,0,,11,9,1,7,1,,15,15,,10,9,
100093,BAPTIST HOSPITAL,123 BAPTIST WAY,PENSACOLA,FL,32503,ESCAMBIA,(850) 434-4011,Acute Care Hospitals,Voluntary non-profit - Private,Yes,Y,4,,8,8,0,8,0,,8,7,2,5,0,,11,11,0,10,1,,15,15,,10,10,
100099,ADVENTHEALTH LAKE WALES,410 S 11TH ST,LAKE WALES,FL,33853,POLK,(863) 676-1433,Acute Care Hospitals,Proprietary,Yes,,2,,8,6,0,6,0,,8,3,0,3,0,,11,6,1,4,1,,15,15,,10,7,
10009F,BAY PINES VA MEDICAL CENTER,10000 BAY PINES BLVD.,BAY PINES,FL,33744,PINELLAS,(727) 398-6661,Acute Care - Veterans Administration,Veterans Health Administration,Yes,,3,,8,5,2,3,0,,8,4,0,3,1,,11,6,0,2,4,,15,10,,10,5,
100105,CLEVELAND CLINIC INDIAN RIVER HOSPITAL,1000 36TH ST,VERO BEACH,FL,32960,INDIAN RIVER,(772) 567-4311,Acute Care Hospitals,Voluntary non-profit - Private,Yes,Y,4,,8,8,1,7,0,,8,7,2,5,0,,11,11,4,7,0,,15,15,,10,8,
100107,HCA FLORIDA LEHIGH HOSPITAL,1500 LEE BLVD,LEHIGH ACRES,FL,33936,LEE,(239) 369-2101,Acute Care Hospitals,Proprietary,Yes,,2,,8,4,0,4,0,,8,3,1,2,0,,11,5,0,4,1,,15,15,,10,7,
100109,ADVENTHEALTH SEBRING,4200 SUN N LAKE BLVD,SEBRING,FL,33872,HIGHLANDS,(863) 314-4466,Acute Care Hospitals,Voluntary non-profit - Private,Yes,Y,3,,8,7,0,7,0,,8,7,3,3,1,,11,10,0,10,0,,15,15,,10,8,
100110,HCA FLORIDA OSCEOLA HOSPITAL,700 WEST OAK STREET,KISSIMMEE,FL,34741,OSCEOLA,(407) 846-2266,Acute Care Hospitals,Proprietary,Yes,Y,2,,8,8,0,8,0,,8,7,4,3,0,,11,8,0,4,4,,15,15,,10,6,
100113,UF HEALTH SHANDS HOSPITAL,1600 SW ARCHER RD,GAINESVILLE,FL,32610,ALACHUA,(352) 265-8000,Acute Care Hospitals,Voluntary non-profit - Private,Yes,Y,5,,8,8,3,5,0,,8,8,4,4,0,,11,11,2,7,2,,15,15,,10,9,
100117,BAPTIST MEDICAL CENTER  BEACHES,1350 13TH AVE S,JACKSONVILLE BEACH,FL,32250,DUVAL,(904) 247-2900,Acute Care Hospitals,Voluntary non-profit - Private,Yes,Y,4,,8,7,0,7,0,,8,8,1,7,0,,11,8,1,5,2,,15,15,,10,9,
100118,AdventHealth Palm Coast,60 MEMORIAL MEDICAL PKWY,PALM COAST,FL,32164,FLAGLER,(386) 586-2000,Acute Care Hospitals,Voluntary non-profit - Church,Yes,,5,,8,7,1,6,0,,8,5,2,3,0,,11,8,1,4,3,,15,15,,10,8,
100121,BARTOW REGIONAL MEDICAL CENTER,2200 OSPREY BLVD,BARTOW,FL,33830,POLK,(863) 533-8111,Acute Care Hospitals,Proprietary,Yes,,3,,8,5,0,5,0,,8,3,0,3,0,,11,6,0,4,2,,15,15,,10,7,
100122,NORTH OKALOOSA MEDICAL CENTER,151 REDSTONE AVE SE,CRESTVIEW,FL,32539,OKALOOSA,(850) 689-8100,Acute Care Hospitals,Voluntary non-profit - Private,Yes,Y,3,,8,7,0,7,0,,8,6,1,5,0,,11,9,1,7,1,,15,15,,10,8,
100124,SANTA ROSA MEDICAL CENTER,6002 BERRYHILL RD,MILTON,FL,32570,SANTA ROSA,(850) 626-7762,Acute Care Hospitals,Proprietary,Yes,Y,4,,8,5,0,5,0,,8,6,1,5,0,,11,7,0,6,1,,15,15,,10,8,
100125,HOMESTEAD HOSPITAL,975 BAPTIST WAY,HOMESTEAD,FL,33033,MIAMI-DADE,(786) 243-8000,Acute Care Hospitals,Voluntary non-profit - Private,Yes,Y,4,,8,5,0,5,0,,8,5,1,4,0,,11,6,0,6,0,,15,15,,10,8,
100126,HCA FLORIDA PASADENA HOSPITAL A PART OF HCA FLORID,1501 PASADENA AVE S,SAINT PETERSBURG,FL,33707,PINELLAS,(727) 381-1000,Acute Care Hospitals,Proprietary,Yes,,4,,8,6,0,6,0,,8,5,1,4,0,,11,7,1,5,1,,15,15,,10,7,
100127,MORTON PLANT HOSPITAL,300 PINELLAS ST,CLEARWATER,FL,33756,PINELLAS,(727) 462-7000,Acute Care Hospitals,Voluntary non-profit - Private,Yes,Y,4,,8,8,1,7,0,,8,8,2,6,0,,11,11,1,8,2,,15,15,,10,7,
100128,TAMPA GENERAL HOSPITAL,1 TAMPA GENERAL CIR,TAMPA,FL,33606,HILLSBOROUGH,(813) 844-7000,Acute Care Hospitals,Voluntary non-profit - Private,Yes,Y,3,,8,8,3,5,0,,8,8,3,4,1,,11,11,0,7,4,,15,15,,10,8,
100130,LAKESIDE MEDICAL CENTER,39200 HOOKER HWY,BELLE GLADE,FL,33430,PALM BEACH,(561) 996-6571,Acute Care Hospitals,Government - Hospital District or Authority,Yes,,Not Available,16,8,1,0,1,0,,8,2,0,2,0,,11,1,0,1,0,,15,Not Available,5.0,10,6,
100131,HCA FLORIDA AVENTURA HOSPITAL,20900 BISCAYNE BLVD,AVENTURA,FL,33180,MIAMI-DADE,(305) 682-7000,Acute Care Hospitals,Voluntary non-profit - Private,Yes,,3,,8,7,2,5,0,,8,7,2,5,0,,11,8,0,6,2,,15,15,,10,7,
100132,SOUTH FLORIDA BAPTIST HOSPITAL,301 N ALEXANDER ST,PLANT CITY,FL,33563,HILLSBOROUGH,(813) 757-1200,Acute Care Hospitals,Voluntary non-profit - Private,Yes,Y,3,,8,6,0,6,0,,8,6,1,5,0,,11,9,2,7,0,,15,15,,10,7,
100134,ED FRASER MEMORIAL HOSPITAL,159 N 3RD ST,MACCLENNY,FL,32063,BAKER,(904) 259-3151,Acute Care Hospitals,Voluntary non-profit - Private,Yes,,1,,8,3,0,3,0,,8,Not Available,Not Available,Not Available,Not Available,5.0,11,4,0,3,1,,15,5,,10,6,
100135,TALLAHASSEE MEMORIAL HEALTHCARE,1300 MICCOSUKEE RD,TALLAHASSEE,FL,32308,LEON,(850) 431-1155,Acute Care Hospitals,Voluntary non-profit - Private,Yes,Y,3,,8,8,0,8,0,,8,8,3,5,0,,11,11,3,7,1,,15,15,,10,9,
100137,ADVENTHEALTH HEART OF FLORIDA,40100 HWY 27,DAVENPORT,FL,33837,POLK,(863) 422-4971,Acute Care Hospitals,Proprietary,Yes,Y,3,,8,7,0,7,0,,8,7,2,5,0,,11,8,0,6,2,,15,15,,10,7,
10013F,NH Jacksonville,2080 Child St,Jacksonville,FL,32214,DUVAL,(904) 542-7300,Acute Care - Department of Defense,Department of Defense,Yes,,Not Available,22,Not Available,Not Available,Not Available,Not Available,Not Available,22.0,Not Available,Not Available,Not Available,Not Available,Not Available,22.0,Not Available,Not Available,Not Available,Not Available,Not Available,22.0,Not Available,Not Available,22.0,Not Available,Not Available,22.0
100140,BAPTIST MEDICAL CENTER - NASSAU,1250 S 18TH ST,FERNANDINA BEACH,FL,32034,NASSAU,(904) 321-3500,Acute Care Hospitals,Voluntary non-profit - Private,Yes,,4,,8,6,0,6,0,,8,3,1,2,0,,11,6,1,5,0,,15,15,,10,9,
100142,JACKSON HOSPITAL,4250 HOSPITAL DR,MARIANNA,FL,32446,JACKSON,(850) 526-2200,Acute Care Hospitals,Government - Hospital District or Authority,Yes,Y,1,,8,5,0,3,2,,8,3,0,3,0,,11,9,0,8,1,,15,15,,10,9,
100150,LOWER KEYS MEDICAL CENTER,5900 COLLEGE ROAD,KEY WEST,FL,33040,MONROE,(305) 294-5531,Acute Care Hospitals,Proprietary,Yes,Y,4,,8,4,1,3,0,,8,5,0,5,0,,11,7,0,6,1,,15,15,,10,9,
100151,MAYO CLINIC,4500 SAN PABLO RD,JACKSONVILLE,FL,32224,DUVAL,(904) 953-2000,Acute Care Hospitals,Voluntary non-profit - Private,Yes,,5,,8,8,6,2,0,,8,7,4,3,0,,11,11,1,9,1,,15,15,,10,8,
100154,SOUTH MIAMI HOSPITAL,6200 SW 73RD ST,MIAMI,FL,33143,MIAMI-DADE,(786) 662-4000,Acute Care Hospitals,Voluntary non-profit - Private,Yes,Y,4,,8,8,1,7,0,,8,7,3,4,0,,11,8,1,5,2,,15,15,,10,9,
100156,HCA FLORIDA LAKE CITY HOSPITAL,340 NW COMMERCE DR,LAKE CITY,FL,32055,COLUMBIA,(386) 719-9000,Acute Care Hospitals,Proprietary,Yes,,3,,8,6,0,6,0,,8,6,1,5,0,,11,7,1,4,2,,15,15,,10,7,
100157,LAKELAND REGIONAL MEDICAL CENTER,1324 LAKELAND HILLS BLVD,LAKELAND,FL,33805,POLK,(863) 687-1100,Acute Care Hospitals,Voluntary non-profit - Private,Yes,Y,1,,8,8,1,6,1,,8,8,3,3,2,,11,11,0,7,4,,15,15,,10,8,
10015F,VA NORTH FLORIDA/SOUTH GEORGIA HEALTHCARE SYSTEM - LAKE CITY,619 SOUTH MARION AVENUE,LAKE CITY,FL,32025,COLUMBIA,(386) 755-3016,Acute Care - Veterans Administration,Veterans Health Administration,Yes,,Not Available,16,8,3,2,1,0,,8,1,0,1,0,,11,4,0,1,3,,15,Not Available,5.0,10,Not Available,5.0
100161,CENTRAL FLORIDA LAKE MONROE HOSPITAL,1401 W SEMINOLE BLVD,SANFORD,FL,32771,SEMINOLE,(407) 321-4500,Acute Care Hospitals,Proprietary,Yes,,2,,8,8,0,8,0,,8,7,1,6,0,,11,8,1,5,2,,15,15,,10,7,
100166,HCA FLORIDA SARASOTA DOCTORS HOSPITAL,5731 BEE RIDGE RD,SARASOTA,FL,34233,SARASOTA,(941) 342-1100,Acute Care Hospitals,Proprietary,Yes,,4,,8,7,0,7,0,,8,7,2,5,0,,11,8,0,6,2,,15,15,,10,7,
100167,HCA FLORIDA MERCY HOSPITAL,401 NW 42ND AVE,PLANTATION,FL,33317,BROWARD,(954) 587-5010,Acute Care Hospitals,Voluntary non-profit - Private,Yes,Y,2,,8,7,2,5,0,,8,8,2,6,0,,11,7,0,5,2,,15,15,,10,7,
100168,BOCA RATON REGIONAL HOSPITAL,800 MEADOWS RD,BOCA RATON,FL,33486,PALM BEACH,(561) 955-4200,Acute Care Hospitals,Voluntary non-profit - Private,Yes,Y,2,,8,8,1,7,0,,8,8,2,6,0,,11,11,2,8,1,,15,15,,10,8,
100173,ADVENTHEALTH TAMPA,3100 E FLETCHER AVE,TAMPA,FL,33613,HILLSBOROUGH,(813) 615-7200,Acute Care Hospitals,Voluntary non-profit - Private,Yes,Y,3,,8,8,0,8,0,,8,8,1,7,0,,11,9,1,6,2,,15,15,,10,8,
100175,DESOTO MEMORIAL HOSPITAL,900 N ROBERT AVE,ARCADIA,FL,34266,DE SOTO,(863) 494-3535,Acute Care Hospitals,Voluntary non-profit - Private,Yes,,2,,8,4,0,4,0,,8,2,0,2,0,,11,5,0,5,0,,15,15,,10,9,
100176,PALM BEACH GARDENS MEDICAL CENTER,3360 BURNS RD,PALM BEACH GARDENS,FL,33410,PALM BEACH,(561) 622-1411,Acute Care Hospitals,Proprietary,Yes,,2,,8,8,0,8,0,,8,7,1,6,0,,11,9,0,7,2,,15,15,,10,7,
100177,CAPE CANAVERAL HOSPITAL,701 W COCOA BEACH CAUSEWAY,COCOA BEACH,FL,32931,BREVARD,(321) 799-7111,Acute Care Hospitals,Voluntary non-profit - Private,Yes,,3,,8,7,0,7,0,,8,6,1,5,0,,11,8,2,4,2,,15,15,,10,8,
100179,HCA FLORIDA MEMORIAL HOSPITAL,3625 UNIVERSITY BLVD S,JACKSONVILLE,FL,32216,DUVAL,(904) 702-6111,Acute Care Hospitals,Proprietary,Yes,Y,2,,8,8,0,8,0,,8,7,3,3,1,,11,9,1,7,1,,15,15,,10,7,
100180,HCA FLORIDA ST PETERSBURG HOSPITAL,6500 38TH AVE N,SAINT PETERSBURG,FL,33710,PINELLAS,(727) 384-1414,Acute Care Hospitals,Proprietary,Yes,Y,2,,8,4,0,4,0,,8,5,1,4,0,,11,5,0,3,2,,15,15,,10,7,
100181,LARKIN COMMUNITY HOSPITAL,7031 SW 62ND AVE,SOUTH MIAMI,FL,33143,MIAMI-DADE,(305) 284-7500,Acute Care Hospitals,Proprietary,Yes,,1,,8,3,0,3,0,,8,4,0,4,0,,11,3,0,0,3,,15,5,,10,6,
100183,CORAL GABLES HOSPITAL,3100 DOUGLAS RD,CORAL GABLES,FL,33134,MIAMI-DADE,(305) 445-8461,Acute Care Hospitals,Proprietary,Yes,,3,,8,4,0,4,0,,8,2,0,2,0,,11,5,1,3,1,,15,15,,10,6,
100187,PALMETTO GENERAL HOSPITAL,2001 W 68TH ST,HIALEAH,FL,33016,MIAMI-DADE,(305) 823-5000,Acute Care Hospitals,Proprietary,Yes,Y,2,,8,6,0,6,0,,8,7,3,4,0,,11,7,2,4,1,,15,15,,10,7,
100189,HCA FLORIDA NORTHWEST HOSPITAL,2801 N STATE RD 7,MARGATE,FL,33063,BROWARD,(954) 974-0400,Acute Care Hospitals,Proprietary,Yes,Y,2,,8,7,0,7,0,,8,7,2,5,0,,11,7,0,4,3,,15,15,,10,7,
100191,HCA FLORIDA TRINITY HOSPITAL,9330 SR 54,TRINITY,FL,34655,PASCO,(727) 834-4900,Acute Care Hospitals,Proprietary,Yes,Y,2,,8,7,0,7,0,,8,8,2,6,0,,11,8,0,4,4,,15,15,,10,7,
100200,BROWARD HEALTH IMPERIAL POINT,6401 N FEDERAL HWY,FORT LAUDERDALE,FL,33308,BROWARD,(954) 776-8500,Acute Care Hospitals,Government - Hospital District or Authority,No,,3,,8,4,0,4,0,,8,7,1,6,0,,11,6,0,5,1,,15,15,,10,8,
100204,HCA FLORIDA NORTH FLORIDA HOSPITAL,6500 W NEWBERRY RD,GAINESVILLE,FL,32605,ALACHUA,(352) 333-4100,Acute Care Hospitals,Proprietary,Yes,Y,3,,8,8,0,8,0,,8,8,3,5,0,,11,9,0,7,2,,15,15,,10,7,
100206,HCA FLORIDA SOUTH TAMPA HOSPITAL,2901 W SWANN AVE,TAMPA,FL,33609,HILLSBOROUGH,(813) 873-6400,Acute Care Hospitals,Proprietary,Yes,,5,,8,6,0,6,0,,8,3,1,2,0,,11,6,1,4,1,,15,15,,10,8,
100209,HCA FLORIDA KENDALL HOSPITAL,11750 BIRD RD,MIAMI,FL,33175,MIAMI-DADE,(305) 223-3000,Acute Care Hospitals,Proprietary,Yes,Y,4,,8,7,1,6,0,,8,7,3,4,0,,11,7,1,4,2,,15,15,,10,7,
100211,ADVENTHEALTH DADE CITY,13100 FT KING RD,DADE CITY,FL,33525,PASCO,(352) 568-1100,Acute Care Hospitals,Proprietary,No,,4,,8,6,0,6,0,,8,3,1,2,0,,11,6,1,4,1,,15,15,,10,7,
100212,MARION COMMUNTIY HOSPITAL,1431 SW 1ST AVE,OCALA,FL,34471,MARION,(352) 401-1000,Acute Care Hospitals,Proprietary,Yes,,1,,8,8,0,5,3,,8,7,4,2,1,,11,9,0,6,3,,15,15,,10,7,
100213,HCA FLORIDA BLAKE HOSPITAL,2020 59TH ST W,BRADENTON,FL,34209,MANATEE,(941) 798-6110,Acute Care Hospitals,Proprietary,Yes,,2,,8,8,0,8,0,,8,7,2,5,0,,11,9,0,5,4,,15,15,,10,7,
100217,ORLANDO HEALTH SEBASTIAN RIVER HOSPITAL,13695 US HWY 1,SEBASTIAN,FL,32958,INDIAN RIVER,(772) 589-3187,Acute Care Hospitals,Voluntary non-profit - Private,Yes,,4,,8,7,0,7,0,,8,4,1,3,0,,11,7,3,4,0,,15,15,,10,7,
10021F,96th Medical Group (Eglin AFB),96 MDG 307 Boatner Rd Suite 114,Eglin AFB,FL,32542,OKALOOSA,(850) 883-8600,Acute Care - Department of Defense,Department of Defense,Yes,,Not Available,22,Not Available,Not Available,Not Available,Not Available,Not Available,22.0,Not Available,Not Available,Not Available,Not Available,Not Available,22.0,Not Available,Not Available,Not Available,Not Available,Not Available,22.0,Not Available,Not Available,22.0,Not Available,Not Available,22.0
100220,GULF COAST MEDICAL CENTER LEE HEALTH,13681 DOCTORS WAY,FORT MYERS,FL,33912,LEE,(239) 343-1000,Acute Care Hospitals,Government - Hospital District or Authority,Yes,,4,,8,7,3,4,0,,8,8,2,6,0,,11,10,0,7,3,,15,15,,10,8,
100223,HCA FLORIDA FORT WALTON-DESTIN HOSPITAL,1000 MAR-WALT DR,FORT WALTON BEACH,FL,32547,OKALOOSA,(850) 862-1111,Acute Care Hospitals,Proprietary,Yes,Y,3,,8,8,1,7,0,,8,7,1,6,0,,11,9,0,5,4,,15,15,,10,8,
100224,UNIVERSITY HOSPITAL AND MEDICAL CENTER,7201 N UNIVERSITY DR,TAMARAC,FL,33321,BROWARD,(954) 721-2200,Acute Care Hospitals,Proprietary,Yes,,2,,8,5,0,5,0,,8,6,1,5,0,,11,6,0,3,3,,15,15,,10,7,
100226,HCA FLORIDA ORANGE PARK HOSPITAL,2001 KINGSLEY AVE,ORANGE PARK,FL,32073,CLAY,(904) 276-8500,Acute Care Hospitals,Voluntary non-profit - Other,Yes,Y,3,,8,8,0,8,0,,8,7,1,5,1,,11,9,3,5,1,,15,15,,10,7,
100228,WESTSIDE REGIONAL MEDICAL CENTER,8201 W BROWARD BLVD,PLANTATION,FL,33324,BROWARD,(954) 473-6600,Acute Care Hospitals,Proprietary,No,,2,,8,8,0,7,1,,8,6,4,2,0,,11,8,0,6,2,,15,15,,10,7,
100230,MEMORIAL HOSPITAL PEMBROKE,7800 SHERIDAN ST,PEMBROKE PINES,FL,33024,BROWARD,(954) 962-9650,Acute Care Hospitals,Government - Hospital District or Authority,Yes,,4,,8,4,0,4,0,,8,6,1,5,0,,11,5,0,4,1,,15,15,,10,8,
100231,HCA FLORIDA WEST HOSPITAL,8383 N DAVIS HWY,PENSACOLA,FL,32514,ESCAMBIA,(850) 494-4000,Acute Care Hospitals,Proprietary,Yes,Y,3,,8,8,0,8,0,,8,8,2,6,0,,11,9,0,8,1,,15,15,,10,8,
100232,HCA FLORIDA PUTNAM HOSPITAL,611 ZEAGLER DR,PALATKA,FL,32177,PUTNAM,(386) 328-5711,Acute Care Hospitals,Proprietary,Yes,,2,,8,6,0,5,1,,8,5,1,4,0,,11,8,0,6,2,,15,15,,10,7,
100236,HCA FLORIDA FAWCETT HOSPITAL,21298 OLEAN BLVD,PORT CHARLOTTE,FL,33952,CHARLOTTE,(941) 629-1181,Acute Care Hospitals,Proprietary,Yes,,1,,8,8,0,8,0,,8,7,1,6,0,,11,9,0,5,4,,15,15,,10,7,
100238,HCA FLORIDA NORTHSIDE HOSPITAL,6000 49TH ST N,SAINT PETERSBURG,FL,33709,PINELLAS,(727) 521-5121,Acute Care Hospitals,Proprietary,Yes,,1,,8,8,1,7,0,,8,6,2,4,0,,11,9,0,6,3,,15,15,,10,7,
100242,HCA FLORIDA GULF COAST HOSPITAL,449 W 23RD ST,PANAMA CITY,FL,32405,BAY,(850) 747-7926,Acute Care Hospitals,Proprietary,Yes,Y,2,,8,7,0,7,0,,8,7,1,6,0,,11,8,1,7,0,,15,15,,10,9,
100243,HCA FLORIDA BRANDON HOSPITAL,119 OAKFIELD DR,BRANDON,FL,33511,HILLSBOROUGH,(813) 916-0600,Acute Care Hospitals,Proprietary,Yes,Y,3,,8,8,2,6,0,,8,8,1,7,0,,11,9,0,6,3,,15,15,,10,7,
100244,CAPE CORAL HOSPITAL,636 DEL PRADO BLVD,CAPE CORAL,FL,33990,LEE,(239) 424-2000,Acute Care Hospitals,Government - Hospital District or Authority,Yes,Y,3,,8,7,1,6,0,,8,7,3,4,0,,11,7,1,4,2,,15,15,,10,9,
100246,HCA FLORIDA LAWNWOOD HOSPITAL,1700 S 23RD ST,FORT PIERCE,FL,34950,ST. LUCIE,(772) 461-4000,Acute Care Hospitals,Proprietary,Yes,Y,1,,8,8,0,8,0,,8,6,2,4,0,,11,7,0,3,4,,15,15,,10,7,
100248,HCA FLORIDA LARGO HOSPITAL,201 14TH ST SW,LARGO,FL,33770,PINELLAS,(727) 588-5200,Acute Care Hospitals,Proprietary,Yes,,2,,8,8,0,8,0,,8,6,1,5,0,,11,8,0,7,1,,15,15,,10,7,
100249,TAMPA GENERAL HOSPITAL CRYSTAL RIVER,6201 N SUNCOAST BLVD,CRYSTAL RIVER,FL,34428,CITRUS,(352) 795-6560,Acute Care Hospitals,Voluntary non-profit - Private,No,,2,,8,7,0,7,0,,8,5,0,5,0,,11,8,2,5,1,,15,15,,10,6,
100252,HCA FLORIDA RAULERSON HOSPITAL,1796 HWY 441 NORTH,OKEECHOBEE,FL,34972,OKEECHOBEE,(863) 763-2151,Acute Care Hospitals,Proprietary,No,,3,,8,6,0,6,0,,8,3,1,2,0,,11,6,0,5,1,,15,15,,10,8,
100253,JUPITER MEDICAL CENTER,1210 S OLD DIXIE HWY,JUPITER,FL,33458,PALM BEACH,(561) 747-2234,Acute Care Hospitals,Voluntary non-profit - Private,Yes,Y,4,,8,8,1,7,0,,8,8,3,5,0,,11,11,0,8,3,,15,15,,10,8,
100254,HCA FLORIDA CAPITAL HOSPITAL,2626 CAPITAL MEDICAL BLVD,TALLAHASSEE,FL,32308,LEON,(850) 656-5000,Acute Care Hospitals,Proprietary,Yes,Y,2,,8,8,0,8,0,,8,8,2,6,0,,11,9,0,6,3,,15,15,,10,8,
100256,HCA FLORIDA BAYONET POINT HOSPITAL,14000 FIVAY RD,HUDSON,FL,34667,PASCO,(727) 819-2929,Acute Care Hospitals,Proprietary,Yes,,2,,8,8,1,7,0,,8,7,1,6,0,,11,9,0,5,4,,15,15,,10,6,
100258,DELRAY MEDICAL CENTER,5352 LINTON BLVD,DELRAY BEACH,FL,33484,PALM BEACH,(561) 498-4440,Acute Care Hospitals,Proprietary,Yes,,1,,8,8,3,5,0,,8,7,3,3,1,,11,9,0,6,3,,15,15,,10,7,
100259,HCA FLORIDA SOUTH SHORE HOSPITAL,4016 SUN CITY CENTER BLVD,SUN CITY CENTER,FL,33573,HILLSBOROUGH,(813) 634-3301,Acute Care Hospitals,Proprietary,Yes,,2,,8,7,0,7,0,,8,6,1,5,0,,11,8,0,6,2,,15,15,,10,8,
100260,ST LUCIE MEDICAL CENTER,1800 SE TIFFANY AVE,PORT SAINT LUCIE,FL,34952,ST. LUCIE,(772) 335-4000,Acute Care Hospitals,Proprietary,Yes,Y,1,,8,7,0,7,0,,8,8,1,7,0,,11,7,0,1,6,,15,15,,10,6,
100264,HCA FLORIDA OAK HILL HOSPITAL,11375 CORTEZ BLVD,BROOKSVILLE,FL,34613,HERNANDO,(352) 596-6632,Acute Care Hospitals,Proprietary,Yes,Y,1,,8,8,0,8,0,,8,7,3,3,1,,11,9,0,3,6,,15,15,,10,8,
100265,MEASE COUNTRYSIDE HOSPITAL,3231 MCMULLEN BOOTH RD,SAFETY HARBOR,FL,34695,PINELLAS,(727) 734-6950,Acute Care Hospitals,Voluntary non-profit - Private,Yes,Y,4,,8,7,0,7,0,,8,7,1,6,0,,11,9,0,9,0,,15,15,,10,8,
100266,GULF BREEZE HOSPITAL,1110 GULF BREEZE PKWY,GULF BREEZE,FL,32561,SANTA ROSA,(850) 934-2000,Acute Care Hospitals,Voluntary non-profit - Other,Yes,,4,,8,5,0,5,0,,8,4,0,4,0,,11,7,1,5,1,,15,15,,10,9,
100267,HCA FLORIDA ENGLEWOOD HOSPITAL,700 MEDICAL BLVD,ENGLEWOOD,FL,34223,SARASOTA,(941) 475-6571,Acute Care Hospitals,Proprietary,Yes,,3,,8,6,0,6,0,,8,4,0,4,0,,11,8,0,7,1,,15,15,,10,6,
100268,WEST BOCA MEDICAL CENTER,21644 STATE RD 7,BOCA RATON,FL,33428,PALM BEACH,(561) 488-8100,Acute Care Hospitals,Proprietary,Yes,Y,3,,8,5,0,5,0,,8,6,1,5,0,,11,6,0,6,0,,15,15,,10,7,
100269,HCA FLORIDA PALMS WEST HOSPITAL,13001 SOUTHERN BLVD,LOXAHATCHEE,FL,33470,PALM BEACH,(561) 798-3300,Acute Care Hospitals,Proprietary,Yes,Y,2,,8,7,0,7,0,,8,7,2,5,0,,11,6,0,2,4,,15,15,,10,7,
100275,WELLINGTON REGIONAL MEDICAL CENTER,10101 FOREST HILL BLVD,WELLINGTON,FL,33414,PALM BEACH,(561) 798-8500,Acute Care Hospitals,Proprietary,Yes,Y,2,,8,7,0,7,0,,8,7,2,5,0,,11,8,0,4,4,,15,15,,10,7,
100276,BROWARD HEALTH CORAL SPRINGS,3000 CORAL HILLS DR,CORAL SPRINGS,FL,33065,BROWARD,(954) 344-3121,Acute Care Hospitals,Government - Hospital District or Authority,Yes,Y,4,,8,7,1,6,0,,8,7,2,5,0,,11,7,0,6,1,,15,15,,10,8,
100277,DOUGLAS GARDENS HOSPITAL,5200 NE 2ND AVE,MIAMI,FL,33137,MIAMI-DADE,(305) 751-8626,Acute Care Hospitals,Voluntary non-profit - Private,No,,Not Available,16,8,Not Available,Not Available,Not Available,Not Available,5.0,8,Not Available,Not Available,Not Available,Not Available,5.0,11,Not Available,Not Available,Not Available,Not Available,5.0,15,Not Available,5.0,10,1,
100281,MEMORIAL HOSPITAL WEST,703 N FLAMINGO RD,PEMBROKE PINES,FL,33028,BROWARD,(954) 436-5000,Acute Care Hospitals,Government - Hospital District or Authority,Yes,Y,3,,8,7,1,6,0,,8,8,2,6,0,,11,10,0,7,3,,15,15,,10,7,
100284,KERALTY HOSPITAL,2500 SW 75TH AVE,MIAMI,FL,33155,MIAMI-DADE,(305) 263-9270,Acute Care Hospitals,Proprietary,Yes,,2,,8,3,0,3,0,,8,3,1,2,0,,11,3,0,2,1,,15,Not Available,5.0,10,7,
100285,MEMORIAL HOSPITAL MIRAMAR,1901 SW 172ND AVE,MIRAMAR,FL,33029,BROWARD,(954) 538-5000,Acute Care Hospitals,Government - Hospital District or Authority,Yes,Y,5,,8,5,0,5,0,,8,7,1,6,0,,11,5,0,4,1,,15,15,,10,8,
100286,PHYSICIANS REGIONAL MEDICAL CENTER - PINE RIDGE,6101 PINE RIDGE ROAD,NAPLES,FL,34119,COLLIER,(239) 304-5145,Acute Care Hospitals,Proprietary,Yes,,2,,8,8,0,7,1,,8,7,3,4,0,,11,9,0,5,4,,15,15,,10,8,
