Rndrng_Prvdr_CCN,Rndrng_Prvdr_Org_Name,Rndrng_Prvdr_City,Rndrng_Prvdr_St,Rndrng_Prvdr_State_FIPS,Rndrng_Prvdr_Zip5,Rndrng_Prvdr_State_Abrvtn,Rndrng_Prvdr_RUCA,Rndrng_Prvdr_RUCA_Desc,DRG_Cd,DRG_Desc,Tot_Dschrgs,Avg_Submtd_Cvrd_Chrg,Avg_Tot_Pymt_Amt,Avg_Mdcr_Pymt_Amt
10001,Southeast Health Medical Center,Dothan,1108 Ross Clark Circle,1,36301,AL,2.0,"Metropolitan area high commuting: primary flow 30% or more to a urbanized area of 50,000 and greater",3,"ECMO OR TRACHEOSTOMY WITH MV >96 HOURS OR PRINCIPAL DIAGNOSIS EXCEPT FACE, MOUTH AND NEC",11,738478.63636,103236.27273,91218.181818
10001,Southeast Health Medical Center,Dothan,1108 Ross Clark Circle,1,36301,AL,2.0,"Metropolitan area high commuting: primary flow 30% or more to a urbanized area of 50,000 and greater",23,CRANIOTOMY WITH MAJOR DEVICE IMPLANT OR ACUTE COMPLEX CNS PRINCIPAL DIAGNOSIS WITH MCC O,23,173562.08696,40220.217391,37634.565217
10001,Southeast Health Medical Center,Dothan,1108 Ross Clark Circle,1,36301,AL,2.0,"Metropolitan area high commuting: primary flow 30% or more to a urbanized area of 50,000 and greater",24,CRANIOTOMY WITH MAJOR DEVICE IMPLANT OR ACUTE COMPLEX CNS PRINCIPAL DIAGNOSIS WITHOUT MC,13,95613.307692,27305.461538,25644.307692
10001,Southeast Health Medical Center,Dothan,1108 Ross Clark Circle,1,36301,AL,2.0,"Metropolitan area high commuting: primary flow 30% or more to a urbanized area of 50,000 and greater",25,CRANIOTOMY AND ENDOVASCULAR INTRACRANIAL PROCEDURES WITH MCC,22,182831.40909,31420.954545,23270.863636
10001,Southeast Health Medical Center,Dothan,1108 Ross Clark Circle,1,36301,AL,2.0,"Metropolitan area high commuting: primary flow 30% or more to a urbanized area of 50,000 and greater",38,EXTRACRANIAL PROCEDURES WITH CC,27,111318.55556,12183.925926,10532.222222
10001,Southeast Health Medical Center,Dothan,1108 Ross Clark Circle,1,36301,AL,2.0,"Metropolitan area high commuting: primary flow 30% or more to a urbanized area of 50,000 and greater",39,EXTRACRANIAL PROCEDURES WITHOUT CC/MCC,47,90166.212766,9712.5106383,7136.3191489
10001,Southeast Health Medical Center,Dothan,1108 Ross Clark Circle,1,36301,AL,2.0,"Metropolitan area high commuting: primary flow 30% or more to a urbanized area of 50,000 and greater",56,DEGENERATIVE NERVOUS SYSTEM DISORDERS WITH MCC,13,65932.0,16949.0,14845.769231
10001,Southeast Health Medical Center,Dothan,1108 Ross Clark Circle,1,36301,AL,2.0,"Metropolitan area high commuting: primary flow 30% or more to a urbanized area of 50,000 and greater",57,DEGENERATIVE NERVOUS SYSTEM DISORDERS WITHOUT MCC,20,26026.5,10431.65,8639.3
10001,Southeast Health Medical Center,Dothan,1108 Ross Clark Circle,1,36301,AL,2.0,"Metropolitan area high commuting: primary flow 30% or more to a urbanized area of 50,000 and greater",64,INTRACRANIAL HEMORRHAGE OR CEREBRAL INFARCTION WITH MCC,74,71396.337838,14841.040541,12331.918919
10001,Southeast Health Medical Center,Dothan,1108 Ross Clark Circle,1,36301,AL,2.0,"Metropolitan area high commuting: primary flow 30% or more to a urbanized area of 50,000 and greater",65,INTRACRANIAL HEMORRHAGE OR CEREBRAL INFARCTION WITH CC OR TPA IN 24 HOURS,62,40065.596774,8402.016129,6009.7903226
10001,Southeast Health Medical Center,Dothan,1108 Ross Clark Circle,1,36301,AL,2.0,"Metropolitan area high commuting: primary flow 30% or more to a urbanized area of 50,000 and greater",66,INTRACRANIAL HEMORRHAGE OR CEREBRAL INFARCTION WITHOUT CC/MCC,15,26791.266667,5835.7333333,3949.9333333
10001,Southeast Health Medical Center,Dothan,1108 Ross Clark Circle,1,36301,AL,2.0,"Metropolitan area high commuting: primary flow 30% or more to a urbanized area of 50,000 and greater",68,PRECEREBRAL OCCLUSION WITHOUT INFARCTION WITHOUT MCC,12,49966.083333,7112.8333333,5677.0
10001,Southeast Health Medical Center,Dothan,1108 Ross Clark Circle,1,36301,AL,2.0,"Metropolitan area high commuting: primary flow 30% or more to a urbanized area of 50,000 and greater",69,TRANSIENT ISCHEMIA WITHOUT THROMBOLYTIC,39,28150.589744,6488.3589744,4869.7179487
10001,Southeast Health Medical Center,Dothan,1108 Ross Clark Circle,1,36301,AL,2.0,"Metropolitan area high commuting: primary flow 30% or more to a urbanized area of 50,000 and greater",70,OTHER CEREBROVASCULAR DISORDERS WITH MCC,15,56019.466667,13197.4,11472.933333
10001,Southeast Health Medical Center,Dothan,1108 Ross Clark Circle,1,36301,AL,2.0,"Metropolitan area high commuting: primary flow 30% or more to a urbanized area of 50,000 and greater",86,TRAUMATIC STUPOR AND COMA <1 HOUR WITH CC,11,41874.636364,10449.272727,8965.7272727
10001,Southeast Health Medical Center,Dothan,1108 Ross Clark Circle,1,36301,AL,2.0,"Metropolitan area high commuting: primary flow 30% or more to a urbanized area of 50,000 and greater",91,OTHER DISORDERS OF NERVOUS SYSTEM WITH MCC,16,43852.375,12535.6875,10785.75
10001,Southeast Health Medical Center,Dothan,1108 Ross Clark Circle,1,36301,AL,2.0,"Metropolitan area high commuting: primary flow 30% or more to a urbanized area of 50,000 and greater",100,SEIZURES WITH MCC,25,72635.52,15526.76,10805.24
10001,Southeast Health Medical Center,Dothan,1108 Ross Clark Circle,1,36301,AL,2.0,"Metropolitan area high commuting: primary flow 30% or more to a urbanized area of 50,000 and greater",101,SEIZURES WITHOUT MCC,13,21109.153846,7230.1538462,5988.1538462
10001,Southeast Health Medical Center,Dothan,1108 Ross Clark Circle,1,36301,AL,2.0,"Metropolitan area high commuting: primary flow 30% or more to a urbanized area of 50,000 and greater",163,MAJOR CHEST PROCEDURES WITH MCC,13,119926.38462,29639.384615,26185.846154
10001,Southeast Health Medical Center,Dothan,1108 Ross Clark Circle,1,36301,AL,2.0,"Metropolitan area high commuting: primary flow 30% or more to a urbanized area of 50,000 and greater",175,PULMONARY EMBOLISM WITH MCC OR ACUTE COR PULMONALE,17,46597.823529,11799.0,8003.0
10001,Southeast Health Medical Center,Dothan,1108 Ross Clark Circle,1,36301,AL,2.0,"Metropolitan area high commuting: primary flow 30% or more to a urbanized area of 50,000 and greater",177,RESPIRATORY INFECTIONS AND INFLAMMATIONS WITH MCC,78,54523.102564,12451.307692,10236.512821
10001,Southeast Health Medical Center,Dothan,1108 Ross Clark Circle,1,36301,AL,2.0,"Metropolitan area high commuting: primary flow 30% or more to a urbanized area of 50,000 and greater",178,RESPIRATORY INFECTIONS AND INFLAMMATIONS WITH CC,17,38799.941176,9474.7647059,5711.9411765
10001,Southeast Health Medical Center,Dothan,1108 Ross Clark Circle,1,36301,AL,2.0,"Metropolitan area high commuting: primary flow 30% or more to a urbanized area of 50,000 and greater",189,PULMONARY EDEMA AND RESPIRATORY FAILURE,43,44091.837209,9931.9069767,8012.0465116
10001,Southeast Health Medical Center,Dothan,1108 Ross Clark Circle,1,36301,AL,2.0,"Metropolitan area high commuting: primary flow 30% or more to a urbanized area of 50,000 and greater",190,CHRONIC OBSTRUCTIVE PULMONARY DISEASE WITH MCC,27,45922.740741,8661.037037,6592.1851852
10001,Southeast Health Medical Center,Dothan,1108 Ross Clark Circle,1,36301,AL,2.0,"Metropolitan area high commuting: primary flow 30% or more to a urbanized area of 50,000 and greater",193,SIMPLE PNEUMONIA AND PLEURISY WITH MCC,83,49608.843373,10305.987952,8246.9036145
10001,Southeast Health Medical Center,Dothan,1108 Ross Clark Circle,1,36301,AL,2.0,"Metropolitan area high commuting: primary flow 30% or more to a urbanized area of 50,000 and greater",194,SIMPLE PNEUMONIA AND PLEURISY WITH CC,17,24258.294118,6873.1764706,5084.8235294
10001,Southeast Health Medical Center,Dothan,1108 Ross Clark Circle,1,36301,AL,2.0,"Metropolitan area high commuting: primary flow 30% or more to a urbanized area of 50,000 and greater",205,OTHER RESPIRATORY SYSTEM DIAGNOSES WITH MCC,15,62595.466667,13016.333333,10723.666667
10001,Southeast Health Medical Center,Dothan,1108 Ross Clark Circle,1,36301,AL,2.0,"Metropolitan area high commuting: primary flow 30% or more to a urbanized area of 50,000 and greater",208,RESPIRATORY SYSTEM DIAGNOSIS WITH VENTILATOR SUPPORT <=96 HOURS,15,101844.46667,20025.333333,18224.8
10001,Southeast Health Medical Center,Dothan,1108 Ross Clark Circle,1,36301,AL,2.0,"Metropolitan area high commuting: primary flow 30% or more to a urbanized area of 50,000 and greater",233,CORONARY BYPASS WITH CARDIAC CATHETERIZATION OR OPEN ABLATION WITH MCC,11,299513.18182,67744.181818,37597.090909
10001,Southeast Health Medical Center,Dothan,1108 Ross Clark Circle,1,36301,AL,2.0,"Metropolitan area high commuting: primary flow 30% or more to a urbanized area of 50,000 and greater",234,CORONARY BYPASS WITH CARDIAC CATHETERIZATION OR OPEN ABLATION WITHOUT MCC,21,240523.52381,39542.095238,29507.619048
10001,Southeast Health Medical Center,Dothan,1108 Ross Clark Circle,1,36301,AL,2.0,"Metropolitan area high commuting: primary flow 30% or more to a urbanized area of 50,000 and greater",236,CORONARY BYPASS WITHOUT CARDIAC CATHETERIZATION WITHOUT MCC,14,199607.71429,29065.428571,24551.214286
10001,Southeast Health Medical Center,Dothan,1108 Ross Clark Circle,1,36301,AL,2.0,"Metropolitan area high commuting: primary flow 30% or more to a urbanized area of 50,000 and greater",242,PERMANENT CARDIAC PACEMAKER IMPLANT WITH MCC,15,112638.33333,24908.333333,23056.466667
10001,Southeast Health Medical Center,Dothan,1108 Ross Clark Circle,1,36301,AL,2.0,"Metropolitan area high commuting: primary flow 30% or more to a urbanized area of 50,000 and greater",243,PERMANENT CARDIAC PACEMAKER IMPLANT WITH CC,26,79296.076923,17015.961538,14326.038462
10001,Southeast Health Medical Center,Dothan,1108 Ross Clark Circle,1,36301,AL,2.0,"Metropolitan area high commuting: primary flow 30% or more to a urbanized area of 50,000 and greater",244,PERMANENT CARDIAC PACEMAKER IMPLANT WITHOUT CC/MCC,18,73516.722222,16330.222222,11462.444444
10001,Southeast Health Medical Center,Dothan,1108 Ross Clark Circle,1,36301,AL,2.0,"Metropolitan area high commuting: primary flow 30% or more to a urbanized area of 50,000 and greater",252,OTHER VASCULAR PROCEDURES WITH MCC,15,154904.13333,25605.8,23886.6
10001,Southeast Health Medical Center,Dothan,1108 Ross Clark Circle,1,36301,AL,2.0,"Metropolitan area high commuting: primary flow 30% or more to a urbanized area of 50,000 and greater",267,ENDOVASCULAR CARDIAC VALVE REPLACEMENT AND SUPPLEMENT PROCEDURES WITHOUT MCC,23,147372.6087,34407.391304,30368.391304
10001,Southeast Health Medical Center,Dothan,1108 Ross Clark Circle,1,36301,AL,2.0,"Metropolitan area high commuting: primary flow 30% or more to a urbanized area of 50,000 and greater",269,AORTIC AND HEART ASSIST PROCEDURES EXCEPT PULSATION BALLOON WITHOUT MCC,11,105233.45455,29153.909091,25494.727273
10001,Southeast Health Medical Center,Dothan,1108 Ross Clark Circle,1,36301,AL,2.0,"Metropolitan area high commuting: primary flow 30% or more to a urbanized area of 50,000 and greater",274,PERCUTANEOUS AND OTHER INTRACARDIAC PROCEDURES WITHOUT MCC,36,118253.41667,23201.277778,21477.388889
10001,Southeast Health Medical Center,Dothan,1108 Ross Clark Circle,1,36301,AL,2.0,"Metropolitan area high commuting: primary flow 30% or more to a urbanized area of 50,000 and greater",280,"ACUTE MYOCARDIAL INFARCTION, DISCHARGED ALIVE WITH MCC",119,45986.941176,12423.260504,10522.109244
10001,Southeast Health Medical Center,Dothan,1108 Ross Clark Circle,1,36301,AL,2.0,"Metropolitan area high commuting: primary flow 30% or more to a urbanized area of 50,000 and greater",281,"ACUTE MYOCARDIAL INFARCTION, DISCHARGED ALIVE WITH CC",30,28444.533333,8452.8666667,5408.2333333
10001,Southeast Health Medical Center,Dothan,1108 Ross Clark Circle,1,36301,AL,2.0,"Metropolitan area high commuting: primary flow 30% or more to a urbanized area of 50,000 and greater",282,"ACUTE MYOCARDIAL INFARCTION, DISCHARGED ALIVE WITHOUT CC/MCC",19,21103.526316,7449.2105263,3673.8421053
10001,Southeast Health Medical Center,Dothan,1108 Ross Clark Circle,1,36301,AL,2.0,"Metropolitan area high commuting: primary flow 30% or more to a urbanized area of 50,000 and greater",283,"ACUTE MYOCARDIAL INFARCTION, EXPIRED WITH MCC",16,108528.0625,15423.9375,13448.375
10001,Southeast Health Medical Center,Dothan,1108 Ross Clark Circle,1,36301,AL,2.0,"Metropolitan area high commuting: primary flow 30% or more to a urbanized area of 50,000 and greater",286,"CIRCULATORY DISORDERS EXCEPT AMI, WITH CARDIAC CATHETERIZATION WITH MCC",24,47858.291667,16784.458333,12763.208333
10001,Southeast Health Medical Center,Dothan,1108 Ross Clark Circle,1,36301,AL,2.0,"Metropolitan area high commuting: primary flow 30% or more to a urbanized area of 50,000 and greater",287,"CIRCULATORY DISORDERS EXCEPT AMI, WITH CARDIAC CATHETERIZATION WITHOUT MCC",25,33501.48,8487.28,6480.8
10001,Southeast Health Medical Center,Dothan,1108 Ross Clark Circle,1,36301,AL,2.0,"Metropolitan area high commuting: primary flow 30% or more to a urbanized area of 50,000 and greater",291,HEART FAILURE AND SHOCK WITH MCC,197,38951.025381,10008.238579,8228.9035533
10001,Southeast Health Medical Center,Dothan,1108 Ross Clark Circle,1,36301,AL,2.0,"Metropolitan area high commuting: primary flow 30% or more to a urbanized area of 50,000 and greater",300,PERIPHERAL VASCULAR DISORDERS WITH CC,13,32789.538462,8209.8461538,5806.6923077
10001,Southeast Health Medical Center,Dothan,1108 Ross Clark Circle,1,36301,AL,2.0,"Metropolitan area high commuting: primary flow 30% or more to a urbanized area of 50,000 and greater",304,HYPERTENSION WITH MCC,12,47270.75,9428.0833333,7474.0833333
10001,Southeast Health Medical Center,Dothan,1108 Ross Clark Circle,1,36301,AL,2.0,"Metropolitan area high commuting: primary flow 30% or more to a urbanized area of 50,000 and greater",305,HYPERTENSION WITHOUT MCC,19,21925.315789,6503.1578947,4616.0526316
10001,Southeast Health Medical Center,Dothan,1108 Ross Clark Circle,1,36301,AL,2.0,"Metropolitan area high commuting: primary flow 30% or more to a urbanized area of 50,000 and greater",308,CARDIAC ARRHYTHMIA AND CONDUCTION DISORDERS WITH MCC,38,44508.789474,9891.9736842,8068.3947368
10001,Southeast Health Medical Center,Dothan,1108 Ross Clark Circle,1,36301,AL,2.0,"Metropolitan area high commuting: primary flow 30% or more to a urbanized area of 50,000 and greater",309,CARDIAC ARRHYTHMIA AND CONDUCTION DISORDERS WITH CC,55,22763.854545,6651.3636364,4584.5272727
10001,Southeast Health Medical Center,Dothan,1108 Ross Clark Circle,1,36301,AL,2.0,"Metropolitan area high commuting: primary flow 30% or more to a urbanized area of 50,000 and greater",310,CARDIAC ARRHYTHMIA AND CONDUCTION DISORDERS WITHOUT CC/MCC,23,15335.652174,5284.5652174,3065.9565217
10001,Southeast Health Medical Center,Dothan,1108 Ross Clark Circle,1,36301,AL,2.0,"Metropolitan area high commuting: primary flow 30% or more to a urbanized area of 50,000 and greater",312,SYNCOPE AND COLLAPSE,40,22542.475,7135.6,5316.6
10001,Southeast Health Medical Center,Dothan,1108 Ross Clark Circle,1,36301,AL,2.0,"Metropolitan area high commuting: primary flow 30% or more to a urbanized area of 50,000 and greater",313,CHEST PAIN,23,21159.956522,6685.6521739,4260.3913043
10001,Southeast Health Medical Center,Dothan,1108 Ross Clark Circle,1,36301,AL,2.0,"Metropolitan area high commuting: primary flow 30% or more to a urbanized area of 50,000 and greater",314,OTHER CIRCULATORY SYSTEM DIAGNOSES WITH MCC,24,68090.25,15952.25,12948.291667
10001,Southeast Health Medical Center,Dothan,1108 Ross Clark Circle,1,36301,AL,2.0,"Metropolitan area high commuting: primary flow 30% or more to a urbanized area of 50,000 and greater",321,PERCUTANEOUS CARDIOVASCULAR PROCEDURES WITH INTRALUMINAL DEVICE WITH MCC OR 4+ ARTERIES/,22,114801.45455,25925.954545,17061.5
10001,Southeast Health Medical Center,Dothan,1108 Ross Clark Circle,1,36301,AL,2.0,"Metropolitan area high commuting: primary flow 30% or more to a urbanized area of 50,000 and greater",322,PERCUTANEOUS CARDIOVASCULAR PROCEDURES WITH INTRALUMINAL DEVICE WITHOUT MCC,34,82863.352941,14987.411765,10456.294118
10001,Southeast Health Medical Center,Dothan,1108 Ross Clark Circle,1,36301,AL,2.0,"Metropolitan area high commuting: primary flow 30% or more to a urbanized area of 50,000 and greater",329,MAJOR SMALL AND LARGE BOWEL PROCEDURES WITH MCC,15,222791.8,34212.133333,31282.933333
10001,Southeast Health Medical Center,Dothan,1108 Ross Clark Circle,1,36301,AL,2.0,"Metropolitan area high commuting: primary flow 30% or more to a urbanized area of 50,000 and greater",330,MAJOR SMALL AND LARGE BOWEL PROCEDURES WITH CC,26,127019.03846,19516.192308,14333.192308
10001,Southeast Health Medical Center,Dothan,1108 Ross Clark Circle,1,36301,AL,2.0,"Metropolitan area high commuting: primary flow 30% or more to a urbanized area of 50,000 and greater",377,GASTROINTESTINAL HEMORRHAGE WITH MCC,39,59865.051282,13613.923077,11807.333333
10001,Southeast Health Medical Center,Dothan,1108 Ross Clark Circle,1,36301,AL,2.0,"Metropolitan area high commuting: primary flow 30% or more to a urbanized area of 50,000 and greater",378,GASTROINTESTINAL HEMORRHAGE WITH CC,57,32620.666667,8167.0526316,6213.4210526
10001,Southeast Health Medical Center,Dothan,1108 Ross Clark Circle,1,36301,AL,2.0,"Metropolitan area high commuting: primary flow 30% or more to a urbanized area of 50,000 and greater",388,GASTROINTESTINAL OBSTRUCTION WITH MCC,17,40236.176471,11777.588235,9752.1764706
10001,Southeast Health Medical Center,Dothan,1108 Ross Clark Circle,1,36301,AL,2.0,"Metropolitan area high commuting: primary flow 30% or more to a urbanized area of 50,000 and greater",389,GASTROINTESTINAL OBSTRUCTION WITH CC,22,24576.954545,7101.8636364,4850.8181818
10001,Southeast Health Medical Center,Dothan,1108 Ross Clark Circle,1,36301,AL,2.0,"Metropolitan area high commuting: primary flow 30% or more to a urbanized area of 50,000 and greater",391,"ESOPHAGITIS, GASTROENTERITIS AND MISCELLANEOUS DIGESTIVE DISORDERS WITH MCC",20,29224.4,9949.95,7279.05
10001,Southeast Health Medical Center,Dothan,1108 Ross Clark Circle,1,36301,AL,2.0,"Metropolitan area high commuting: primary flow 30% or more to a urbanized area of 50,000 and greater",392,"ESOPHAGITIS, GASTROENTERITIS AND MISCELLANEOUS DIGESTIVE DISORDERS WITHOUT MCC",49,19942.163265,6755.4285714,4877.5714286
10001,Southeast Health Medical Center,Dothan,1108 Ross Clark Circle,1,36301,AL,2.0,"Metropolitan area high commuting: primary flow 30% or more to a urbanized area of 50,000 and greater",394,OTHER DIGESTIVE SYSTEM DIAGNOSES WITH CC,13,43958.538462,7799.6153846,6179.3846154
10001,Southeast Health Medical Center,Dothan,1108 Ross Clark Circle,1,36301,AL,2.0,"Metropolitan area high commuting: primary flow 30% or more to a urbanized area of 50,000 and greater",480,HIP AND FEMUR PROCEDURES EXCEPT MAJOR JOINT WITH MCC,28,87967.071429,20805.964286,18711.607143
10001,Southeast Health Medical Center,Dothan,1108 Ross Clark Circle,1,36301,AL,2.0,"Metropolitan area high commuting: primary flow 30% or more to a urbanized area of 50,000 and greater",481,HIP AND FEMUR PROCEDURES EXCEPT MAJOR JOINT WITH CC,49,73878.0,15373.163265,13511.020408
10001,Southeast Health Medical Center,Dothan,1108 Ross Clark Circle,1,36301,AL,2.0,"Metropolitan area high commuting: primary flow 30% or more to a urbanized area of 50,000 and greater",522,HIP REPLACEMENT WITH PRINCIPAL DIAGNOSIS OF HIP FRACTURE WITHOUT MCC,26,84394.692308,15789.576923,13850.192308
10001,Southeast Health Medical Center,Dothan,1108 Ross Clark Circle,1,36301,AL,2.0,"Metropolitan area high commuting: primary flow 30% or more to a urbanized area of 50,000 and greater",536,FRACTURES OF HIP AND PELVIS WITHOUT MCC,11,20011.272727,6703.9090909,5264.0909091
10001,Southeast Health Medical Center,Dothan,1108 Ross Clark Circle,1,36301,AL,2.0,"Metropolitan area high commuting: primary flow 30% or more to a urbanized area of 50,000 and greater",552,MEDICAL BACK PROBLEMS WITHOUT MCC,17,23999.235294,7846.6470588,5486.6470588
10001,Southeast Health Medical Center,Dothan,1108 Ross Clark Circle,1,36301,AL,2.0,"Metropolitan area high commuting: primary flow 30% or more to a urbanized area of 50,000 and greater",603,CELLULITIS WITHOUT MCC,16,24853.875,7004.5,4753.125
10001,Southeast Health Medical Center,Dothan,1108 Ross Clark Circle,1,36301,AL,2.0,"Metropolitan area high commuting: primary flow 30% or more to a urbanized area of 50,000 and greater",637,DIABETES WITH MCC,13,45050.076923,11123.384615,8326.3076923
10001,Southeast Health Medical Center,Dothan,1108 Ross Clark Circle,1,36301,AL,2.0,"Metropolitan area high commuting: primary flow 30% or more to a urbanized area of 50,000 and greater",638,DIABETES WITH CC,14,25526.285714,7741.7142857,4945.5
10001,Southeast Health Medical Center,Dothan,1108 Ross Clark Circle,1,36301,AL,2.0,"Metropolitan area high commuting: primary flow 30% or more to a urbanized area of 50,000 and greater",640,"MISCELLANEOUS DISORDERS OF NUTRITION, METABOLISM, FLUIDS AND ELECTROLYTES WITH MCC",32,35394.59375,10174.5625,8567.84375
10001,Southeast Health Medical Center,Dothan,1108 Ross Clark Circle,1,36301,AL,2.0,"Metropolitan area high commuting: primary flow 30% or more to a urbanized area of 50,000 and greater",641,"MISCELLANEOUS DISORDERS OF NUTRITION, METABOLISM, FLUIDS AND ELECTROLYTES WITHOUT MCC",31,28519.290323,6454.0967742,4641.1290323
10001,Southeast Health Medical Center,Dothan,1108 Ross Clark Circle,1,36301,AL,2.0,"Metropolitan area high commuting: primary flow 30% or more to a urbanized area of 50,000 and greater",660,KIDNEY AND URETER PROCEDURES FOR NON-NEOPLASM WITH CC,13,40932.076923,10472.307692,8632.6923077
10001,Southeast Health Medical Center,Dothan,1108 Ross Clark Circle,1,36301,AL,2.0,"Metropolitan area high commuting: primary flow 30% or more to a urbanized area of 50,000 and greater",673,OTHER KIDNEY AND URINARY TRACT PROCEDURES WITH MCC,12,167781.33333,63303.75,26115.166667
10001,Southeast Health Medical Center,Dothan,1108 Ross Clark Circle,1,36301,AL,2.0,"Metropolitan area high commuting: primary flow 30% or more to a urbanized area of 50,000 and greater",682,RENAL FAILURE WITH MCC,62,42358.145161,12401.887097,9219.0322581
10001,Southeast Health Medical Center,Dothan,1108 Ross Clark Circle,1,36301,AL,2.0,"Metropolitan area high commuting: primary flow 30% or more to a urbanized area of 50,000 and greater",683,RENAL FAILURE WITH CC,64,21550.0,7524.703125,5514.25
10001,Southeast Health Medical Center,Dothan,1108 Ross Clark Circle,1,36301,AL,2.0,"Metropolitan area high commuting: primary flow 30% or more to a urbanized area of 50,000 and greater",689,KIDNEY AND URINARY TRACT INFECTIONS WITH MCC,52,27199.557692,8965.7115385,7444.8461538
10001,Southeast Health Medical Center,Dothan,1108 Ross Clark Circle,1,36301,AL,2.0,"Metropolitan area high commuting: primary flow 30% or more to a urbanized area of 50,000 and greater",690,KIDNEY AND URINARY TRACT INFECTIONS WITHOUT MCC,45,19377.955556,6957.8888889,4718.0666667
10001,Southeast Health Medical Center,Dothan,1108 Ross Clark Circle,1,36301,AL,2.0,"Metropolitan area high commuting: primary flow 30% or more to a urbanized area of 50,000 and greater",698,OTHER KIDNEY AND URINARY TRACT DIAGNOSES WITH MCC,38,46905.263158,11880.842105,9698.4473684
10001,Southeast Health Medical Center,Dothan,1108 Ross Clark Circle,1,36301,AL,2.0,"Metropolitan area high commuting: primary flow 30% or more to a urbanized area of 50,000 and greater",699,OTHER KIDNEY AND URINARY TRACT DIAGNOSES WITH CC,15,22058.2,8510.1333333,6643.2666667
10001,Southeast Health Medical Center,Dothan,1108 Ross Clark Circle,1,36301,AL,2.0,"Metropolitan area high commuting: primary flow 30% or more to a urbanized area of 50,000 and greater",811,RED BLOOD CELL DISORDERS WITH MCC,16,32038.9375,10974.5,9502.9375
10001,Southeast Health Medical Center,Dothan,1108 Ross Clark Circle,1,36301,AL,2.0,"Metropolitan area high commuting: primary flow 30% or more to a urbanized area of 50,000 and greater",812,RED BLOOD CELL DISORDERS WITHOUT MCC,25,24129.52,7463.16,6054.08
10001,Southeast Health Medical Center,Dothan,1108 Ross Clark Circle,1,36301,AL,2.0,"Metropolitan area high commuting: primary flow 30% or more to a urbanized area of 50,000 and greater",853,INFECTIOUS AND PARASITIC DISEASES WITH O.R. PROCEDURES WITH MCC,70,202745.34286,35730.328571,30617.028571
10001,Southeast Health Medical Center,Dothan,1108 Ross Clark Circle,1,36301,AL,2.0,"Metropolitan area high commuting: primary flow 30% or more to a urbanized area of 50,000 and greater",854,INFECTIOUS AND PARASITIC DISEASES WITH O.R. PROCEDURES WITH CC,18,75088.0,16478.166667,10211.111111
10001,Southeast Health Medical Center,Dothan,1108 Ross Clark Circle,1,36301,AL,2.0,"Metropolitan area high commuting: primary flow 30% or more to a urbanized area of 50,000 and greater",862,POSTOPERATIVE AND POST-TRAUMATIC INFECTIONS WITH MCC,11,44729.0,14013.727273,12640.454545
10001,Southeast Health Medical Center,Dothan,1108 Ross Clark Circle,1,36301,AL,2.0,"Metropolitan area high commuting: primary flow 30% or more to a urbanized area of 50,000 and greater",870,SEPTICEMIA OR SEVERE SEPSIS WITH MV >96 HOURS,30,259969.0,48491.466667,44570.3
10001,Southeast Health Medical Center,Dothan,1108 Ross Clark Circle,1,36301,AL,2.0,"Metropolitan area high commuting: primary flow 30% or more to a urbanized area of 50,000 and greater",871,SEPTICEMIA OR SEVERE SEPSIS WITHOUT MV >96 HOURS WITH MCC,354,57047.725989,14757.045198,12556.680791
10001,Southeast Health Medical Center,Dothan,1108 Ross Clark Circle,1,36301,AL,2.0,"Metropolitan area high commuting: primary flow 30% or more to a urbanized area of 50,000 and greater",872,SEPTICEMIA OR SEVERE SEPSIS WITHOUT MV >96 HOURS WITHOUT MCC,61,30015.770492,8594.8360656,6769.557377
10001,Southeast Health Medical Center,Dothan,1108 Ross Clark Circle,1,36301,AL,2.0,"Metropolitan area high commuting: primary flow 30% or more to a urbanized area of 50,000 and greater",884,ORGANIC DISTURBANCES AND INTELLECTUAL DISABILITY,33,34239.969697,12603.69697,10702.030303
10001,Southeast Health Medical Center,Dothan,1108 Ross Clark Circle,1,36301,AL,2.0,"Metropolitan area high commuting: primary flow 30% or more to a urbanized area of 50,000 and greater",885,PSYCHOSES,66,14390.272727,10160.651515,7846.1515152
10001,Southeast Health Medical Center,Dothan,1108 Ross Clark Circle,1,36301,AL,2.0,"Metropolitan area high commuting: primary flow 30% or more to a urbanized area of 50,000 and greater",948,SIGNS AND SYMPTOMS WITHOUT MCC,15,28139.266667,6613.4,4089.9333333
10001,Southeast Health Medical Center,Dothan,1108 Ross Clark Circle,1,36301,AL,2.0,"Metropolitan area high commuting: primary flow 30% or more to a urbanized area of 50,000 and greater",981,EXTENSIVE O.R. PROCEDURES UNRELATED TO PRINCIPAL DIAGNOSIS WITH MCC,16,156239.4375,35399.75,33298.875
10005,Marshall Medical Centers South Campus,Boaz,2505 U S Highway 431 North,1,35957,AL,4.0,"Micropolitan area core: primary flow within an urban cluster of 10,000 to 49,999",39,EXTRACRANIAL PROCEDURES WITHOUT CC/MCC,13,14508.461538,9074.2307692,4167.0769231
10005,Marshall Medical Centers South Campus,Boaz,2505 U S Highway 431 North,1,35957,AL,4.0,"Micropolitan area core: primary flow within an urban cluster of 10,000 to 49,999",65,INTRACRANIAL HEMORRHAGE OR CEREBRAL INFARCTION WITH CC OR TPA IN 24 HOURS,26,18036.115385,8311.3461538,5480.7692308
10005,Marshall Medical Centers South Campus,Boaz,2505 U S Highway 431 North,1,35957,AL,4.0,"Micropolitan area core: primary flow within an urban cluster of 10,000 to 49,999",177,RESPIRATORY INFECTIONS AND INFLAMMATIONS WITH MCC,50,27003.42,11573.52,10008.2
10005,Marshall Medical Centers South Campus,Boaz,2505 U S Highway 431 North,1,35957,AL,4.0,"Micropolitan area core: primary flow within an urban cluster of 10,000 to 49,999",178,RESPIRATORY INFECTIONS AND INFLAMMATIONS WITH CC,17,16459.411765,7415.5882353,5362.5294118
10005,Marshall Medical Centers South Campus,Boaz,2505 U S Highway 431 North,1,35957,AL,4.0,"Micropolitan area core: primary flow within an urban cluster of 10,000 to 49,999",189,PULMONARY EDEMA AND RESPIRATORY FAILURE,18,30794.166667,8803.7222222,7534.3888889
10005,Marshall Medical Centers South Campus,Boaz,2505 U S Highway 431 North,1,35957,AL,4.0,"Micropolitan area core: primary flow within an urban cluster of 10,000 to 49,999",190,CHRONIC OBSTRUCTIVE PULMONARY DISEASE WITH MCC,34,20369.647059,8626.3823529,6292.1470588
10005,Marshall Medical Centers South Campus,Boaz,2505 U S Highway 431 North,1,35957,AL,4.0,"Micropolitan area core: primary flow within an urban cluster of 10,000 to 49,999",193,SIMPLE PNEUMONIA AND PLEURISY WITH MCC,45,21994.511111,9564.2666667,7639.6
10005,Marshall Medical Centers South Campus,Boaz,2505 U S Highway 431 North,1,35957,AL,4.0,"Micropolitan area core: primary flow within an urban cluster of 10,000 to 49,999",194,SIMPLE PNEUMONIA AND PLEURISY WITH CC,30,14590.233333,6492.9,4781.9333333
10005,Marshall Medical Centers South Campus,Boaz,2505 U S Highway 431 North,1,35957,AL,4.0,"Micropolitan area core: primary flow within an urban cluster of 10,000 to 49,999",280,"ACUTE MYOCARDIAL INFARCTION, DISCHARGED ALIVE WITH MCC",16,25846.9375,10360.3125,9342.3125
10005,Marshall Medical Centers South Campus,Boaz,2505 U S Highway 431 North,1,35957,AL,4.0,"Micropolitan area core: primary flow within an urban cluster of 10,000 to 49,999",291,HEART FAILURE AND SHOCK WITH MCC,48,16851.3125,9331.7291667,7349.4583333
10005,Marshall Medical Centers South Campus,Boaz,2505 U S Highway 431 North,1,35957,AL,4.0,"Micropolitan area core: primary flow within an urban cluster of 10,000 to 49,999",312,SYNCOPE AND COLLAPSE,13,12943.230769,6541.7692308,5160.8461538
10005,Marshall Medical Centers South Campus,Boaz,2505 U S Highway 431 North,1,35957,AL,4.0,"Micropolitan area core: primary flow within an urban cluster of 10,000 to 49,999",378,GASTROINTESTINAL HEMORRHAGE WITH CC,23,17381.913043,7499.0869565,5287.4782609
10005,Marshall Medical Centers South Campus,Boaz,2505 U S Highway 431 North,1,35957,AL,4.0,"Micropolitan area core: primary flow within an urban cluster of 10,000 to 49,999",389,GASTROINTESTINAL OBSTRUCTION WITH CC,13,11747.0,5800.4615385,3709.8461538
10005,Marshall Medical Centers South Campus,Boaz,2505 U S Highway 431 North,1,35957,AL,4.0,"Micropolitan area core: primary flow within an urban cluster of 10,000 to 49,999",392,"ESOPHAGITIS, GASTROENTERITIS AND MISCELLANEOUS DIGESTIVE DISORDERS WITHOUT MCC",24,11994.5,6752.2083333,4387.6666667
10005,Marshall Medical Centers South Campus,Boaz,2505 U S Highway 431 North,1,35957,AL,4.0,"Micropolitan area core: primary flow within an urban cluster of 10,000 to 49,999",481,HIP AND FEMUR PROCEDURES EXCEPT MAJOR JOINT WITH CC,23,32520.521739,14929.565217,11725.913043
10005,Marshall Medical Centers South Campus,Boaz,2505 U S Highway 431 North,1,35957,AL,4.0,"Micropolitan area core: primary flow within an urban cluster of 10,000 to 49,999",522,HIP REPLACEMENT WITH PRINCIPAL DIAGNOSIS OF HIP FRACTURE WITHOUT MCC,31,31769.419355,14010.290323,12483.580645
10005,Marshall Medical Centers South Campus,Boaz,2505 U S Highway 431 North,1,35957,AL,4.0,"Micropolitan area core: primary flow within an urban cluster of 10,000 to 49,999",603,CELLULITIS WITHOUT MCC,27,15205.444444,8241.2962963,4889.7777778
10005,Marshall Medical Centers South Campus,Boaz,2505 U S Highway 431 North,1,35957,AL,4.0,"Micropolitan area core: primary flow within an urban cluster of 10,000 to 49,999",640,"MISCELLANEOUS DISORDERS OF NUTRITION, METABOLISM, FLUIDS AND ELECTROLYTES WITH MCC",11,17519.272727,10814.727273,7181.2727273
10005,Marshall Medical Centers South Campus,Boaz,2505 U S Highway 431 North,1,35957,AL,4.0,"Micropolitan area core: primary flow within an urban cluster of 10,000 to 49,999",641,"MISCELLANEOUS DISORDERS OF NUTRITION, METABOLISM, FLUIDS AND ELECTROLYTES WITHOUT MCC",18,10344.611111,6042.6666667,4682.6666667
10005,Marshall Medical Centers South Campus,Boaz,2505 U S Highway 431 North,1,35957,AL,4.0,"Micropolitan area core: primary flow within an urban cluster of 10,000 to 49,999",682,RENAL FAILURE WITH MCC,19,26105.157895,10956.052632,9041.3157895
10005,Marshall Medical Centers South Campus,Boaz,2505 U S Highway 431 North,1,35957,AL,4.0,"Micropolitan area core: primary flow within an urban cluster of 10,000 to 49,999",683,RENAL FAILURE WITH CC,24,13859.666667,6757.1666667,5181.625
10005,Marshall Medical Centers South Campus,Boaz,2505 U S Highway 431 North,1,35957,AL,4.0,"Micropolitan area core: primary flow within an urban cluster of 10,000 to 49,999",689,KIDNEY AND URINARY TRACT INFECTIONS WITH MCC,39,14623.923077,8683.5128205,6917.3846154
10005,Marshall Medical Centers South Campus,Boaz,2505 U S Highway 431 North,1,35957,AL,4.0,"Micropolitan area core: primary flow within an urban cluster of 10,000 to 49,999",690,KIDNEY AND URINARY TRACT INFECTIONS WITHOUT MCC,37,12720.459459,6561.5675676,4498.9189189
10005,Marshall Medical Centers South Campus,Boaz,2505 U S Highway 431 North,1,35957,AL,4.0,"Micropolitan area core: primary flow within an urban cluster of 10,000 to 49,999",698,OTHER KIDNEY AND URINARY TRACT DIAGNOSES WITH MCC,11,17527.0,14956.181818,8891.8181818
10005,Marshall Medical Centers South Campus,Boaz,2505 U S Highway 431 North,1,35957,AL,4.0,"Micropolitan area core: primary flow within an urban cluster of 10,000 to 49,999",853,INFECTIOUS AND PARASITIC DISEASES WITH O.R. PROCEDURES WITH MCC,12,40732.166667,28828.25,25605.916667
10005,Marshall Medical Centers South Campus,Boaz,2505 U S Highway 431 North,1,35957,AL,4.0,"Micropolitan area core: primary flow within an urban cluster of 10,000 to 49,999",871,SEPTICEMIA OR SEVERE SEPSIS WITHOUT MV >96 HOURS WITH MCC,99,30333.313131,13726.484848,11346.888889
10005,Marshall Medical Centers South Campus,Boaz,2505 U S Highway 431 North,1,35957,AL,4.0,"Micropolitan area core: primary flow within an urban cluster of 10,000 to 49,999",872,SEPTICEMIA OR SEVERE SEPSIS WITHOUT MV >96 HOURS WITHOUT MCC,37,17725.540541,7568.6216216,5857.7027027
10005,Marshall Medical Centers South Campus,Boaz,2505 U S Highway 431 North,1,35957,AL,4.0,"Micropolitan area core: primary flow within an urban cluster of 10,000 to 49,999",885,PSYCHOSES,14,12528.928571,10844.928571,5753.1428571
10006,North Alabama Medical Center,Florence,1701 Veterans Drive,1,35630,AL,1.0,"Metropolitan area core: primary flow within an urbanized area of 50,000 and greater",38,EXTRACRANIAL PROCEDURES WITH CC,17,91593.411765,11267.941176,9130.8235294
10006,North Alabama Medical Center,Florence,1701 Veterans Drive,1,35630,AL,1.0,"Metropolitan area core: primary flow within an urbanized area of 50,000 and greater",39,EXTRACRANIAL PROCEDURES WITHOUT CC/MCC,11,74593.818182,11233.0,5617.9090909
10006,North Alabama Medical Center,Florence,1701 Veterans Drive,1,35630,AL,1.0,"Metropolitan area core: primary flow within an urbanized area of 50,000 and greater",64,INTRACRANIAL HEMORRHAGE OR CEREBRAL INFARCTION WITH MCC,43,78472.55814,14019.534884,11936.581395
10006,North Alabama Medical Center,Florence,1701 Veterans Drive,1,35630,AL,1.0,"Metropolitan area core: primary flow within an urbanized area of 50,000 and greater",65,INTRACRANIAL HEMORRHAGE OR CEREBRAL INFARCTION WITH CC OR TPA IN 24 HOURS,50,41546.46,6982.14,5138.94
10006,North Alabama Medical Center,Florence,1701 Veterans Drive,1,35630,AL,1.0,"Metropolitan area core: primary flow within an urbanized area of 50,000 and greater",69,TRANSIENT ISCHEMIA WITHOUT THROMBOLYTIC,40,32583.25,5983.7,4115.675
10006,North Alabama Medical Center,Florence,1701 Veterans Drive,1,35630,AL,1.0,"Metropolitan area core: primary flow within an urbanized area of 50,000 and greater",86,TRAUMATIC STUPOR AND COMA <1 HOUR WITH CC,14,44202.571429,8876.2857143,7063.4285714
10006,North Alabama Medical Center,Florence,1701 Veterans Drive,1,35630,AL,1.0,"Metropolitan area core: primary flow within an urbanized area of 50,000 and greater",91,OTHER DISORDERS OF NERVOUS SYSTEM WITH MCC,16,42498.0,11640.125,9091.1875
10006,North Alabama Medical Center,Florence,1701 Veterans Drive,1,35630,AL,1.0,"Metropolitan area core: primary flow within an urbanized area of 50,000 and greater",92,OTHER DISORDERS OF NERVOUS SYSTEM WITH CC,16,36291.9375,7691.0625,5911.5625
10006,North Alabama Medical Center,Florence,1701 Veterans Drive,1,35630,AL,1.0,"Metropolitan area core: primary flow within an urbanized area of 50,000 and greater",100,SEIZURES WITH MCC,24,73335.083333,13466.75,11710.166667
10006,North Alabama Medical Center,Florence,1701 Veterans Drive,1,35630,AL,1.0,"Metropolitan area core: primary flow within an urbanized area of 50,000 and greater",101,SEIZURES WITHOUT MCC,21,23325.571429,6697.2857143,5416.2857143
10006,North Alabama Medical Center,Florence,1701 Veterans Drive,1,35630,AL,1.0,"Metropolitan area core: primary flow within an urbanized area of 50,000 and greater",175,PULMONARY EMBOLISM WITH MCC OR ACUTE COR PULMONALE,16,55446.875,9102.8125,7747.4375
10006,North Alabama Medical Center,Florence,1701 Veterans Drive,1,35630,AL,1.0,"Metropolitan area core: primary flow within an urbanized area of 50,000 and greater",177,RESPIRATORY INFECTIONS AND INFLAMMATIONS WITH MCC,118,67199.508475,11991.533898,10007.457627
10006,North Alabama Medical Center,Florence,1701 Veterans Drive,1,35630,AL,1.0,"Metropolitan area core: primary flow within an urbanized area of 50,000 and greater",178,RESPIRATORY INFECTIONS AND INFLAMMATIONS WITH CC,21,34901.761905,7406.047619,5313.5714286
10006,North Alabama Medical Center,Florence,1701 Veterans Drive,1,35630,AL,1.0,"Metropolitan area core: primary flow within an urbanized area of 50,000 and greater",189,PULMONARY EDEMA AND RESPIRATORY FAILURE,55,54015.2,9169.9272727,7358.6727273
10006,North Alabama Medical Center,Florence,1701 Veterans Drive,1,35630,AL,1.0,"Metropolitan area core: primary flow within an urbanized area of 50,000 and greater",190,CHRONIC OBSTRUCTIVE PULMONARY DISEASE WITH MCC,46,39416.217391,8182.8043478,6827.6521739
10006,North Alabama Medical Center,Florence,1701 Veterans Drive,1,35630,AL,1.0,"Metropolitan area core: primary flow within an urbanized area of 50,000 and greater",191,CHRONIC OBSTRUCTIVE PULMONARY DISEASE WITH CC,14,39709.785714,6726.5,5033.5
10006,North Alabama Medical Center,Florence,1701 Veterans Drive,1,35630,AL,1.0,"Metropolitan area core: primary flow within an urbanized area of 50,000 and greater",193,SIMPLE PNEUMONIA AND PLEURISY WITH MCC,95,47654.210526,9629.2526316,7821.1894737
10006,North Alabama Medical Center,Florence,1701 Veterans Drive,1,35630,AL,1.0,"Metropolitan area core: primary flow within an urbanized area of 50,000 and greater",194,SIMPLE PNEUMONIA AND PLEURISY WITH CC,25,36254.36,6161.84,4690.2
10006,North Alabama Medical Center,Florence,1701 Veterans Drive,1,35630,AL,1.0,"Metropolitan area core: primary flow within an urbanized area of 50,000 and greater",208,RESPIRATORY SYSTEM DIAGNOSIS WITH VENTILATOR SUPPORT <=96 HOURS,12,89666.25,19046.083333,17564.583333
10006,North Alabama Medical Center,Florence,1701 Veterans Drive,1,35630,AL,1.0,"Metropolitan area core: primary flow within an urbanized area of 50,000 and greater",233,CORONARY BYPASS WITH CARDIAC CATHETERIZATION OR OPEN ABLATION WITH MCC,12,368534.41667,56182.75,52505.666667
10006,North Alabama Medical Center,Florence,1701 Veterans Drive,1,35630,AL,1.0,"Metropolitan area core: primary flow within an urbanized area of 50,000 and greater",234,CORONARY BYPASS WITH CARDIAC CATHETERIZATION OR OPEN ABLATION WITHOUT MCC,11,228627.63636,36622.545455,33835.818182
10006,North Alabama Medical Center,Florence,1701 Veterans Drive,1,35630,AL,1.0,"Metropolitan area core: primary flow within an urbanized area of 50,000 and greater",243,PERMANENT CARDIAC PACEMAKER IMPLANT WITH CC,14,104341.71429,16345.642857,12168.785714
10006,North Alabama Medical Center,Florence,1701 Veterans Drive,1,35630,AL,1.0,"Metropolitan area core: primary flow within an urbanized area of 50,000 and greater",252,OTHER VASCULAR PROCEDURES WITH MCC,19,124553.05263,24133.263158,22016.368421
10006,North Alabama Medical Center,Florence,1701 Veterans Drive,1,35630,AL,1.0,"Metropolitan area core: primary flow within an urbanized area of 50,000 and greater",253,OTHER VASCULAR PROCEDURES WITH CC,15,112732.4,18104.133333,16233.8
10006,North Alabama Medical Center,Florence,1701 Veterans Drive,1,35630,AL,1.0,"Metropolitan area core: primary flow within an urbanized area of 50,000 and greater",269,AORTIC AND HEART ASSIST PROCEDURES EXCEPT PULSATION BALLOON WITHOUT MCC,14,216424.35714,28522.428571,26355.571429
10006,North Alabama Medical Center,Florence,1701 Veterans Drive,1,35630,AL,1.0,"Metropolitan area core: primary flow within an urbanized area of 50,000 and greater",280,"ACUTE MYOCARDIAL INFARCTION, DISCHARGED ALIVE WITH MCC",37,54802.837838,11470.783784,9573.0540541
10006,North Alabama Medical Center,Florence,1701 Veterans Drive,1,35630,AL,1.0,"Metropolitan area core: primary flow within an urbanized area of 50,000 and greater",281,"ACUTE MYOCARDIAL INFARCTION, DISCHARGED ALIVE WITH CC",23,34145.347826,6782.0434783,5206.8695652
10006,North Alabama Medical Center,Florence,1701 Veterans Drive,1,35630,AL,1.0,"Metropolitan area core: primary flow within an urbanized area of 50,000 and greater",286,"CIRCULATORY DISORDERS EXCEPT AMI, WITH CARDIAC CATHETERIZATION WITH MCC",12,94171.583333,15461.5,12934.0
10006,North Alabama Medical Center,Florence,1701 Veterans Drive,1,35630,AL,1.0,"Metropolitan area core: primary flow within an urbanized area of 50,000 and greater",287,"CIRCULATORY DISORDERS EXCEPT AMI, WITH CARDIAC CATHETERIZATION WITHOUT MCC",44,51327.340909,7871.4090909,6001.9772727
10006,North Alabama Medical Center,Florence,1701 Veterans Drive,1,35630,AL,1.0,"Metropolitan area core: primary flow within an urbanized area of 50,000 and greater",291,HEART FAILURE AND SHOCK WITH MCC,151,42868.0,9365.9536424,7808.6754967
10006,North Alabama Medical Center,Florence,1701 Veterans Drive,1,35630,AL,1.0,"Metropolitan area core: primary flow within an urbanized area of 50,000 and greater",303,ATHEROSCLEROSIS WITHOUT MCC,13,22099.846154,5031.2307692,3296.5384615
10006,North Alabama Medical Center,Florence,1701 Veterans Drive,1,35630,AL,1.0,"Metropolitan area core: primary flow within an urbanized area of 50,000 and greater",305,HYPERTENSION WITHOUT MCC,13,26121.615385,5707.3846154,4151.0769231
10006,North Alabama Medical Center,Florence,1701 Veterans Drive,1,35630,AL,1.0,"Metropolitan area core: primary flow within an urbanized area of 50,000 and greater",308,CARDIAC ARRHYTHMIA AND CONDUCTION DISORDERS WITH MCC,28,46889.821429,8595.8571429,6688.75
10006,North Alabama Medical Center,Florence,1701 Veterans Drive,1,35630,AL,1.0,"Metropolitan area core: primary flow within an urbanized area of 50,000 and greater",309,CARDIAC ARRHYTHMIA AND CONDUCTION DISORDERS WITH CC,64,24850.71875,5688.6875,4084.1875
10006,North Alabama Medical Center,Florence,1701 Veterans Drive,1,35630,AL,1.0,"Metropolitan area core: primary flow within an urbanized area of 50,000 and greater",310,CARDIAC ARRHYTHMIA AND CONDUCTION DISORDERS WITHOUT CC/MCC,26,23711.807692,4457.5,2539.0769231
10006,North Alabama Medical Center,Florence,1701 Veterans Drive,1,35630,AL,1.0,"Metropolitan area core: primary flow within an urbanized area of 50,000 and greater",312,SYNCOPE AND COLLAPSE,49,27068.265306,6463.9183673,4966.4285714
10006,North Alabama Medical Center,Florence,1701 Veterans Drive,1,35630,AL,1.0,"Metropolitan area core: primary flow within an urbanized area of 50,000 and greater",313,CHEST PAIN,45,25790.0,5393.9111111,3855.8222222
10006,North Alabama Medical Center,Florence,1701 Veterans Drive,1,35630,AL,1.0,"Metropolitan area core: primary flow within an urbanized area of 50,000 and greater",314,OTHER CIRCULATORY SYSTEM DIAGNOSES WITH MCC,18,69104.0,14430.555556,12936.777778
10006,North Alabama Medical Center,Florence,1701 Veterans Drive,1,35630,AL,1.0,"Metropolitan area core: primary flow within an urbanized area of 50,000 and greater",315,OTHER CIRCULATORY SYSTEM DIAGNOSES WITH CC,16,36358.125,7061.125,5370.75
10006,North Alabama Medical Center,Florence,1701 Veterans Drive,1,35630,AL,1.0,"Metropolitan area core: primary flow within an urbanized area of 50,000 and greater",321,PERCUTANEOUS CARDIOVASCULAR PROCEDURES WITH INTRALUMINAL DEVICE WITH MCC OR 4+ ARTERIES/,36,132038.55556,18434.861111,16442.805556
10006,North Alabama Medical Center,Florence,1701 Veterans Drive,1,35630,AL,1.0,"Metropolitan area core: primary flow within an urbanized area of 50,000 and greater",322,PERCUTANEOUS CARDIOVASCULAR PROCEDURES WITH INTRALUMINAL DEVICE WITHOUT MCC,49,106879.10204,12991.693878,10341.612245
10006,North Alabama Medical Center,Florence,1701 Veterans Drive,1,35630,AL,1.0,"Metropolitan area core: primary flow within an urbanized area of 50,000 and greater",329,MAJOR SMALL AND LARGE BOWEL PROCEDURES WITH MCC,11,215942.18182,28771.454545,23419.0
10006,North Alabama Medical Center,Florence,1701 Veterans Drive,1,35630,AL,1.0,"Metropolitan area core: primary flow within an urbanized area of 50,000 and greater",330,MAJOR SMALL AND LARGE BOWEL PROCEDURES WITH CC,12,101702.66667,17672.333333,13990.666667
10006,North Alabama Medical Center,Florence,1701 Veterans Drive,1,35630,AL,1.0,"Metropolitan area core: primary flow within an urbanized area of 50,000 and greater",377,GASTROINTESTINAL HEMORRHAGE WITH MCC,26,63230.076923,12730.307692,11328.576923
10006,North Alabama Medical Center,Florence,1701 Veterans Drive,1,35630,AL,1.0,"Metropolitan area core: primary flow within an urbanized area of 50,000 and greater",378,GASTROINTESTINAL HEMORRHAGE WITH CC,47,39728.553191,7176.5531915,5526.212766
10006,North Alabama Medical Center,Florence,1701 Veterans Drive,1,35630,AL,1.0,"Metropolitan area core: primary flow within an urbanized area of 50,000 and greater",389,GASTROINTESTINAL OBSTRUCTION WITH CC,22,25512.454545,6202.7727273,3907.4090909
10006,North Alabama Medical Center,Florence,1701 Veterans Drive,1,35630,AL,1.0,"Metropolitan area core: primary flow within an urbanized area of 50,000 and greater",391,"ESOPHAGITIS, GASTROENTERITIS AND MISCELLANEOUS DIGESTIVE DISORDERS WITH MCC",16,46890.8125,9497.5,7971.3125
10006,North Alabama Medical Center,Florence,1701 Veterans Drive,1,35630,AL,1.0,"Metropolitan area core: primary flow within an urbanized area of 50,000 and greater",392,"ESOPHAGITIS, GASTROENTERITIS AND MISCELLANEOUS DIGESTIVE DISORDERS WITHOUT MCC",74,34240.324324,6058.1486486,4262.5945946
10006,North Alabama Medical Center,Florence,1701 Veterans Drive,1,35630,AL,1.0,"Metropolitan area core: primary flow within an urbanized area of 50,000 and greater",393,OTHER DIGESTIVE SYSTEM DIAGNOSES WITH MCC,13,68271.0,11894.0,9889.1538462
10006,North Alabama Medical Center,Florence,1701 Veterans Drive,1,35630,AL,1.0,"Metropolitan area core: primary flow within an urbanized area of 50,000 and greater",394,OTHER DIGESTIVE SYSTEM DIAGNOSES WITH CC,15,31050.133333,6970.2,5408.4666667
10006,North Alabama Medical Center,Florence,1701 Veterans Drive,1,35630,AL,1.0,"Metropolitan area core: primary flow within an urbanized area of 50,000 and greater",418,LAPAROSCOPIC CHOLECYSTECTOMY WITHOUT C.D.E. WITH CC,13,61964.0,11778.615385,9887.0769231
10006,North Alabama Medical Center,Florence,1701 Veterans Drive,1,35630,AL,1.0,"Metropolitan area core: primary flow within an urbanized area of 50,000 and greater",470,MAJOR HIP AND KNEE JOINT REPLACEMENT OR REATTACHMENT OF LOWER EXTREMITY WITHOUT MCC,19,75606.947368,13111.947368,11291.210526
10006,North Alabama Medical Center,Florence,1701 Veterans Drive,1,35630,AL,1.0,"Metropolitan area core: primary flow within an urbanized area of 50,000 and greater",480,HIP AND FEMUR PROCEDURES EXCEPT MAJOR JOINT WITH MCC,13,94797.538462,19423.769231,17579.0
10006,North Alabama Medical Center,Florence,1701 Veterans Drive,1,35630,AL,1.0,"Metropolitan area core: primary flow within an urbanized area of 50,000 and greater",481,HIP AND FEMUR PROCEDURES EXCEPT MAJOR JOINT WITH CC,27,60850.111111,14112.851852,12372.851852
10006,North Alabama Medical Center,Florence,1701 Veterans Drive,1,35630,AL,1.0,"Metropolitan area core: primary flow within an urbanized area of 50,000 and greater",522,HIP REPLACEMENT WITH PRINCIPAL DIAGNOSIS OF HIP FRACTURE WITHOUT MCC,32,64984.90625,14198.09375,12328.875
10006,North Alabama Medical Center,Florence,1701 Veterans Drive,1,35630,AL,1.0,"Metropolitan area core: primary flow within an urbanized area of 50,000 and greater",552,MEDICAL BACK PROBLEMS WITHOUT MCC,22,28632.454545,7151.7727273,5492.5909091
10006,North Alabama Medical Center,Florence,1701 Veterans Drive,1,35630,AL,1.0,"Metropolitan area core: primary flow within an urbanized area of 50,000 and greater",603,CELLULITIS WITHOUT MCC,17,28553.235294,6729.7647059,4897.6470588
10006,North Alabama Medical Center,Florence,1701 Veterans Drive,1,35630,AL,1.0,"Metropolitan area core: primary flow within an urbanized area of 50,000 and greater",637,DIABETES WITH MCC,15,36910.866667,9763.5333333,8288.2
10006,North Alabama Medical Center,Florence,1701 Veterans Drive,1,35630,AL,1.0,"Metropolitan area core: primary flow within an urbanized area of 50,000 and greater",640,"MISCELLANEOUS DISORDERS OF NUTRITION, METABOLISM, FLUIDS AND ELECTROLYTES WITH MCC",37,44614.135135,9796.3243243,7403.3243243
10006,North Alabama Medical Center,Florence,1701 Veterans Drive,1,35630,AL,1.0,"Metropolitan area core: primary flow within an urbanized area of 50,000 and greater",641,"MISCELLANEOUS DISORDERS OF NUTRITION, METABOLISM, FLUIDS AND ELECTROLYTES WITHOUT MCC",38,25013.894737,6092.1052632,4344.8421053
10006,North Alabama Medical Center,Florence,1701 Veterans Drive,1,35630,AL,1.0,"Metropolitan area core: primary flow within an urbanized area of 50,000 and greater",682,RENAL FAILURE WITH MCC,31,49356.451613,10911.645161,9069.2258065
10006,North Alabama Medical Center,Florence,1701 Veterans Drive,1,35630,AL,1.0,"Metropolitan area core: primary flow within an urbanized area of 50,000 and greater",683,RENAL FAILURE WITH CC,54,32383.888889,6671.6666667,4931.6666667
10006,North Alabama Medical Center,Florence,1701 Veterans Drive,1,35630,AL,1.0,"Metropolitan area core: primary flow within an urbanized area of 50,000 and greater",689,KIDNEY AND URINARY TRACT INFECTIONS WITH MCC,54,38756.722222,8355.1111111,6716.3518519
10006,North Alabama Medical Center,Florence,1701 Veterans Drive,1,35630,AL,1.0,"Metropolitan area core: primary flow within an urbanized area of 50,000 and greater",690,KIDNEY AND URINARY TRACT INFECTIONS WITHOUT MCC,46,30049.369565,6234.6086957,4265.3043478
10006,North Alabama Medical Center,Florence,1701 Veterans Drive,1,35630,AL,1.0,"Metropolitan area core: primary flow within an urbanized area of 50,000 and greater",698,OTHER KIDNEY AND URINARY TRACT DIAGNOSES WITH MCC,25,56529.64,10896.76,9346.64
10006,North Alabama Medical Center,Florence,1701 Veterans Drive,1,35630,AL,1.0,"Metropolitan area core: primary flow within an urbanized area of 50,000 and greater",853,INFECTIOUS AND PARASITIC DISEASES WITH O.R. PROCEDURES WITH MCC,44,162079.47727,30985.318182,28754.772727
10006,North Alabama Medical Center,Florence,1701 Veterans Drive,1,35630,AL,1.0,"Metropolitan area core: primary flow within an urbanized area of 50,000 and greater",870,SEPTICEMIA OR SEVERE SEPSIS WITH MV >96 HOURS,17,245169.76471,47723.235294,44529.823529
10006,North Alabama Medical Center,Florence,1701 Veterans Drive,1,35630,AL,1.0,"Metropolitan area core: primary flow within an urbanized area of 50,000 and greater",871,SEPTICEMIA OR SEVERE SEPSIS WITHOUT MV >96 HOURS WITH MCC,281,75373.775801,13995.206406,12089.498221
10006,North Alabama Medical Center,Florence,1701 Veterans Drive,1,35630,AL,1.0,"Metropolitan area core: primary flow within an urbanized area of 50,000 and greater",872,SEPTICEMIA OR SEVERE SEPSIS WITHOUT MV >96 HOURS WITHOUT MCC,55,38558.254545,7710.9636364,5796.8181818
10006,North Alabama Medical Center,Florence,1701 Veterans Drive,1,35630,AL,1.0,"Metropolitan area core: primary flow within an urbanized area of 50,000 and greater",951,OTHER FACTORS INFLUENCING HEALTH STATUS,16,13822.875,4466.8125,3342.0625
10006,North Alabama Medical Center,Florence,1701 Veterans Drive,1,35630,AL,1.0,"Metropolitan area core: primary flow within an urbanized area of 50,000 and greater",981,EXTENSIVE O.R. PROCEDURES UNRELATED TO PRINCIPAL DIAGNOSIS WITH MCC,15,163443.46667,29007.6,26683.066667
10007,Mizell Memorial Hospital,Opp,702 N Main St,1,36467,AL,7.0,"Small town core: primary flow within an urban cluster of 2,500 to 9,999",194,SIMPLE PNEUMONIA AND PLEURISY WITH CC,12,11319.166667,6683.0,5595.0
10007,Mizell Memorial Hospital,Opp,702 N Main St,1,36467,AL,7.0,"Small town core: primary flow within an urban cluster of 2,500 to 9,999",291,HEART FAILURE AND SHOCK WITH MCC,17,11255.176471,9932.6470588,8972.6470588
10007,Mizell Memorial Hospital,Opp,702 N Main St,1,36467,AL,7.0,"Small town core: primary flow within an urban cluster of 2,500 to 9,999",641,"MISCELLANEOUS DISORDERS OF NUTRITION, METABOLISM, FLUIDS AND ELECTROLYTES WITHOUT MCC",11,8130.9090909,6405.1818182,5069.9090909
10007,Mizell Memorial Hospital,Opp,702 N Main St,1,36467,AL,7.0,"Small town core: primary flow within an urban cluster of 2,500 to 9,999",690,KIDNEY AND URINARY TRACT INFECTIONS WITHOUT MCC,23,10898.565217,6505.1304348,5372.6086957
10007,Mizell Memorial Hospital,Opp,702 N Main St,1,36467,AL,7.0,"Small town core: primary flow within an urban cluster of 2,500 to 9,999",871,SEPTICEMIA OR SEVERE SEPSIS WITHOUT MV >96 HOURS WITH MCC,17,20950.470588,14605.647059,13933.647059
10008,Crenshaw Community Hospital,Luverne,101 Hospital Circle,1,36049,AL,3.0,"Metropolitan area low commuting: primary flow 10% to <30% to a urbanized area of 50,000 and greater",690,KIDNEY AND URINARY TRACT INFECTIONS WITHOUT MCC,13,16001.692308,6829.1538462,5699.3076923
10011,St Vincent's East,Birmingham,50 Medical Park East Drive,1,35235,AL,1.0,"Metropolitan area core: primary flow within an urbanized area of 50,000 and greater",36,CAROTID ARTERY STENT PROCEDURES WITHOUT CC/MCC,20,138773.95,13071.05,10607.65
10011,St Vincent's East,Birmingham,50 Medical Park East Drive,1,35235,AL,1.0,"Metropolitan area core: primary flow within an urbanized area of 50,000 and greater",64,INTRACRANIAL HEMORRHAGE OR CEREBRAL INFARCTION WITH MCC,15,62039.533333,12959.933333,11006.133333
10011,St Vincent's East,Birmingham,50 Medical Park East Drive,1,35235,AL,1.0,"Metropolitan area core: primary flow within an urbanized area of 50,000 and greater",65,INTRACRANIAL HEMORRHAGE OR CEREBRAL INFARCTION WITH CC OR TPA IN 24 HOURS,17,38981.882353,8536.7058824,6543.5294118
10011,St Vincent's East,Birmingham,50 Medical Park East Drive,1,35235,AL,1.0,"Metropolitan area core: primary flow within an urbanized area of 50,000 and greater",177,RESPIRATORY INFECTIONS AND INFLAMMATIONS WITH MCC,82,52683.097561,12831.231707,10605.170732
10011,St Vincent's East,Birmingham,50 Medical Park East Drive,1,35235,AL,1.0,"Metropolitan area core: primary flow within an urbanized area of 50,000 and greater",178,RESPIRATORY INFECTIONS AND INFLAMMATIONS WITH CC,13,25311.076923,8444.1538462,6359.5384615
10011,St Vincent's East,Birmingham,50 Medical Park East Drive,1,35235,AL,1.0,"Metropolitan area core: primary flow within an urbanized area of 50,000 and greater",189,PULMONARY EDEMA AND RESPIRATORY FAILURE,30,42077.766667,9902.7333333,7594.6
10011,St Vincent's East,Birmingham,50 Medical Park East Drive,1,35235,AL,1.0,"Metropolitan area core: primary flow within an urbanized area of 50,000 and greater",190,CHRONIC OBSTRUCTIVE PULMONARY DISEASE WITH MCC,23,33340.695652,9551.2173913,6660.5652174
10011,St Vincent's East,Birmingham,50 Medical Park East Drive,1,35235,AL,1.0,"Metropolitan area core: primary flow within an urbanized area of 50,000 and greater",193,SIMPLE PNEUMONIA AND PLEURISY WITH MCC,58,49033.741379,11134.775862,8625.7068966
10011,St Vincent's East,Birmingham,50 Medical Park East Drive,1,35235,AL,1.0,"Metropolitan area core: primary flow within an urbanized area of 50,000 and greater",194,SIMPLE PNEUMONIA AND PLEURISY WITH CC,22,23302.818182,7260.4545455,5252.4545455
10011,St Vincent's East,Birmingham,50 Medical Park East Drive,1,35235,AL,1.0,"Metropolitan area core: primary flow within an urbanized area of 50,000 and greater",208,RESPIRATORY SYSTEM DIAGNOSIS WITH VENTILATOR SUPPORT <=96 HOURS,11,77976.181818,19842.272727,17939.0
10011,St Vincent's East,Birmingham,50 Medical Park East Drive,1,35235,AL,1.0,"Metropolitan area core: primary flow within an urbanized area of 50,000 and greater",267,ENDOVASCULAR CARDIAC VALVE REPLACEMENT AND SUPPLEMENT PROCEDURES WITHOUT MCC,12,154464.58333,32535.833333,30877.25
10011,St Vincent's East,Birmingham,50 Medical Park East Drive,1,35235,AL,1.0,"Metropolitan area core: primary flow within an urbanized area of 50,000 and greater",273,PERCUTANEOUS AND OTHER INTRACARDIAC PROCEDURES WITH MCC,12,85720.75,25862.333333,24031.833333
10011,St Vincent's East,Birmingham,50 Medical Park East Drive,1,35235,AL,1.0,"Metropolitan area core: primary flow within an urbanized area of 50,000 and greater",274,PERCUTANEOUS AND OTHER INTRACARDIAC PROCEDURES WITHOUT MCC,82,74464.890244,21768.878049,19732.512195
10011,St Vincent's East,Birmingham,50 Medical Park East Drive,1,35235,AL,1.0,"Metropolitan area core: primary flow within an urbanized area of 50,000 and greater",280,"ACUTE MYOCARDIAL INFARCTION, DISCHARGED ALIVE WITH MCC",42,49463.761905,12976.571429,9373.3809524
10011,St Vincent's East,Birmingham,50 Medical Park East Drive,1,35235,AL,1.0,"Metropolitan area core: primary flow within an urbanized area of 50,000 and greater",286,"CIRCULATORY DISORDERS EXCEPT AMI, WITH CARDIAC CATHETERIZATION WITH MCC",12,84509.833333,16363.166667,13316.75
10011,St Vincent's East,Birmingham,50 Medical Park East Drive,1,35235,AL,1.0,"Metropolitan area core: primary flow within an urbanized area of 50,000 and greater",287,"CIRCULATORY DISORDERS EXCEPT AMI, WITH CARDIAC CATHETERIZATION WITHOUT MCC",13,59509.692308,8874.8461538,6439.0
10011,St Vincent's East,Birmingham,50 Medical Park East Drive,1,35235,AL,1.0,"Metropolitan area core: primary flow within an urbanized area of 50,000 and greater",291,HEART FAILURE AND SHOCK WITH MCC,100,38133.18,10301.26,8535.89
10011,St Vincent's East,Birmingham,50 Medical Park East Drive,1,35235,AL,1.0,"Metropolitan area core: primary flow within an urbanized area of 50,000 and greater",305,HYPERTENSION WITHOUT MCC,15,26448.066667,6318.4,4603.8666667
10011,St Vincent's East,Birmingham,50 Medical Park East Drive,1,35235,AL,1.0,"Metropolitan area core: primary flow within an urbanized area of 50,000 and greater",308,CARDIAC ARRHYTHMIA AND CONDUCTION DISORDERS WITH MCC,22,33684.227273,10171.681818,7708.2272727
10011,St Vincent's East,Birmingham,50 Medical Park East Drive,1,35235,AL,1.0,"Metropolitan area core: primary flow within an urbanized area of 50,000 and greater",309,CARDIAC ARRHYTHMIA AND CONDUCTION DISORDERS WITH CC,24,31852.875,6728.2083333,4794.7083333
10011,St Vincent's East,Birmingham,50 Medical Park East Drive,1,35235,AL,1.0,"Metropolitan area core: primary flow within an urbanized area of 50,000 and greater",310,CARDIAC ARRHYTHMIA AND CONDUCTION DISORDERS WITHOUT CC/MCC,19,21313.947368,5675.4210526,3563.4736842
10011,St Vincent's East,Birmingham,50 Medical Park East Drive,1,35235,AL,1.0,"Metropolitan area core: primary flow within an urbanized area of 50,000 and greater",312,SYNCOPE AND COLLAPSE,32,29528.8125,7308.03125,5261.4375
10011,St Vincent's East,Birmingham,50 Medical Park East Drive,1,35235,AL,1.0,"Metropolitan area core: primary flow within an urbanized area of 50,000 and greater",313,CHEST PAIN,11,20731.181818,6387.0909091,4784.3636364
10011,St Vincent's East,Birmingham,50 Medical Park East Drive,1,35235,AL,1.0,"Metropolitan area core: primary flow within an urbanized area of 50,000 and greater",314,OTHER CIRCULATORY SYSTEM DIAGNOSES WITH MCC,11,63809.909091,17124.727273,15235.0
10011,St Vincent's East,Birmingham,50 Medical Park East Drive,1,35235,AL,1.0,"Metropolitan area core: primary flow within an urbanized area of 50,000 and greater",321,PERCUTANEOUS CARDIOVASCULAR PROCEDURES WITH INTRALUMINAL DEVICE WITH MCC OR 4+ ARTERIES/,15,182929.2,21922.933333,19479.666667
10011,St Vincent's East,Birmingham,50 Medical Park East Drive,1,35235,AL,1.0,"Metropolitan area core: primary flow within an urbanized area of 50,000 and greater",322,PERCUTANEOUS CARDIOVASCULAR PROCEDURES WITH INTRALUMINAL DEVICE WITHOUT MCC,24,123323.75,13700.875,10591.625
10011,St Vincent's East,Birmingham,50 Medical Park East Drive,1,35235,AL,1.0,"Metropolitan area core: primary flow within an urbanized area of 50,000 and greater",331,MAJOR SMALL AND LARGE BOWEL PROCEDURES WITHOUT CC/MCC,12,66297.916667,12163.166667,10365.75
10011,St Vincent's East,Birmingham,50 Medical Park East Drive,1,35235,AL,1.0,"Metropolitan area core: primary flow within an urbanized area of 50,000 and greater",377,GASTROINTESTINAL HEMORRHAGE WITH MCC,17,75072.764706,13237.176471,11242.823529
10011,St Vincent's East,Birmingham,50 Medical Park East Drive,1,35235,AL,1.0,"Metropolitan area core: primary flow within an urbanized area of 50,000 and greater",378,GASTROINTESTINAL HEMORRHAGE WITH CC,24,34917.75,7915.9166667,6234.0416667
10011,St Vincent's East,Birmingham,50 Medical Park East Drive,1,35235,AL,1.0,"Metropolitan area core: primary flow within an urbanized area of 50,000 and greater",389,GASTROINTESTINAL OBSTRUCTION WITH CC,11,18132.0,6916.2727273,5374.0909091
10011,St Vincent's East,Birmingham,50 Medical Park East Drive,1,35235,AL,1.0,"Metropolitan area core: primary flow within an urbanized area of 50,000 and greater",391,"ESOPHAGITIS, GASTROENTERITIS AND MISCELLANEOUS DIGESTIVE DISORDERS WITH MCC",20,44655.45,10847.55,7792.7
10011,St Vincent's East,Birmingham,50 Medical Park East Drive,1,35235,AL,1.0,"Metropolitan area core: primary flow within an urbanized area of 50,000 and greater",392,"ESOPHAGITIS, GASTROENTERITIS AND MISCELLANEOUS DIGESTIVE DISORDERS WITHOUT MCC",39,27868.179487,7135.2051282,4698.3333333
10011,St Vincent's East,Birmingham,50 Medical Park East Drive,1,35235,AL,1.0,"Metropolitan area core: primary flow within an urbanized area of 50,000 and greater",394,OTHER DIGESTIVE SYSTEM DIAGNOSES WITH CC,12,23431.333333,8010.8333333,6384.4166667
10011,St Vincent's East,Birmingham,50 Medical Park East Drive,1,35235,AL,1.0,"Metropolitan area core: primary flow within an urbanized area of 50,000 and greater",481,HIP AND FEMUR PROCEDURES EXCEPT MAJOR JOINT WITH CC,16,55452.8125,15146.5,13294.625
10011,St Vincent's East,Birmingham,50 Medical Park East Drive,1,35235,AL,1.0,"Metropolitan area core: primary flow within an urbanized area of 50,000 and greater",521,HIP REPLACEMENT WITH PRINCIPAL DIAGNOSIS OF HIP FRACTURE WITH MCC,11,73098.818182,20379.909091,17923.909091
10011,St Vincent's East,Birmingham,50 Medical Park East Drive,1,35235,AL,1.0,"Metropolitan area core: primary flow within an urbanized area of 50,000 and greater",522,HIP REPLACEMENT WITH PRINCIPAL DIAGNOSIS OF HIP FRACTURE WITHOUT MCC,18,56817.0,15433.111111,12511.111111
10011,St Vincent's East,Birmingham,50 Medical Park East Drive,1,35235,AL,1.0,"Metropolitan area core: primary flow within an urbanized area of 50,000 and greater",603,CELLULITIS WITHOUT MCC,18,18392.611111,7740.6666667,5747.0555556
10011,St Vincent's East,Birmingham,50 Medical Park East Drive,1,35235,AL,1.0,"Metropolitan area core: primary flow within an urbanized area of 50,000 and greater",638,DIABETES WITH CC,15,29862.466667,7865.8,6391.0
10011,St Vincent's East,Birmingham,50 Medical Park East Drive,1,35235,AL,1.0,"Metropolitan area core: primary flow within an urbanized area of 50,000 and greater",640,"MISCELLANEOUS DISORDERS OF NUTRITION, METABOLISM, FLUIDS AND ELECTROLYTES WITH MCC",36,42213.833333,10692.638889,7756.1388889
10011,St Vincent's East,Birmingham,50 Medical Park East Drive,1,35235,AL,1.0,"Metropolitan area core: primary flow within an urbanized area of 50,000 and greater",641,"MISCELLANEOUS DISORDERS OF NUTRITION, METABOLISM, FLUIDS AND ELECTROLYTES WITHOUT MCC",17,20126.882353,6929.3529412,5422.6470588
10011,St Vincent's East,Birmingham,50 Medical Park East Drive,1,35235,AL,1.0,"Metropolitan area core: primary flow within an urbanized area of 50,000 and greater",682,RENAL FAILURE WITH MCC,29,46473.862069,11718.793103,8748.4137931
10011,St Vincent's East,Birmingham,50 Medical Park East Drive,1,35235,AL,1.0,"Metropolitan area core: primary flow within an urbanized area of 50,000 and greater",683,RENAL FAILURE WITH CC,27,27208.962963,7497.8518519,5489.8888889
10011,St Vincent's East,Birmingham,50 Medical Park East Drive,1,35235,AL,1.0,"Metropolitan area core: primary flow within an urbanized area of 50,000 and greater",689,KIDNEY AND URINARY TRACT INFECTIONS WITH MCC,36,39887.638889,10516.055556,7562.9722222
10011,St Vincent's East,Birmingham,50 Medical Park East Drive,1,35235,AL,1.0,"Metropolitan area core: primary flow within an urbanized area of 50,000 and greater",690,KIDNEY AND URINARY TRACT INFECTIONS WITHOUT MCC,31,22895.774194,7165.1935484,5372.483871
10011,St Vincent's East,Birmingham,50 Medical Park East Drive,1,35235,AL,1.0,"Metropolitan area core: primary flow within an urbanized area of 50,000 and greater",698,OTHER KIDNEY AND URINARY TRACT DIAGNOSES WITH MCC,17,36690.470588,12644.235294,9867.2941176
10011,St Vincent's East,Birmingham,50 Medical Park East Drive,1,35235,AL,1.0,"Metropolitan area core: primary flow within an urbanized area of 50,000 and greater",853,INFECTIOUS AND PARASITIC DISEASES WITH O.R. PROCEDURES WITH MCC,32,160545.59375,31867.0,28772.84375
10011,St Vincent's East,Birmingham,50 Medical Park East Drive,1,35235,AL,1.0,"Metropolitan area core: primary flow within an urbanized area of 50,000 and greater",870,SEPTICEMIA OR SEVERE SEPSIS WITH MV >96 HOURS,15,171361.93333,46060.4,41538.4
10011,St Vincent's East,Birmingham,50 Medical Park East Drive,1,35235,AL,1.0,"Metropolitan area core: primary flow within an urbanized area of 50,000 and greater",871,SEPTICEMIA OR SEVERE SEPSIS WITHOUT MV >96 HOURS WITH MCC,170,64537.635294,14358.847059,12152.370588
10011,St Vincent's East,Birmingham,50 Medical Park East Drive,1,35235,AL,1.0,"Metropolitan area core: primary flow within an urbanized area of 50,000 and greater",872,SEPTICEMIA OR SEVERE SEPSIS WITHOUT MV >96 HOURS WITHOUT MCC,26,27122.884615,8753.4230769,5917.2692308
10011,St Vincent's East,Birmingham,50 Medical Park East Drive,1,35235,AL,1.0,"Metropolitan area core: primary flow within an urbanized area of 50,000 and greater",884,ORGANIC DISTURBANCES AND INTELLECTUAL DISABILITY,25,38984.0,13358.48,10437.88
10011,St Vincent's East,Birmingham,50 Medical Park East Drive,1,35235,AL,1.0,"Metropolitan area core: primary flow within an urbanized area of 50,000 and greater",885,PSYCHOSES,84,40748.964286,11242.880952,8423.8333333
10012,Dekalb Regional Medical Center,Fort Payne,200 Med Center Drive,1,35968,AL,10.0,"Rural areas: primary flow to a tract outside a urbanized area of 50,000 and greater or UC",57,DEGENERATIVE NERVOUS SYSTEM DISORDERS WITHOUT MCC,21,59597.571429,10030.809524,9098.2380952
10012,Dekalb Regional Medical Center,Fort Payne,200 Med Center Drive,1,35968,AL,10.0,"Rural areas: primary flow to a tract outside a urbanized area of 50,000 and greater or UC",177,RESPIRATORY INFECTIONS AND INFLAMMATIONS WITH MCC,14,46755.071429,12159.142857,10876.857143
10012,Dekalb Regional Medical Center,Fort Payne,200 Med Center Drive,1,35968,AL,10.0,"Rural areas: primary flow to a tract outside a urbanized area of 50,000 and greater or UC",193,SIMPLE PNEUMONIA AND PLEURISY WITH MCC,16,52226.3125,9791.3125,8620.3125
10012,Dekalb Regional Medical Center,Fort Payne,200 Med Center Drive,1,35968,AL,10.0,"Rural areas: primary flow to a tract outside a urbanized area of 50,000 and greater or UC",291,HEART FAILURE AND SHOCK WITH MCC,35,57933.428571,9595.8,8709.8571429
10012,Dekalb Regional Medical Center,Fort Payne,200 Med Center Drive,1,35968,AL,10.0,"Rural areas: primary flow to a tract outside a urbanized area of 50,000 and greater or UC",378,GASTROINTESTINAL HEMORRHAGE WITH CC,12,49936.416667,7557.5,6197.5
10012,Dekalb Regional Medical Center,Fort Payne,200 Med Center Drive,1,35968,AL,10.0,"Rural areas: primary flow to a tract outside a urbanized area of 50,000 and greater or UC",470,MAJOR HIP AND KNEE JOINT REPLACEMENT OR REATTACHMENT OF LOWER EXTREMITY WITHOUT MCC,25,170252.04,14305.24,11026.8
10012,Dekalb Regional Medical Center,Fort Payne,200 Med Center Drive,1,35968,AL,10.0,"Rural areas: primary flow to a tract outside a urbanized area of 50,000 and greater or UC",522,HIP REPLACEMENT WITH PRINCIPAL DIAGNOSIS OF HIP FRACTURE WITHOUT MCC,11,181163.09091,15131.272727,13796.0
10012,Dekalb Regional Medical Center,Fort Payne,200 Med Center Drive,1,35968,AL,10.0,"Rural areas: primary flow to a tract outside a urbanized area of 50,000 and greater or UC",637,DIABETES WITH MCC,16,33077.0625,10593.9375,10287.9375
10012,Dekalb Regional Medical Center,Fort Payne,200 Med Center Drive,1,35968,AL,10.0,"Rural areas: primary flow to a tract outside a urbanized area of 50,000 and greater or UC",682,RENAL FAILURE WITH MCC,13,36949.538462,10770.846154,9515.4615385
10012,Dekalb Regional Medical Center,Fort Payne,200 Med Center Drive,1,35968,AL,10.0,"Rural areas: primary flow to a tract outside a urbanized area of 50,000 and greater or UC",689,KIDNEY AND URINARY TRACT INFECTIONS WITH MCC,18,33547.444444,8718.2777778,7811.6111111
10012,Dekalb Regional Medical Center,Fort Payne,200 Med Center Drive,1,35968,AL,10.0,"Rural areas: primary flow to a tract outside a urbanized area of 50,000 and greater or UC",871,SEPTICEMIA OR SEVERE SEPSIS WITHOUT MV >96 HOURS WITH MCC,67,55627.701493,14110.089552,12892.656716
10012,Dekalb Regional Medical Center,Fort Payne,200 Med Center Drive,1,35968,AL,10.0,"Rural areas: primary flow to a tract outside a urbanized area of 50,000 and greater or UC",872,SEPTICEMIA OR SEVERE SEPSIS WITHOUT MV >96 HOURS WITHOUT MCC,12,42441.75,7765.3333333,6269.3333333
10012,Dekalb Regional Medical Center,Fort Payne,200 Med Center Drive,1,35968,AL,10.0,"Rural areas: primary flow to a tract outside a urbanized area of 50,000 and greater or UC",885,PSYCHOSES,14,84090.214286,11038.0,8998.0
10016,Shelby Baptist Medical Center,Alabaster,1000 First Street North,1,35007,AL,1.0,"Metropolitan area core: primary flow within an urbanized area of 50,000 and greater",64,INTRACRANIAL HEMORRHAGE OR CEREBRAL INFARCTION WITH MCC,16,99815.8125,10578.4375,9354.4375
10016,Shelby Baptist Medical Center,Alabaster,1000 First Street North,1,35007,AL,1.0,"Metropolitan area core: primary flow within an urbanized area of 50,000 and greater",65,INTRACRANIAL HEMORRHAGE OR CEREBRAL INFARCTION WITH CC OR TPA IN 24 HOURS,17,71600.352941,6694.5294118,4686.4117647
10016,Shelby Baptist Medical Center,Alabaster,1000 First Street North,1,35007,AL,1.0,"Metropolitan area core: primary flow within an urbanized area of 50,000 and greater",91,OTHER DISORDERS OF NERVOUS SYSTEM WITH MCC,11,82818.818182,10637.636364,5317.0909091
10016,Shelby Baptist Medical Center,Alabaster,1000 First Street North,1,35007,AL,1.0,"Metropolitan area core: primary flow within an urbanized area of 50,000 and greater",177,RESPIRATORY INFECTIONS AND INFLAMMATIONS WITH MCC,15,90222.6,10077.266667,9098.0666667
10016,Shelby Baptist Medical Center,Alabaster,1000 First Street North,1,35007,AL,1.0,"Metropolitan area core: primary flow within an urbanized area of 50,000 and greater",189,PULMONARY EDEMA AND RESPIRATORY FAILURE,23,67818.173913,7815.4782609,5848.9565217
10016,Shelby Baptist Medical Center,Alabaster,1000 First Street North,1,35007,AL,1.0,"Metropolitan area core: primary flow within an urbanized area of 50,000 and greater",193,SIMPLE PNEUMONIA AND PLEURISY WITH MCC,32,74050.75,7546.96875,5876.375
10016,Shelby Baptist Medical Center,Alabaster,1000 First Street North,1,35007,AL,1.0,"Metropolitan area core: primary flow within an urbanized area of 50,000 and greater",266,ENDOVASCULAR CARDIAC VALVE REPLACEMENT AND SUPPLEMENT PROCEDURES WITH MCC,18,290767.66667,33598.555556,31546.444444
10016,Shelby Baptist Medical Center,Alabaster,1000 First Street North,1,35007,AL,1.0,"Metropolitan area core: primary flow within an urbanized area of 50,000 and greater",274,PERCUTANEOUS AND OTHER INTRACARDIAC PROCEDURES WITHOUT MCC,12,198294.08333,18104.5,15706.333333
10016,Shelby Baptist Medical Center,Alabaster,1000 First Street North,1,35007,AL,1.0,"Metropolitan area core: primary flow within an urbanized area of 50,000 and greater",280,"ACUTE MYOCARDIAL INFARCTION, DISCHARGED ALIVE WITH MCC",47,99430.829787,10272.702128,6834.3829787
10016,Shelby Baptist Medical Center,Alabaster,1000 First Street North,1,35007,AL,1.0,"Metropolitan area core: primary flow within an urbanized area of 50,000 and greater",281,"ACUTE MYOCARDIAL INFARCTION, DISCHARGED ALIVE WITH CC",14,71661.214286,7181.3571429,4572.2142857
10016,Shelby Baptist Medical Center,Alabaster,1000 First Street North,1,35007,AL,1.0,"Metropolitan area core: primary flow within an urbanized area of 50,000 and greater",286,"CIRCULATORY DISORDERS EXCEPT AMI, WITH CARDIAC CATHETERIZATION WITH MCC",14,148608.35714,13366.357143,11734.357143
10016,Shelby Baptist Medical Center,Alabaster,1000 First Street North,1,35007,AL,1.0,"Metropolitan area core: primary flow within an urbanized area of 50,000 and greater",291,HEART FAILURE AND SHOCK WITH MCC,50,68774.98,7979.7,6378.22
10016,Shelby Baptist Medical Center,Alabaster,1000 First Street North,1,35007,AL,1.0,"Metropolitan area core: primary flow within an urbanized area of 50,000 and greater",321,PERCUTANEOUS CARDIOVASCULAR PROCEDURES WITH INTRALUMINAL DEVICE WITH MCC OR 4+ ARTERIES/,11,290491.81818,24525.545455,12703.727273
10016,Shelby Baptist Medical Center,Alabaster,1000 First Street North,1,35007,AL,1.0,"Metropolitan area core: primary flow within an urbanized area of 50,000 and greater",470,MAJOR HIP AND KNEE JOINT REPLACEMENT OR REATTACHMENT OF LOWER EXTREMITY WITHOUT MCC,16,164325.25,14250.25,9563.625
10016,Shelby Baptist Medical Center,Alabaster,1000 First Street North,1,35007,AL,1.0,"Metropolitan area core: primary flow within an urbanized area of 50,000 and greater",480,HIP AND FEMUR PROCEDURES EXCEPT MAJOR JOINT WITH MCC,15,180430.86667,21525.333333,15621.666667
10016,Shelby Baptist Medical Center,Alabaster,1000 First Street North,1,35007,AL,1.0,"Metropolitan area core: primary flow within an urbanized area of 50,000 and greater",481,HIP AND FEMUR PROCEDURES EXCEPT MAJOR JOINT WITH CC,18,126608.33333,14664.944444,9750.0555556
10016,Shelby Baptist Medical Center,Alabaster,1000 First Street North,1,35007,AL,1.0,"Metropolitan area core: primary flow within an urbanized area of 50,000 and greater",521,HIP REPLACEMENT WITH PRINCIPAL DIAGNOSIS OF HIP FRACTURE WITH MCC,11,266729.81818,18166.454545,16682.818182
10016,Shelby Baptist Medical Center,Alabaster,1000 First Street North,1,35007,AL,1.0,"Metropolitan area core: primary flow within an urbanized area of 50,000 and greater",640,"MISCELLANEOUS DISORDERS OF NUTRITION, METABOLISM, FLUIDS AND ELECTROLYTES WITH MCC",19,84887.894737,7507.8947368,5117.4210526
10016,Shelby Baptist Medical Center,Alabaster,1000 First Street North,1,35007,AL,1.0,"Metropolitan area core: primary flow within an urbanized area of 50,000 and greater",641,"MISCELLANEOUS DISORDERS OF NUTRITION, METABOLISM, FLUIDS AND ELECTROLYTES WITHOUT MCC",12,51172.25,5881.4166667,4793.4166667
10016,Shelby Baptist Medical Center,Alabaster,1000 First Street North,1,35007,AL,1.0,"Metropolitan area core: primary flow within an urbanized area of 50,000 and greater",682,RENAL FAILURE WITH MCC,16,88849.75,10167.125,8028.125
10016,Shelby Baptist Medical Center,Alabaster,1000 First Street North,1,35007,AL,1.0,"Metropolitan area core: primary flow within an urbanized area of 50,000 and greater",683,RENAL FAILURE WITH CC,20,53543.4,6546.55,3909.8
10016,Shelby Baptist Medical Center,Alabaster,1000 First Street North,1,35007,AL,1.0,"Metropolitan area core: primary flow within an urbanized area of 50,000 and greater",689,KIDNEY AND URINARY TRACT INFECTIONS WITH MCC,11,54235.0,7946.6363636,6759.7272727
10016,Shelby Baptist Medical Center,Alabaster,1000 First Street North,1,35007,AL,1.0,"Metropolitan area core: primary flow within an urbanized area of 50,000 and greater",690,KIDNEY AND URINARY TRACT INFECTIONS WITHOUT MCC,12,48518.333333,6045.6666667,4549.6666667
10016,Shelby Baptist Medical Center,Alabaster,1000 First Street North,1,35007,AL,1.0,"Metropolitan area core: primary flow within an urbanized area of 50,000 and greater",698,OTHER KIDNEY AND URINARY TRACT DIAGNOSES WITH MCC,16,96276.875,12199.75,8216.3125
10016,Shelby Baptist Medical Center,Alabaster,1000 First Street North,1,35007,AL,1.0,"Metropolitan area core: primary flow within an urbanized area of 50,000 and greater",853,INFECTIOUS AND PARASITIC DISEASES WITH O.R. PROCEDURES WITH MCC,31,258281.12903,30340.290323,23308.064516
10016,Shelby Baptist Medical Center,Alabaster,1000 First Street North,1,35007,AL,1.0,"Metropolitan area core: primary flow within an urbanized area of 50,000 and greater",870,SEPTICEMIA OR SEVERE SEPSIS WITH MV >96 HOURS,14,490688.57143,41896.285714,39052.428571
10016,Shelby Baptist Medical Center,Alabaster,1000 First Street North,1,35007,AL,1.0,"Metropolitan area core: primary flow within an urbanized area of 50,000 and greater",871,SEPTICEMIA OR SEVERE SEPSIS WITHOUT MV >96 HOURS WITH MCC,183,133148.85792,12345.021858,10246.639344
10018,Uab Callahan Eye Hospital Authority,Birmingham,1720 University Blvd Ste 305,1,35233,AL,1.0,"Metropolitan area core: primary flow within an urbanized area of 50,000 and greater",115,EXTRAOCULAR PROCEDURES EXCEPT ORBIT,15,45207.133333,32995.666667,12497.133333
10019,Helen Keller Memorial Hospital,Sheffield,1300 South Montgomery Avenue,1,35660,AL,1.0,"Metropolitan area core: primary flow within an urbanized area of 50,000 and greater",65,INTRACRANIAL HEMORRHAGE OR CEREBRAL INFARCTION WITH CC OR TPA IN 24 HOURS,13,25887.923077,6992.4615385,5125.9230769
10019,Helen Keller Memorial Hospital,Sheffield,1300 South Montgomery Avenue,1,35660,AL,1.0,"Metropolitan area core: primary flow within an urbanized area of 50,000 and greater",177,RESPIRATORY INFECTIONS AND INFLAMMATIONS WITH MCC,31,49453.0,10947.903226,9553.8709677
10019,Helen Keller Memorial Hospital,Sheffield,1300 South Montgomery Avenue,1,35660,AL,1.0,"Metropolitan area core: primary flow within an urbanized area of 50,000 and greater",178,RESPIRATORY INFECTIONS AND INFLAMMATIONS WITH CC,16,20927.3125,6891.75,5131.125
10019,Helen Keller Memorial Hospital,Sheffield,1300 South Montgomery Avenue,1,35660,AL,1.0,"Metropolitan area core: primary flow within an urbanized area of 50,000 and greater",189,PULMONARY EDEMA AND RESPIRATORY FAILURE,15,28412.666667,8172.1333333,6866.5333333
10019,Helen Keller Memorial Hospital,Sheffield,1300 South Montgomery Avenue,1,35660,AL,1.0,"Metropolitan area core: primary flow within an urbanized area of 50,000 and greater",190,CHRONIC OBSTRUCTIVE PULMONARY DISEASE WITH MCC,39,27257.641026,7341.8974359,6327.1282051
10019,Helen Keller Memorial Hospital,Sheffield,1300 South Montgomery Avenue,1,35660,AL,1.0,"Metropolitan area core: primary flow within an urbanized area of 50,000 and greater",191,CHRONIC OBSTRUCTIVE PULMONARY DISEASE WITH CC,13,29931.846154,5832.6923077,5079.4615385
10019,Helen Keller Memorial Hospital,Sheffield,1300 South Montgomery Avenue,1,35660,AL,1.0,"Metropolitan area core: primary flow within an urbanized area of 50,000 and greater",193,SIMPLE PNEUMONIA AND PLEURISY WITH MCC,41,31307.487805,8558.9512195,7415.3414634
10019,Helen Keller Memorial Hospital,Sheffield,1300 South Montgomery Avenue,1,35660,AL,1.0,"Metropolitan area core: primary flow within an urbanized area of 50,000 and greater",194,SIMPLE PNEUMONIA AND PLEURISY WITH CC,35,24131.628571,5881.1142857,4277.0285714
10019,Helen Keller Memorial Hospital,Sheffield,1300 South Montgomery Avenue,1,35660,AL,1.0,"Metropolitan area core: primary flow within an urbanized area of 50,000 and greater",291,HEART FAILURE AND SHOCK WITH MCC,80,26914.9875,8441.6875,6954.2125
10019,Helen Keller Memorial Hospital,Sheffield,1300 South Montgomery Avenue,1,35660,AL,1.0,"Metropolitan area core: primary flow within an urbanized area of 50,000 and greater",305,HYPERTENSION WITHOUT MCC,19,18103.473684,5269.7368421,3809.5263158
10019,Helen Keller Memorial Hospital,Sheffield,1300 South Montgomery Avenue,1,35660,AL,1.0,"Metropolitan area core: primary flow within an urbanized area of 50,000 and greater",308,CARDIAC ARRHYTHMIA AND CONDUCTION DISORDERS WITH MCC,12,23292.416667,7980.5833333,7028.5833333
10019,Helen Keller Memorial Hospital,Sheffield,1300 South Montgomery Avenue,1,35660,AL,1.0,"Metropolitan area core: primary flow within an urbanized area of 50,000 and greater",310,CARDIAC ARRHYTHMIA AND CONDUCTION DISORDERS WITHOUT CC/MCC,17,14719.882353,4330.2352941,2757.5882353
10019,Helen Keller Memorial Hospital,Sheffield,1300 South Montgomery Avenue,1,35660,AL,1.0,"Metropolitan area core: primary flow within an urbanized area of 50,000 and greater",312,SYNCOPE AND COLLAPSE,12,16460.5,5891.9166667,5211.9166667
10019,Helen Keller Memorial Hospital,Sheffield,1300 South Montgomery Avenue,1,35660,AL,1.0,"Metropolitan area core: primary flow within an urbanized area of 50,000 and greater",378,GASTROINTESTINAL HEMORRHAGE WITH CC,23,27276.043478,6727.0,5082.3478261
10019,Helen Keller Memorial Hospital,Sheffield,1300 South Montgomery Avenue,1,35660,AL,1.0,"Metropolitan area core: primary flow within an urbanized area of 50,000 and greater",389,GASTROINTESTINAL OBSTRUCTION WITH CC,12,19863.75,5503.5,4418.1666667
10019,Helen Keller Memorial Hospital,Sheffield,1300 South Montgomery Avenue,1,35660,AL,1.0,"Metropolitan area core: primary flow within an urbanized area of 50,000 and greater",392,"ESOPHAGITIS, GASTROENTERITIS AND MISCELLANEOUS DIGESTIVE DISORDERS WITHOUT MCC",47,22064.680851,5452.4042553,4098.8723404
10019,Helen Keller Memorial Hospital,Sheffield,1300 South Montgomery Avenue,1,35660,AL,1.0,"Metropolitan area core: primary flow within an urbanized area of 50,000 and greater",481,HIP AND FEMUR PROCEDURES EXCEPT MAJOR JOINT WITH CC,21,38222.047619,12849.761905,11839.47619
10019,Helen Keller Memorial Hospital,Sheffield,1300 South Montgomery Avenue,1,35660,AL,1.0,"Metropolitan area core: primary flow within an urbanized area of 50,000 and greater",482,HIP AND FEMUR PROCEDURES EXCEPT MAJOR JOINT WITHOUT CC/MCC,16,30406.0,10203.875,8675.875
10019,Helen Keller Memorial Hospital,Sheffield,1300 South Montgomery Avenue,1,35660,AL,1.0,"Metropolitan area core: primary flow within an urbanized area of 50,000 and greater",522,HIP REPLACEMENT WITH PRINCIPAL DIAGNOSIS OF HIP FRACTURE WITHOUT MCC,17,36575.235294,13744.823529,10928.117647
10019,Helen Keller Memorial Hospital,Sheffield,1300 South Montgomery Avenue,1,35660,AL,1.0,"Metropolitan area core: primary flow within an urbanized area of 50,000 and greater",536,FRACTURES OF HIP AND PELVIS WITHOUT MCC,16,17248.125,5876.4375,3746.25
10019,Helen Keller Memorial Hospital,Sheffield,1300 South Montgomery Avenue,1,35660,AL,1.0,"Metropolitan area core: primary flow within an urbanized area of 50,000 and greater",603,CELLULITIS WITHOUT MCC,15,23363.0,6100.8,4509.7333333
10019,Helen Keller Memorial Hospital,Sheffield,1300 South Montgomery Avenue,1,35660,AL,1.0,"Metropolitan area core: primary flow within an urbanized area of 50,000 and greater",640,"MISCELLANEOUS DISORDERS OF NUTRITION, METABOLISM, FLUIDS AND ELECTROLYTES WITH MCC",16,39938.3125,8272.625,7150.625
10019,Helen Keller Memorial Hospital,Sheffield,1300 South Montgomery Avenue,1,35660,AL,1.0,"Metropolitan area core: primary flow within an urbanized area of 50,000 and greater",641,"MISCELLANEOUS DISORDERS OF NUTRITION, METABOLISM, FLUIDS AND ELECTROLYTES WITHOUT MCC",38,18409.026316,5407.3684211,4161.8947368
10019,Helen Keller Memorial Hospital,Sheffield,1300 South Montgomery Avenue,1,35660,AL,1.0,"Metropolitan area core: primary flow within an urbanized area of 50,000 and greater",682,RENAL FAILURE WITH MCC,20,32253.1,9505.2,8690.8
10019,Helen Keller Memorial Hospital,Sheffield,1300 South Montgomery Avenue,1,35660,AL,1.0,"Metropolitan area core: primary flow within an urbanized area of 50,000 and greater",683,RENAL FAILURE WITH CC,29,22494.793103,6293.6206897,4909.1034483
10019,Helen Keller Memorial Hospital,Sheffield,1300 South Montgomery Avenue,1,35660,AL,1.0,"Metropolitan area core: primary flow within an urbanized area of 50,000 and greater",689,KIDNEY AND URINARY TRACT INFECTIONS WITH MCC,37,29491.648649,7903.1081081,6139.6486486
10019,Helen Keller Memorial Hospital,Sheffield,1300 South Montgomery Avenue,1,35660,AL,1.0,"Metropolitan area core: primary flow within an urbanized area of 50,000 and greater",690,KIDNEY AND URINARY TRACT INFECTIONS WITHOUT MCC,61,18200.42623,5702.6721311,4053.0983607
10019,Helen Keller Memorial Hospital,Sheffield,1300 South Montgomery Avenue,1,35660,AL,1.0,"Metropolitan area core: primary flow within an urbanized area of 50,000 and greater",698,OTHER KIDNEY AND URINARY TRACT DIAGNOSES WITH MCC,21,37638.52381,10508.857143,9266.952381
10019,Helen Keller Memorial Hospital,Sheffield,1300 South Montgomery Avenue,1,35660,AL,1.0,"Metropolitan area core: primary flow within an urbanized area of 50,000 and greater",812,RED BLOOD CELL DISORDERS WITHOUT MCC,16,22669.4375,6149.75,4619.75
10019,Helen Keller Memorial Hospital,Sheffield,1300 South Montgomery Avenue,1,35660,AL,1.0,"Metropolitan area core: primary flow within an urbanized area of 50,000 and greater",853,INFECTIOUS AND PARASITIC DISEASES WITH O.R. PROCEDURES WITH MCC,15,71482.0,28727.533333,27095.533333
10019,Helen Keller Memorial Hospital,Sheffield,1300 South Montgomery Avenue,1,35660,AL,1.0,"Metropolitan area core: primary flow within an urbanized area of 50,000 and greater",871,SEPTICEMIA OR SEVERE SEPSIS WITHOUT MV >96 HOURS WITH MCC,94,42241.287234,12550.585106,10987.053191
10019,Helen Keller Memorial Hospital,Sheffield,1300 South Montgomery Avenue,1,35660,AL,1.0,"Metropolitan area core: primary flow within an urbanized area of 50,000 and greater",872,SEPTICEMIA OR SEVERE SEPSIS WITHOUT MV >96 HOURS WITHOUT MCC,35,27360.028571,6756.0571429,5403.8285714
10021,Dale Medical Center,Ozark,126 Hospital Ave,1,36360,AL,4.1,"Secondary flow 30% to <50% to a urbanized area of 50,000 and greater",871,SEPTICEMIA OR SEVERE SEPSIS WITHOUT MV >96 HOURS WITH MCC,12,31369.083333,15724.416667,14500.416667
10021,Dale Medical Center,Ozark,126 Hospital Ave,1,36360,AL,4.1,"Secondary flow 30% to <50% to a urbanized area of 50,000 and greater",885,PSYCHOSES,27,30198.037037,11698.0,9583.6296296
10022,Floyd Cherokee Medical Center,Centre,400 Northwood Dr,1,35960,AL,3.0,"Metropolitan area low commuting: primary flow 10% to <30% to a urbanized area of 50,000 and greater",897,"ALCOHOL, DRUG ABUSE OR DEPENDENCE WITHOUT REHABILITATION THERAPY WITHOUT MCC",57,13976.947368,8511.9824561,7404.6491228
10023,Baptist Medical Center South,Montgomery,2105 East South Boulevard,1,36116,AL,1.0,"Metropolitan area core: primary flow within an urbanized area of 50,000 and greater",23,CRANIOTOMY WITH MAJOR DEVICE IMPLANT OR ACUTE COMPLEX CNS PRINCIPAL DIAGNOSIS WITH MCC O,30,138319.76667,41265.833333,36225.333333
10023,Baptist Medical Center South,Montgomery,2105 East South Boulevard,1,36116,AL,1.0,"Metropolitan area core: primary flow within an urbanized area of 50,000 and greater",25,CRANIOTOMY AND ENDOVASCULAR INTRACRANIAL PROCEDURES WITH MCC,12,112581.16667,37581.75,27785.5
10023,Baptist Medical Center South,Montgomery,2105 East South Boulevard,1,36116,AL,1.0,"Metropolitan area core: primary flow within an urbanized area of 50,000 and greater",39,EXTRACRANIAL PROCEDURES WITHOUT CC/MCC,23,24290.869565,9641.7391304,7834.9130435
10023,Baptist Medical Center South,Montgomery,2105 East South Boulevard,1,36116,AL,1.0,"Metropolitan area core: primary flow within an urbanized area of 50,000 and greater",64,INTRACRANIAL HEMORRHAGE OR CEREBRAL INFARCTION WITH MCC,62,50859.741935,15668.677419,13116.919355
10023,Baptist Medical Center South,Montgomery,2105 East South Boulevard,1,36116,AL,1.0,"Metropolitan area core: primary flow within an urbanized area of 50,000 and greater",65,INTRACRANIAL HEMORRHAGE OR CEREBRAL INFARCTION WITH CC OR TPA IN 24 HOURS,54,37306.962963,10550.351852,6652.8703704
10023,Baptist Medical Center South,Montgomery,2105 East South Boulevard,1,36116,AL,1.0,"Metropolitan area core: primary flow within an urbanized area of 50,000 and greater",66,INTRACRANIAL HEMORRHAGE OR CEREBRAL INFARCTION WITHOUT CC/MCC,15,34903.533333,6794.6,4816.2666667
10023,Baptist Medical Center South,Montgomery,2105 East South Boulevard,1,36116,AL,1.0,"Metropolitan area core: primary flow within an urbanized area of 50,000 and greater",69,TRANSIENT ISCHEMIA WITHOUT THROMBOLYTIC,18,31041.444444,8505.3888889,4996.6111111
10023,Baptist Medical Center South,Montgomery,2105 East South Boulevard,1,36116,AL,1.0,"Metropolitan area core: primary flow within an urbanized area of 50,000 and greater",86,TRAUMATIC STUPOR AND COMA <1 HOUR WITH CC,11,36108.636364,11207.727273,8238.4545455
10023,Baptist Medical Center South,Montgomery,2105 East South Boulevard,1,36116,AL,1.0,"Metropolitan area core: primary flow within an urbanized area of 50,000 and greater",100,SEIZURES WITH MCC,18,68338.722222,20084.0,17651.555556
10023,Baptist Medical Center South,Montgomery,2105 East South Boulevard,1,36116,AL,1.0,"Metropolitan area core: primary flow within an urbanized area of 50,000 and greater",101,SEIZURES WITHOUT MCC,22,32036.045455,9350.5909091,6442.8636364
10023,Baptist Medical Center South,Montgomery,2105 East South Boulevard,1,36116,AL,1.0,"Metropolitan area core: primary flow within an urbanized area of 50,000 and greater",175,PULMONARY EMBOLISM WITH MCC OR ACUTE COR PULMONALE,11,35084.181818,16716.909091,9357.7272727
10023,Baptist Medical Center South,Montgomery,2105 East South Boulevard,1,36116,AL,1.0,"Metropolitan area core: primary flow within an urbanized area of 50,000 and greater",177,RESPIRATORY INFECTIONS AND INFLAMMATIONS WITH MCC,36,43694.555556,14265.472222,11235.888889
10023,Baptist Medical Center South,Montgomery,2105 East South Boulevard,1,36116,AL,1.0,"Metropolitan area core: primary flow within an urbanized area of 50,000 and greater",180,RESPIRATORY NEOPLASMS WITH MCC,15,43750.466667,13550.866667,11683.133333
10023,Baptist Medical Center South,Montgomery,2105 East South Boulevard,1,36116,AL,1.0,"Metropolitan area core: primary flow within an urbanized area of 50,000 and greater",189,PULMONARY EDEMA AND RESPIRATORY FAILURE,15,25209.533333,10425.866667,8904.9333333
10023,Baptist Medical Center South,Montgomery,2105 East South Boulevard,1,36116,AL,1.0,"Metropolitan area core: primary flow within an urbanized area of 50,000 and greater",190,CHRONIC OBSTRUCTIVE PULMONARY DISEASE WITH MCC,30,29570.1,10324.766667,7401.5
10023,Baptist Medical Center South,Montgomery,2105 East South Boulevard,1,36116,AL,1.0,"Metropolitan area core: primary flow within an urbanized area of 50,000 and greater",193,SIMPLE PNEUMONIA AND PLEURISY WITH MCC,59,34083.677966,12380.847458,9033.9152542
10023,Baptist Medical Center South,Montgomery,2105 East South Boulevard,1,36116,AL,1.0,"Metropolitan area core: primary flow within an urbanized area of 50,000 and greater",194,SIMPLE PNEUMONIA AND PLEURISY WITH CC,20,23074.7,7764.0,6013.8
10023,Baptist Medical Center South,Montgomery,2105 East South Boulevard,1,36116,AL,1.0,"Metropolitan area core: primary flow within an urbanized area of 50,000 and greater",208,RESPIRATORY SYSTEM DIAGNOSIS WITH VENTILATOR SUPPORT <=96 HOURS,17,60735.352941,20699.176471,17934.588235
10023,Baptist Medical Center South,Montgomery,2105 East South Boulevard,1,36116,AL,1.0,"Metropolitan area core: primary flow within an urbanized area of 50,000 and greater",236,CORONARY BYPASS WITHOUT CARDIAC CATHETERIZATION WITHOUT MCC,21,93414.666667,29444.857143,24682.666667
10023,Baptist Medical Center South,Montgomery,2105 East South Boulevard,1,36116,AL,1.0,"Metropolitan area core: primary flow within an urbanized area of 50,000 and greater",244,PERMANENT CARDIAC PACEMAKER IMPLANT WITHOUT CC/MCC,11,45636.090909,14269.454545,12635.909091
10023,Baptist Medical Center South,Montgomery,2105 East South Boulevard,1,36116,AL,1.0,"Metropolitan area core: primary flow within an urbanized area of 50,000 and greater",252,OTHER VASCULAR PROCEDURES WITH MCC,20,88821.6,34321.8,21807.0
10023,Baptist Medical Center South,Montgomery,2105 East South Boulevard,1,36116,AL,1.0,"Metropolitan area core: primary flow within an urbanized area of 50,000 and greater",253,OTHER VASCULAR PROCEDURES WITH CC,16,46161.1875,18230.375,16525.5
10023,Baptist Medical Center South,Montgomery,2105 East South Boulevard,1,36116,AL,1.0,"Metropolitan area core: primary flow within an urbanized area of 50,000 and greater",267,ENDOVASCULAR CARDIAC VALVE REPLACEMENT AND SUPPLEMENT PROCEDURES WITHOUT MCC,11,120858.18182,34418.818182,32644.818182
10023,Baptist Medical Center South,Montgomery,2105 East South Boulevard,1,36116,AL,1.0,"Metropolitan area core: primary flow within an urbanized area of 50,000 and greater",274,PERCUTANEOUS AND OTHER INTRACARDIAC PROCEDURES WITHOUT MCC,15,95521.6,22477.133333,20319.933333
10023,Baptist Medical Center South,Montgomery,2105 East South Boulevard,1,36116,AL,1.0,"Metropolitan area core: primary flow within an urbanized area of 50,000 and greater",280,"ACUTE MYOCARDIAL INFARCTION, DISCHARGED ALIVE WITH MCC",60,37192.966667,13598.35,10240.316667
10023,Baptist Medical Center South,Montgomery,2105 East South Boulevard,1,36116,AL,1.0,"Metropolitan area core: primary flow within an urbanized area of 50,000 and greater",281,"ACUTE MYOCARDIAL INFARCTION, DISCHARGED ALIVE WITH CC",23,22553.913043,9705.6956522,5978.6086957
10023,Baptist Medical Center South,Montgomery,2105 East South Boulevard,1,36116,AL,1.0,"Metropolitan area core: primary flow within an urbanized area of 50,000 and greater",291,HEART FAILURE AND SHOCK WITH MCC,91,33923.186813,11353.89011,9398.7472527
10023,Baptist Medical Center South,Montgomery,2105 East South Boulevard,1,36116,AL,1.0,"Metropolitan area core: primary flow within an urbanized area of 50,000 and greater",300,PERIPHERAL VASCULAR DISORDERS WITH CC,11,29305.909091,8747.0,7281.3636364
10023,Baptist Medical Center South,Montgomery,2105 East South Boulevard,1,36116,AL,1.0,"Metropolitan area core: primary flow within an urbanized area of 50,000 and greater",305,HYPERTENSION WITHOUT MCC,17,29808.117647,6424.8235294,4857.4705882
10023,Baptist Medical Center South,Montgomery,2105 East South Boulevard,1,36116,AL,1.0,"Metropolitan area core: primary flow within an urbanized area of 50,000 and greater",308,CARDIAC ARRHYTHMIA AND CONDUCTION DISORDERS WITH MCC,26,34750.615385,10674.153846,8163.3076923
10023,Baptist Medical Center South,Montgomery,2105 East South Boulevard,1,36116,AL,1.0,"Metropolitan area core: primary flow within an urbanized area of 50,000 and greater",309,CARDIAC ARRHYTHMIA AND CONDUCTION DISORDERS WITH CC,27,25750.925926,7363.5555556,5379.1851852
10023,Baptist Medical Center South,Montgomery,2105 East South Boulevard,1,36116,AL,1.0,"Metropolitan area core: primary flow within an urbanized area of 50,000 and greater",310,CARDIAC ARRHYTHMIA AND CONDUCTION DISORDERS WITHOUT CC/MCC,16,13099.6875,5819.625,4304.8125
10023,Baptist Medical Center South,Montgomery,2105 East South Boulevard,1,36116,AL,1.0,"Metropolitan area core: primary flow within an urbanized area of 50,000 and greater",312,SYNCOPE AND COLLAPSE,33,23119.69697,8145.4242424,6045.0606061
10023,Baptist Medical Center South,Montgomery,2105 East South Boulevard,1,36116,AL,1.0,"Metropolitan area core: primary flow within an urbanized area of 50,000 and greater",321,PERCUTANEOUS CARDIOVASCULAR PROCEDURES WITH INTRALUMINAL DEVICE WITH MCC OR 4+ ARTERIES/,27,80697.185185,21832.703704,18197.62963
10023,Baptist Medical Center South,Montgomery,2105 East South Boulevard,1,36116,AL,1.0,"Metropolitan area core: primary flow within an urbanized area of 50,000 and greater",322,PERCUTANEOUS CARDIOVASCULAR PROCEDURES WITH INTRALUMINAL DEVICE WITHOUT MCC,26,55860.961538,14146.846154,10755.346154
10023,Baptist Medical Center South,Montgomery,2105 East South Boulevard,1,36116,AL,1.0,"Metropolitan area core: primary flow within an urbanized area of 50,000 and greater",377,GASTROINTESTINAL HEMORRHAGE WITH MCC,32,60837.53125,17514.3125,12104.5
10023,Baptist Medical Center South,Montgomery,2105 East South Boulevard,1,36116,AL,1.0,"Metropolitan area core: primary flow within an urbanized area of 50,000 and greater",378,GASTROINTESTINAL HEMORRHAGE WITH CC,38,29365.868421,10219.631579,6679.5
10023,Baptist Medical Center South,Montgomery,2105 East South Boulevard,1,36116,AL,1.0,"Metropolitan area core: primary flow within an urbanized area of 50,000 and greater",389,GASTROINTESTINAL OBSTRUCTION WITH CC,13,22752.076923,7129.6153846,5338.1538462
10023,Baptist Medical Center South,Montgomery,2105 East South Boulevard,1,36116,AL,1.0,"Metropolitan area core: primary flow within an urbanized area of 50,000 and greater",391,"ESOPHAGITIS, GASTROENTERITIS AND MISCELLANEOUS DIGESTIVE DISORDERS WITH MCC",21,58501.380952,14774.761905,12346.857143
10023,Baptist Medical Center South,Montgomery,2105 East South Boulevard,1,36116,AL,1.0,"Metropolitan area core: primary flow within an urbanized area of 50,000 and greater",392,"ESOPHAGITIS, GASTROENTERITIS AND MISCELLANEOUS DIGESTIVE DISORDERS WITHOUT MCC",33,21345.0,8161.4848485,4937.0606061
10023,Baptist Medical Center South,Montgomery,2105 East South Boulevard,1,36116,AL,1.0,"Metropolitan area core: primary flow within an urbanized area of 50,000 and greater",393,OTHER DIGESTIVE SYSTEM DIAGNOSES WITH MCC,12,65015.833333,16198.333333,13727.583333
10023,Baptist Medical Center South,Montgomery,2105 East South Boulevard,1,36116,AL,1.0,"Metropolitan area core: primary flow within an urbanized area of 50,000 and greater",460,SPINAL FUSION EXCEPT CERVICAL WITHOUT MCC,21,86483.904762,24783.904762,22258.047619
10023,Baptist Medical Center South,Montgomery,2105 East South Boulevard,1,36116,AL,1.0,"Metropolitan area core: primary flow within an urbanized area of 50,000 and greater",470,MAJOR HIP AND KNEE JOINT REPLACEMENT OR REATTACHMENT OF LOWER EXTREMITY WITHOUT MCC,32,44748.71875,14717.34375,11999.09375
10023,Baptist Medical Center South,Montgomery,2105 East South Boulevard,1,36116,AL,1.0,"Metropolitan area core: primary flow within an urbanized area of 50,000 and greater",480,HIP AND FEMUR PROCEDURES EXCEPT MAJOR JOINT WITH MCC,18,61617.611111,21968.722222,18389.111111
10023,Baptist Medical Center South,Montgomery,2105 East South Boulevard,1,36116,AL,1.0,"Metropolitan area core: primary flow within an urbanized area of 50,000 and greater",481,HIP AND FEMUR PROCEDURES EXCEPT MAJOR JOINT WITH CC,47,41725.340426,15769.021277,12473.425532
10023,Baptist Medical Center South,Montgomery,2105 East South Boulevard,1,36116,AL,1.0,"Metropolitan area core: primary flow within an urbanized area of 50,000 and greater",482,HIP AND FEMUR PROCEDURES EXCEPT MAJOR JOINT WITHOUT CC/MCC,18,29724.333333,12247.222222,10112.944444
10023,Baptist Medical Center South,Montgomery,2105 East South Boulevard,1,36116,AL,1.0,"Metropolitan area core: primary flow within an urbanized area of 50,000 and greater",521,HIP REPLACEMENT WITH PRINCIPAL DIAGNOSIS OF HIP FRACTURE WITH MCC,11,65120.363636,21806.0,19563.818182
10023,Baptist Medical Center South,Montgomery,2105 East South Boulevard,1,36116,AL,1.0,"Metropolitan area core: primary flow within an urbanized area of 50,000 and greater",522,HIP REPLACEMENT WITH PRINCIPAL DIAGNOSIS OF HIP FRACTURE WITHOUT MCC,33,39615.0,16739.636364,13060.393939
10023,Baptist Medical Center South,Montgomery,2105 East South Boulevard,1,36116,AL,1.0,"Metropolitan area core: primary flow within an urbanized area of 50,000 and greater",552,MEDICAL BACK PROBLEMS WITHOUT MCC,22,22649.863636,8615.8181818,7030.4090909
10023,Baptist Medical Center South,Montgomery,2105 East South Boulevard,1,36116,AL,1.0,"Metropolitan area core: primary flow within an urbanized area of 50,000 and greater",603,CELLULITIS WITHOUT MCC,18,36273.666667,10543.444444,7715.1666667
10023,Baptist Medical Center South,Montgomery,2105 East South Boulevard,1,36116,AL,1.0,"Metropolitan area core: primary flow within an urbanized area of 50,000 and greater",637,DIABETES WITH MCC,11,46964.545455,12513.090909,11017.545455
10023,Baptist Medical Center South,Montgomery,2105 East South Boulevard,1,36116,AL,1.0,"Metropolitan area core: primary flow within an urbanized area of 50,000 and greater",638,DIABETES WITH CC,12,24685.916667,8463.5833333,6527.3333333
10023,Baptist Medical Center South,Montgomery,2105 East South Boulevard,1,36116,AL,1.0,"Metropolitan area core: primary flow within an urbanized area of 50,000 and greater",640,"MISCELLANEOUS DISORDERS OF NUTRITION, METABOLISM, FLUIDS AND ELECTROLYTES WITH MCC",31,56049.580645,19583.677419,11259.806452
10023,Baptist Medical Center South,Montgomery,2105 East South Boulevard,1,36116,AL,1.0,"Metropolitan area core: primary flow within an urbanized area of 50,000 and greater",641,"MISCELLANEOUS DISORDERS OF NUTRITION, METABOLISM, FLUIDS AND ELECTROLYTES WITHOUT MCC",19,26965.631579,9440.6842105,5886.2631579
10023,Baptist Medical Center South,Montgomery,2105 East South Boulevard,1,36116,AL,1.0,"Metropolitan area core: primary flow within an urbanized area of 50,000 and greater",682,RENAL FAILURE WITH MCC,15,38954.4,11919.8,10196.733333
10023,Baptist Medical Center South,Montgomery,2105 East South Boulevard,1,36116,AL,1.0,"Metropolitan area core: primary flow within an urbanized area of 50,000 and greater",683,RENAL FAILURE WITH CC,18,36074.166667,7444.2777778,5696.8333333
10023,Baptist Medical Center South,Montgomery,2105 East South Boulevard,1,36116,AL,1.0,"Metropolitan area core: primary flow within an urbanized area of 50,000 and greater",689,KIDNEY AND URINARY TRACT INFECTIONS WITH MCC,40,34945.2,10054.925,8003.6
10023,Baptist Medical Center South,Montgomery,2105 East South Boulevard,1,36116,AL,1.0,"Metropolitan area core: primary flow within an urbanized area of 50,000 and greater",690,KIDNEY AND URINARY TRACT INFECTIONS WITHOUT MCC,23,30308.043478,13786.565217,4210.6086957
10023,Baptist Medical Center South,Montgomery,2105 East South Boulevard,1,36116,AL,1.0,"Metropolitan area core: primary flow within an urbanized area of 50,000 and greater",698,OTHER KIDNEY AND URINARY TRACT DIAGNOSES WITH MCC,32,58428.96875,18255.8125,11762.75
10023,Baptist Medical Center South,Montgomery,2105 East South Boulevard,1,36116,AL,1.0,"Metropolitan area core: primary flow within an urbanized area of 50,000 and greater",812,RED BLOOD CELL DISORDERS WITHOUT MCC,17,43817.647059,7819.8235294,6193.8235294
10023,Baptist Medical Center South,Montgomery,2105 East South Boulevard,1,36116,AL,1.0,"Metropolitan area core: primary flow within an urbanized area of 50,000 and greater",853,INFECTIOUS AND PARASITIC DISEASES WITH O.R. PROCEDURES WITH MCC,32,140671.8125,41277.21875,36299.65625
10023,Baptist Medical Center South,Montgomery,2105 East South Boulevard,1,36116,AL,1.0,"Metropolitan area core: primary flow within an urbanized area of 50,000 and greater",870,SEPTICEMIA OR SEVERE SEPSIS WITH MV >96 HOURS,18,223994.11111,57090.333333,50259.833333
10023,Baptist Medical Center South,Montgomery,2105 East South Boulevard,1,36116,AL,1.0,"Metropolitan area core: primary flow within an urbanized area of 50,000 and greater",871,SEPTICEMIA OR SEVERE SEPSIS WITHOUT MV >96 HOURS WITH MCC,141,60546.808511,17694.007092,13223.276596
10023,Baptist Medical Center South,Montgomery,2105 East South Boulevard,1,36116,AL,1.0,"Metropolitan area core: primary flow within an urbanized area of 50,000 and greater",872,SEPTICEMIA OR SEVERE SEPSIS WITHOUT MV >96 HOURS WITHOUT MCC,18,34183.5,11679.666667,6478.0
10023,Baptist Medical Center South,Montgomery,2105 East South Boulevard,1,36116,AL,1.0,"Metropolitan area core: primary flow within an urbanized area of 50,000 and greater",884,ORGANIC DISTURBANCES AND INTELLECTUAL DISABILITY,11,42922.545455,13601.818182,11495.0
10023,Baptist Medical Center South,Montgomery,2105 East South Boulevard,1,36116,AL,1.0,"Metropolitan area core: primary flow within an urbanized area of 50,000 and greater",981,EXTENSIVE O.R. PROCEDURES UNRELATED TO PRINCIPAL DIAGNOSIS WITH MCC,14,103679.42857,32997.285714,30319.357143
10024,Jackson Hospital & Clinic Inc,Montgomery,1725 Pine Street,1,36106,AL,1.0,"Metropolitan area core: primary flow within an urbanized area of 50,000 and greater",65,INTRACRANIAL HEMORRHAGE OR CEREBRAL INFARCTION WITH CC OR TPA IN 24 HOURS,23,24140.434783,6546.9565217,5133.2608696
10024,Jackson Hospital & Clinic Inc,Montgomery,1725 Pine Street,1,36106,AL,1.0,"Metropolitan area core: primary flow within an urbanized area of 50,000 and greater",69,TRANSIENT ISCHEMIA WITHOUT THROMBOLYTIC,12,20503.833333,6308.1666667,3989.8333333
10024,Jackson Hospital & Clinic Inc,Montgomery,1725 Pine Street,1,36106,AL,1.0,"Metropolitan area core: primary flow within an urbanized area of 50,000 and greater",101,SEIZURES WITHOUT MCC,14,25078.857143,6553.2142857,4866.5
10024,Jackson Hospital & Clinic Inc,Montgomery,1725 Pine Street,1,36106,AL,1.0,"Metropolitan area core: primary flow within an urbanized area of 50,000 and greater",177,RESPIRATORY INFECTIONS AND INFLAMMATIONS WITH MCC,23,50734.391304,11385.086957,9700.0
10024,Jackson Hospital & Clinic Inc,Montgomery,1725 Pine Street,1,36106,AL,1.0,"Metropolitan area core: primary flow within an urbanized area of 50,000 and greater",189,PULMONARY EDEMA AND RESPIRATORY FAILURE,25,35644.12,8505.28,7621.72
10024,Jackson Hospital & Clinic Inc,Montgomery,1725 Pine Street,1,36106,AL,1.0,"Metropolitan area core: primary flow within an urbanized area of 50,000 and greater",190,CHRONIC OBSTRUCTIVE PULMONARY DISEASE WITH MCC,18,36649.388889,7753.3333333,5822.5
10024,Jackson Hospital & Clinic Inc,Montgomery,1725 Pine Street,1,36106,AL,1.0,"Metropolitan area core: primary flow within an urbanized area of 50,000 and greater",193,SIMPLE PNEUMONIA AND PLEURISY WITH MCC,50,36483.14,8686.9,7310.5
10024,Jackson Hospital & Clinic Inc,Montgomery,1725 Pine Street,1,36106,AL,1.0,"Metropolitan area core: primary flow within an urbanized area of 50,000 and greater",194,SIMPLE PNEUMONIA AND PLEURISY WITH CC,33,28904.30303,5886.9393939,4233.1212121
10024,Jackson Hospital & Clinic Inc,Montgomery,1725 Pine Street,1,36106,AL,1.0,"Metropolitan area core: primary flow within an urbanized area of 50,000 and greater",207,RESPIRATORY SYSTEM DIAGNOSIS WITH VENTILATOR SUPPORT >96 HOURS,11,156490.45455,43191.454545,41217.090909
10024,Jackson Hospital & Clinic Inc,Montgomery,1725 Pine Street,1,36106,AL,1.0,"Metropolitan area core: primary flow within an urbanized area of 50,000 and greater",242,PERMANENT CARDIAC PACEMAKER IMPLANT WITH MCC,12,129924.16667,23280.833333,21390.416667
10024,Jackson Hospital & Clinic Inc,Montgomery,1725 Pine Street,1,36106,AL,1.0,"Metropolitan area core: primary flow within an urbanized area of 50,000 and greater",252,OTHER VASCULAR PROCEDURES WITH MCC,13,106915.38462,20114.769231,18690.307692
10024,Jackson Hospital & Clinic Inc,Montgomery,1725 Pine Street,1,36106,AL,1.0,"Metropolitan area core: primary flow within an urbanized area of 50,000 and greater",280,"ACUTE MYOCARDIAL INFARCTION, DISCHARGED ALIVE WITH MCC",22,36218.909091,10361.090909,8303.7272727
10024,Jackson Hospital & Clinic Inc,Montgomery,1725 Pine Street,1,36106,AL,1.0,"Metropolitan area core: primary flow within an urbanized area of 50,000 and greater",286,"CIRCULATORY DISORDERS EXCEPT AMI, WITH CARDIAC CATHETERIZATION WITH MCC",13,67120.230769,13164.076923,12184.769231
10024,Jackson Hospital & Clinic Inc,Montgomery,1725 Pine Street,1,36106,AL,1.0,"Metropolitan area core: primary flow within an urbanized area of 50,000 and greater",287,"CIRCULATORY DISORDERS EXCEPT AMI, WITH CARDIAC CATHETERIZATION WITHOUT MCC",18,45143.833333,7683.5,5664.5555556
10024,Jackson Hospital & Clinic Inc,Montgomery,1725 Pine Street,1,36106,AL,1.0,"Metropolitan area core: primary flow within an urbanized area of 50,000 and greater",291,HEART FAILURE AND SHOCK WITH MCC,114,34887.614035,9023.2017544,6874.1052632
10024,Jackson Hospital & Clinic Inc,Montgomery,1725 Pine Street,1,36106,AL,1.0,"Metropolitan area core: primary flow within an urbanized area of 50,000 and greater",308,CARDIAC ARRHYTHMIA AND CONDUCTION DISORDERS WITH MCC,21,39483.952381,8719.0952381,6991.0
10024,Jackson Hospital & Clinic Inc,Montgomery,1725 Pine Street,1,36106,AL,1.0,"Metropolitan area core: primary flow within an urbanized area of 50,000 and greater",309,CARDIAC ARRHYTHMIA AND CONDUCTION DISORDERS WITH CC,30,20622.366667,5661.1666667,3532.2333333
10024,Jackson Hospital & Clinic Inc,Montgomery,1725 Pine Street,1,36106,AL,1.0,"Metropolitan area core: primary flow within an urbanized area of 50,000 and greater",310,CARDIAC ARRHYTHMIA AND CONDUCTION DISORDERS WITHOUT CC/MCC,16,13317.75,3860.0625,2492.6875
10024,Jackson Hospital & Clinic Inc,Montgomery,1725 Pine Street,1,36106,AL,1.0,"Metropolitan area core: primary flow within an urbanized area of 50,000 and greater",312,SYNCOPE AND COLLAPSE,21,20895.571429,6189.5714286,3983.4285714
10024,Jackson Hospital & Clinic Inc,Montgomery,1725 Pine Street,1,36106,AL,1.0,"Metropolitan area core: primary flow within an urbanized area of 50,000 and greater",313,CHEST PAIN,19,15668.315789,5306.5789474,3927.0
10024,Jackson Hospital & Clinic Inc,Montgomery,1725 Pine Street,1,36106,AL,1.0,"Metropolitan area core: primary flow within an urbanized area of 50,000 and greater",314,OTHER CIRCULATORY SYSTEM DIAGNOSES WITH MCC,11,36148.454545,13812.363636,11046.727273
10024,Jackson Hospital & Clinic Inc,Montgomery,1725 Pine Street,1,36106,AL,1.0,"Metropolitan area core: primary flow within an urbanized area of 50,000 and greater",321,PERCUTANEOUS CARDIOVASCULAR PROCEDURES WITH INTRALUMINAL DEVICE WITH MCC OR 4+ ARTERIES/,12,105149.66667,25035.666667,13006.583333
10024,Jackson Hospital & Clinic Inc,Montgomery,1725 Pine Street,1,36106,AL,1.0,"Metropolitan area core: primary flow within an urbanized area of 50,000 and greater",322,PERCUTANEOUS CARDIOVASCULAR PROCEDURES WITH INTRALUMINAL DEVICE WITHOUT MCC,29,95543.275862,15715.448276,9206.2413793
10024,Jackson Hospital & Clinic Inc,Montgomery,1725 Pine Street,1,36106,AL,1.0,"Metropolitan area core: primary flow within an urbanized area of 50,000 and greater",330,MAJOR SMALL AND LARGE BOWEL PROCEDURES WITH CC,11,84047.454545,15694.636364,13838.636364
10024,Jackson Hospital & Clinic Inc,Montgomery,1725 Pine Street,1,36106,AL,1.0,"Metropolitan area core: primary flow within an urbanized area of 50,000 and greater",377,GASTROINTESTINAL HEMORRHAGE WITH MCC,16,42036.875,13449.0,9853.625
10024,Jackson Hospital & Clinic Inc,Montgomery,1725 Pine Street,1,36106,AL,1.0,"Metropolitan area core: primary flow within an urbanized area of 50,000 and greater",378,GASTROINTESTINAL HEMORRHAGE WITH CC,43,33212.395349,7181.744186,5092.3953488
10024,Jackson Hospital & Clinic Inc,Montgomery,1725 Pine Street,1,36106,AL,1.0,"Metropolitan area core: primary flow within an urbanized area of 50,000 and greater",379,GASTROINTESTINAL HEMORRHAGE WITHOUT CC/MCC,11,17895.727273,4756.3636364,3046.8181818
10024,Jackson Hospital & Clinic Inc,Montgomery,1725 Pine Street,1,36106,AL,1.0,"Metropolitan area core: primary flow within an urbanized area of 50,000 and greater",389,GASTROINTESTINAL OBSTRUCTION WITH CC,16,31191.3125,5858.5625,4553.375
10024,Jackson Hospital & Clinic Inc,Montgomery,1725 Pine Street,1,36106,AL,1.0,"Metropolitan area core: primary flow within an urbanized area of 50,000 and greater",391,"ESOPHAGITIS, GASTROENTERITIS AND MISCELLANEOUS DIGESTIVE DISORDERS WITH MCC",17,40927.823529,8379.7647059,6580.7647059
10024,Jackson Hospital & Clinic Inc,Montgomery,1725 Pine Street,1,36106,AL,1.0,"Metropolitan area core: primary flow within an urbanized area of 50,000 and greater",392,"ESOPHAGITIS, GASTROENTERITIS AND MISCELLANEOUS DIGESTIVE DISORDERS WITHOUT MCC",43,24399.813953,5736.3023256,4116.8139535
10024,Jackson Hospital & Clinic Inc,Montgomery,1725 Pine Street,1,36106,AL,1.0,"Metropolitan area core: primary flow within an urbanized area of 50,000 and greater",394,OTHER DIGESTIVE SYSTEM DIAGNOSES WITH CC,12,20564.5,6922.5,4610.9166667
10024,Jackson Hospital & Clinic Inc,Montgomery,1725 Pine Street,1,36106,AL,1.0,"Metropolitan area core: primary flow within an urbanized area of 50,000 and greater",473,CERVICAL SPINAL FUSION WITHOUT CC/MCC,12,61485.916667,15800.5,14528.25
10024,Jackson Hospital & Clinic Inc,Montgomery,1725 Pine Street,1,36106,AL,1.0,"Metropolitan area core: primary flow within an urbanized area of 50,000 and greater",481,HIP AND FEMUR PROCEDURES EXCEPT MAJOR JOINT WITH CC,21,60010.380952,13581.47619,12309.190476
10024,Jackson Hospital & Clinic Inc,Montgomery,1725 Pine Street,1,36106,AL,1.0,"Metropolitan area core: primary flow within an urbanized area of 50,000 and greater",522,HIP REPLACEMENT WITH PRINCIPAL DIAGNOSIS OF HIP FRACTURE WITHOUT MCC,18,63281.944444,13899.833333,12533.722222
10024,Jackson Hospital & Clinic Inc,Montgomery,1725 Pine Street,1,36106,AL,1.0,"Metropolitan area core: primary flow within an urbanized area of 50,000 and greater",552,MEDICAL BACK PROBLEMS WITHOUT MCC,18,21590.388889,7080.2222222,5157.9444444
10024,Jackson Hospital & Clinic Inc,Montgomery,1725 Pine Street,1,36106,AL,1.0,"Metropolitan area core: primary flow within an urbanized area of 50,000 and greater",603,CELLULITIS WITHOUT MCC,23,24493.869565,6666.3913043,4786.7826087
10024,Jackson Hospital & Clinic Inc,Montgomery,1725 Pine Street,1,36106,AL,1.0,"Metropolitan area core: primary flow within an urbanized area of 50,000 and greater",637,DIABETES WITH MCC,12,36111.916667,9457.75,8611.5
10024,Jackson Hospital & Clinic Inc,Montgomery,1725 Pine Street,1,36106,AL,1.0,"Metropolitan area core: primary flow within an urbanized area of 50,000 and greater",638,DIABETES WITH CC,13,23069.307692,6490.8461538,3954.3846154
10024,Jackson Hospital & Clinic Inc,Montgomery,1725 Pine Street,1,36106,AL,1.0,"Metropolitan area core: primary flow within an urbanized area of 50,000 and greater",640,"MISCELLANEOUS DISORDERS OF NUTRITION, METABOLISM, FLUIDS AND ELECTROLYTES WITH MCC",24,38516.666667,8606.8333333,7235.7083333
10024,Jackson Hospital & Clinic Inc,Montgomery,1725 Pine Street,1,36106,AL,1.0,"Metropolitan area core: primary flow within an urbanized area of 50,000 and greater",641,"MISCELLANEOUS DISORDERS OF NUTRITION, METABOLISM, FLUIDS AND ELECTROLYTES WITHOUT MCC",24,22728.541667,5711.8333333,4040.125
10024,Jackson Hospital & Clinic Inc,Montgomery,1725 Pine Street,1,36106,AL,1.0,"Metropolitan area core: primary flow within an urbanized area of 50,000 and greater",682,RENAL FAILURE WITH MCC,18,42161.611111,9891.3333333,7774.2777778
10024,Jackson Hospital & Clinic Inc,Montgomery,1725 Pine Street,1,36106,AL,1.0,"Metropolitan area core: primary flow within an urbanized area of 50,000 and greater",683,RENAL FAILURE WITH CC,25,30894.72,6098.4,4719.12
10024,Jackson Hospital & Clinic Inc,Montgomery,1725 Pine Street,1,36106,AL,1.0,"Metropolitan area core: primary flow within an urbanized area of 50,000 and greater",689,KIDNEY AND URINARY TRACT INFECTIONS WITH MCC,27,27034.592593,8136.0,6584.5185185
10024,Jackson Hospital & Clinic Inc,Montgomery,1725 Pine Street,1,36106,AL,1.0,"Metropolitan area core: primary flow within an urbanized area of 50,000 and greater",690,KIDNEY AND URINARY TRACT INFECTIONS WITHOUT MCC,31,26880.258065,5966.483871,4399.516129
10024,Jackson Hospital & Clinic Inc,Montgomery,1725 Pine Street,1,36106,AL,1.0,"Metropolitan area core: primary flow within an urbanized area of 50,000 and greater",698,OTHER KIDNEY AND URINARY TRACT DIAGNOSES WITH MCC,29,55516.758621,11487.655172,9767.2758621
10024,Jackson Hospital & Clinic Inc,Montgomery,1725 Pine Street,1,36106,AL,1.0,"Metropolitan area core: primary flow within an urbanized area of 50,000 and greater",812,RED BLOOD CELL DISORDERS WITHOUT MCC,15,26353.466667,6573.4666667,4957.8
10024,Jackson Hospital & Clinic Inc,Montgomery,1725 Pine Street,1,36106,AL,1.0,"Metropolitan area core: primary flow within an urbanized area of 50,000 and greater",853,INFECTIOUS AND PARASITIC DISEASES WITH O.R. PROCEDURES WITH MCC,26,113530.15385,34019.384615,25689.923077
10024,Jackson Hospital & Clinic Inc,Montgomery,1725 Pine Street,1,36106,AL,1.0,"Metropolitan area core: primary flow within an urbanized area of 50,000 and greater",870,SEPTICEMIA OR SEVERE SEPSIS WITH MV >96 HOURS,18,179079.44444,35707.833333,34586.0
10024,Jackson Hospital & Clinic Inc,Montgomery,1725 Pine Street,1,36106,AL,1.0,"Metropolitan area core: primary flow within an urbanized area of 50,000 and greater",871,SEPTICEMIA OR SEVERE SEPSIS WITHOUT MV >96 HOURS WITH MCC,123,63845.837398,13795.081301,12047.95122
10024,Jackson Hospital & Clinic Inc,Montgomery,1725 Pine Street,1,36106,AL,1.0,"Metropolitan area core: primary flow within an urbanized area of 50,000 and greater",872,SEPTICEMIA OR SEVERE SEPSIS WITHOUT MV >96 HOURS WITHOUT MCC,26,31961.692308,7790.4230769,5085.1923077
10024,Jackson Hospital & Clinic Inc,Montgomery,1725 Pine Street,1,36106,AL,1.0,"Metropolitan area core: primary flow within an urbanized area of 50,000 and greater",948,SIGNS AND SYMPTOMS WITHOUT MCC,16,22515.375,5853.25,3813.625
10029,East Alabama Medical Center,Opelika,2000 Pepperell Parkway,1,36801,AL,1.0,"Metropolitan area core: primary flow within an urbanized area of 50,000 and greater",36,CAROTID ARTERY STENT PROCEDURES WITHOUT CC/MCC,15,22684.866667,13417.8,9869.8666667
10029,East Alabama Medical Center,Opelika,2000 Pepperell Parkway,1,36801,AL,1.0,"Metropolitan area core: primary flow within an urbanized area of 50,000 and greater",39,EXTRACRANIAL PROCEDURES WITHOUT CC/MCC,14,17428.357143,8453.2142857,4406.7857143
10029,East Alabama Medical Center,Opelika,2000 Pepperell Parkway,1,36801,AL,1.0,"Metropolitan area core: primary flow within an urbanized area of 50,000 and greater",64,INTRACRANIAL HEMORRHAGE OR CEREBRAL INFARCTION WITH MCC,16,45278.375,15474.0,13838.5
10029,East Alabama Medical Center,Opelika,2000 Pepperell Parkway,1,36801,AL,1.0,"Metropolitan area core: primary flow within an urbanized area of 50,000 and greater",65,INTRACRANIAL HEMORRHAGE OR CEREBRAL INFARCTION WITH CC OR TPA IN 24 HOURS,30,19054.2,7784.2666667,5993.2333333
10029,East Alabama Medical Center,Opelika,2000 Pepperell Parkway,1,36801,AL,1.0,"Metropolitan area core: primary flow within an urbanized area of 50,000 and greater",177,RESPIRATORY INFECTIONS AND INFLAMMATIONS WITH MCC,52,43271.519231,12453.653846,10143.480769
10029,East Alabama Medical Center,Opelika,2000 Pepperell Parkway,1,36801,AL,1.0,"Metropolitan area core: primary flow within an urbanized area of 50,000 and greater",178,RESPIRATORY INFECTIONS AND INFLAMMATIONS WITH CC,12,32392.166667,7285.8333333,5627.25
10029,East Alabama Medical Center,Opelika,2000 Pepperell Parkway,1,36801,AL,1.0,"Metropolitan area core: primary flow within an urbanized area of 50,000 and greater",189,PULMONARY EDEMA AND RESPIRATORY FAILURE,34,35162.5,10599.647059,8124.0
10029,East Alabama Medical Center,Opelika,2000 Pepperell Parkway,1,36801,AL,1.0,"Metropolitan area core: primary flow within an urbanized area of 50,000 and greater",190,CHRONIC OBSTRUCTIVE PULMONARY DISEASE WITH MCC,39,27719.0,8343.0769231,6619.9230769
10029,East Alabama Medical Center,Opelika,2000 Pepperell Parkway,1,36801,AL,1.0,"Metropolitan area core: primary flow within an urbanized area of 50,000 and greater",191,CHRONIC OBSTRUCTIVE PULMONARY DISEASE WITH CC,20,22257.75,7138.15,5352.05
10029,East Alabama Medical Center,Opelika,2000 Pepperell Parkway,1,36801,AL,1.0,"Metropolitan area core: primary flow within an urbanized area of 50,000 and greater",193,SIMPLE PNEUMONIA AND PLEURISY WITH MCC,49,39093.938776,10402.877551,7852.1020408
10029,East Alabama Medical Center,Opelika,2000 Pepperell Parkway,1,36801,AL,1.0,"Metropolitan area core: primary flow within an urbanized area of 50,000 and greater",194,SIMPLE PNEUMONIA AND PLEURISY WITH CC,22,27532.818182,6867.6818182,4721.9545455
10029,East Alabama Medical Center,Opelika,2000 Pepperell Parkway,1,36801,AL,1.0,"Metropolitan area core: primary flow within an urbanized area of 50,000 and greater",208,RESPIRATORY SYSTEM DIAGNOSIS WITH VENTILATOR SUPPORT <=96 HOURS,17,72306.294118,46362.529412,14251.176471
10029,East Alabama Medical Center,Opelika,2000 Pepperell Parkway,1,36801,AL,1.0,"Metropolitan area core: primary flow within an urbanized area of 50,000 and greater",234,CORONARY BYPASS WITH CARDIAC CATHETERIZATION OR OPEN ABLATION WITHOUT MCC,11,94032.454545,41248.181818,30716.818182
10029,East Alabama Medical Center,Opelika,2000 Pepperell Parkway,1,36801,AL,1.0,"Metropolitan area core: primary flow within an urbanized area of 50,000 and greater",236,CORONARY BYPASS WITHOUT CARDIAC CATHETERIZATION WITHOUT MCC,14,80431.0,36562.428571,16452.642857
10029,East Alabama Medical Center,Opelika,2000 Pepperell Parkway,1,36801,AL,1.0,"Metropolitan area core: primary flow within an urbanized area of 50,000 and greater",243,PERMANENT CARDIAC PACEMAKER IMPLANT WITH CC,12,45554.416667,16585.5,14798.5
10029,East Alabama Medical Center,Opelika,2000 Pepperell Parkway,1,36801,AL,1.0,"Metropolitan area core: primary flow within an urbanized area of 50,000 and greater",252,OTHER VASCULAR PROCEDURES WITH MCC,15,47731.0,25984.6,23388.2
10029,East Alabama Medical Center,Opelika,2000 Pepperell Parkway,1,36801,AL,1.0,"Metropolitan area core: primary flow within an urbanized area of 50,000 and greater",270,OTHER MAJOR CARDIOVASCULAR PROCEDURES WITH MCC,11,102112.72727,38774.818182,36669.545455
10029,East Alabama Medical Center,Opelika,2000 Pepperell Parkway,1,36801,AL,1.0,"Metropolitan area core: primary flow within an urbanized area of 50,000 and greater",280,"ACUTE MYOCARDIAL INFARCTION, DISCHARGED ALIVE WITH MCC",11,44062.272727,15050.909091,12928.0
10029,East Alabama Medical Center,Opelika,2000 Pepperell Parkway,1,36801,AL,1.0,"Metropolitan area core: primary flow within an urbanized area of 50,000 and greater",281,"ACUTE MYOCARDIAL INFARCTION, DISCHARGED ALIVE WITH CC",11,24587.272727,11569.818182,4778.8181818
10029,East Alabama Medical Center,Opelika,2000 Pepperell Parkway,1,36801,AL,1.0,"Metropolitan area core: primary flow within an urbanized area of 50,000 and greater",286,"CIRCULATORY DISORDERS EXCEPT AMI, WITH CARDIAC CATHETERIZATION WITH MCC",20,41841.45,19157.7,14810.7
10029,East Alabama Medical Center,Opelika,2000 Pepperell Parkway,1,36801,AL,1.0,"Metropolitan area core: primary flow within an urbanized area of 50,000 and greater",287,"CIRCULATORY DISORDERS EXCEPT AMI, WITH CARDIAC CATHETERIZATION WITHOUT MCC",11,25866.272727,10132.636364,6096.7272727
10029,East Alabama Medical Center,Opelika,2000 Pepperell Parkway,1,36801,AL,1.0,"Metropolitan area core: primary flow within an urbanized area of 50,000 and greater",291,HEART FAILURE AND SHOCK WITH MCC,129,30218.496124,10317.085271,7942.6821705
10029,East Alabama Medical Center,Opelika,2000 Pepperell Parkway,1,36801,AL,1.0,"Metropolitan area core: primary flow within an urbanized area of 50,000 and greater",308,CARDIAC ARRHYTHMIA AND CONDUCTION DISORDERS WITH MCC,20,35701.85,9580.85,7535.8
10029,East Alabama Medical Center,Opelika,2000 Pepperell Parkway,1,36801,AL,1.0,"Metropolitan area core: primary flow within an urbanized area of 50,000 and greater",309,CARDIAC ARRHYTHMIA AND CONDUCTION DISORDERS WITH CC,27,18018.814815,6995.6296296,4038.4074074
10029,East Alabama Medical Center,Opelika,2000 Pepperell Parkway,1,36801,AL,1.0,"Metropolitan area core: primary flow within an urbanized area of 50,000 and greater",310,CARDIAC ARRHYTHMIA AND CONDUCTION DISORDERS WITHOUT CC/MCC,22,12530.863636,5686.8181818,2671.0
10029,East Alabama Medical Center,Opelika,2000 Pepperell Parkway,1,36801,AL,1.0,"Metropolitan area core: primary flow within an urbanized area of 50,000 and greater",312,SYNCOPE AND COLLAPSE,15,16201.333333,6793.7333333,5041.1333333
10029,East Alabama Medical Center,Opelika,2000 Pepperell Parkway,1,36801,AL,1.0,"Metropolitan area core: primary flow within an urbanized area of 50,000 and greater",314,OTHER CIRCULATORY SYSTEM DIAGNOSES WITH MCC,12,32992.166667,16427.916667,12692.333333
10029,East Alabama Medical Center,Opelika,2000 Pepperell Parkway,1,36801,AL,1.0,"Metropolitan area core: primary flow within an urbanized area of 50,000 and greater",321,PERCUTANEOUS CARDIOVASCULAR PROCEDURES WITH INTRALUMINAL DEVICE WITH MCC OR 4+ ARTERIES/,11,73293.272727,24845.0,19235.181818
10029,East Alabama Medical Center,Opelika,2000 Pepperell Parkway,1,36801,AL,1.0,"Metropolitan area core: primary flow within an urbanized area of 50,000 and greater",322,PERCUTANEOUS CARDIOVASCULAR PROCEDURES WITH INTRALUMINAL DEVICE WITHOUT MCC,15,46346.866667,16339.6,10798.733333
10029,East Alabama Medical Center,Opelika,2000 Pepperell Parkway,1,36801,AL,1.0,"Metropolitan area core: primary flow within an urbanized area of 50,000 and greater",330,MAJOR SMALL AND LARGE BOWEL PROCEDURES WITH CC,13,53579.153846,17566.769231,15486.230769
10029,East Alabama Medical Center,Opelika,2000 Pepperell Parkway,1,36801,AL,1.0,"Metropolitan area core: primary flow within an urbanized area of 50,000 and greater",377,GASTROINTESTINAL HEMORRHAGE WITH MCC,11,34310.272727,13305.272727,11098.727273
10029,East Alabama Medical Center,Opelika,2000 Pepperell Parkway,1,36801,AL,1.0,"Metropolitan area core: primary flow within an urbanized area of 50,000 and greater",378,GASTROINTESTINAL HEMORRHAGE WITH CC,46,26378.673913,8147.5434783,5890.7608696
10029,East Alabama Medical Center,Opelika,2000 Pepperell Parkway,1,36801,AL,1.0,"Metropolitan area core: primary flow within an urbanized area of 50,000 and greater",388,GASTROINTESTINAL OBSTRUCTION WITH MCC,11,40510.909091,13061.272727,11131.727273
10029,East Alabama Medical Center,Opelika,2000 Pepperell Parkway,1,36801,AL,1.0,"Metropolitan area core: primary flow within an urbanized area of 50,000 and greater",389,GASTROINTESTINAL OBSTRUCTION WITH CC,21,16483.285714,6441.4761905,5044.5238095
10029,East Alabama Medical Center,Opelika,2000 Pepperell Parkway,1,36801,AL,1.0,"Metropolitan area core: primary flow within an urbanized area of 50,000 and greater",392,"ESOPHAGITIS, GASTROENTERITIS AND MISCELLANEOUS DIGESTIVE DISORDERS WITHOUT MCC",33,18134.969697,7650.8181818,4175.4848485
10029,East Alabama Medical Center,Opelika,2000 Pepperell Parkway,1,36801,AL,1.0,"Metropolitan area core: primary flow within an urbanized area of 50,000 and greater",394,OTHER DIGESTIVE SYSTEM DIAGNOSES WITH CC,16,23374.1875,7483.1875,5783.9375
10029,East Alabama Medical Center,Opelika,2000 Pepperell Parkway,1,36801,AL,1.0,"Metropolitan area core: primary flow within an urbanized area of 50,000 and greater",442,"DISORDERS OF LIVER EXCEPT MALIGNANCY, CIRRHOSIS OR ALCOHOLIC HEPATITIS WITH CC",12,25972.083333,8956.5833333,5731.5
10029,East Alabama Medical Center,Opelika,2000 Pepperell Parkway,1,36801,AL,1.0,"Metropolitan area core: primary flow within an urbanized area of 50,000 and greater",462,BILATERAL OR MULTIPLE MAJOR JOINT PROCEDURES OF LOWER EXTREMITY WITHOUT MCC,12,43360.083333,21512.416667,17198.416667
10029,East Alabama Medical Center,Opelika,2000 Pepperell Parkway,1,36801,AL,1.0,"Metropolitan area core: primary flow within an urbanized area of 50,000 and greater",470,MAJOR HIP AND KNEE JOINT REPLACEMENT OR REATTACHMENT OF LOWER EXTREMITY WITHOUT MCC,160,30585.8375,15074.1375,10583.31875
10029,East Alabama Medical Center,Opelika,2000 Pepperell Parkway,1,36801,AL,1.0,"Metropolitan area core: primary flow within an urbanized area of 50,000 and greater",481,HIP AND FEMUR PROCEDURES EXCEPT MAJOR JOINT WITH CC,26,39501.884615,16123.0,12981.0
10029,East Alabama Medical Center,Opelika,2000 Pepperell Parkway,1,36801,AL,1.0,"Metropolitan area core: primary flow within an urbanized area of 50,000 and greater",482,HIP AND FEMUR PROCEDURES EXCEPT MAJOR JOINT WITHOUT CC/MCC,12,26768.0,11683.333333,9886.4166667
10029,East Alabama Medical Center,Opelika,2000 Pepperell Parkway,1,36801,AL,1.0,"Metropolitan area core: primary flow within an urbanized area of 50,000 and greater",522,HIP REPLACEMENT WITH PRINCIPAL DIAGNOSIS OF HIP FRACTURE WITHOUT MCC,35,40633.085714,15078.4,13161.257143
10029,East Alabama Medical Center,Opelika,2000 Pepperell Parkway,1,36801,AL,1.0,"Metropolitan area core: primary flow within an urbanized area of 50,000 and greater",552,MEDICAL BACK PROBLEMS WITHOUT MCC,15,28303.333333,10383.066667,6728.2666667
10029,East Alabama Medical Center,Opelika,2000 Pepperell Parkway,1,36801,AL,1.0,"Metropolitan area core: primary flow within an urbanized area of 50,000 and greater",603,CELLULITIS WITHOUT MCC,14,25381.857143,7145.5,5888.6428571
10029,East Alabama Medical Center,Opelika,2000 Pepperell Parkway,1,36801,AL,1.0,"Metropolitan area core: primary flow within an urbanized area of 50,000 and greater",637,DIABETES WITH MCC,11,29587.363636,11450.363636,8103.0909091
10029,East Alabama Medical Center,Opelika,2000 Pepperell Parkway,1,36801,AL,1.0,"Metropolitan area core: primary flow within an urbanized area of 50,000 and greater",638,DIABETES WITH CC,16,17837.8125,7545.625,4785.3125
10029,East Alabama Medical Center,Opelika,2000 Pepperell Parkway,1,36801,AL,1.0,"Metropolitan area core: primary flow within an urbanized area of 50,000 and greater",640,"MISCELLANEOUS DISORDERS OF NUTRITION, METABOLISM, FLUIDS AND ELECTROLYTES WITH MCC",18,22146.611111,9619.3333333,6669.7777778
10029,East Alabama Medical Center,Opelika,2000 Pepperell Parkway,1,36801,AL,1.0,"Metropolitan area core: primary flow within an urbanized area of 50,000 and greater",641,"MISCELLANEOUS DISORDERS OF NUTRITION, METABOLISM, FLUIDS AND ELECTROLYTES WITHOUT MCC",31,24561.354839,8967.7096774,5952.1290323
10029,East Alabama Medical Center,Opelika,2000 Pepperell Parkway,1,36801,AL,1.0,"Metropolitan area core: primary flow within an urbanized area of 50,000 and greater",682,RENAL FAILURE WITH MCC,22,42624.5,10881.0,9087.3181818
10029,East Alabama Medical Center,Opelika,2000 Pepperell Parkway,1,36801,AL,1.0,"Metropolitan area core: primary flow within an urbanized area of 50,000 and greater",683,RENAL FAILURE WITH CC,40,23694.1,7238.925,5134.35
10029,East Alabama Medical Center,Opelika,2000 Pepperell Parkway,1,36801,AL,1.0,"Metropolitan area core: primary flow within an urbanized area of 50,000 and greater",689,KIDNEY AND URINARY TRACT INFECTIONS WITH MCC,28,25693.392857,8896.1428571,7288.7142857
10029,East Alabama Medical Center,Opelika,2000 Pepperell Parkway,1,36801,AL,1.0,"Metropolitan area core: primary flow within an urbanized area of 50,000 and greater",690,KIDNEY AND URINARY TRACT INFECTIONS WITHOUT MCC,46,18351.065217,6558.0217391,4517.826087
10029,East Alabama Medical Center,Opelika,2000 Pepperell Parkway,1,36801,AL,1.0,"Metropolitan area core: primary flow within an urbanized area of 50,000 and greater",699,OTHER KIDNEY AND URINARY TRACT DIAGNOSES WITH CC,13,19041.538462,7953.2307692,5595.7692308
10029,East Alabama Medical Center,Opelika,2000 Pepperell Parkway,1,36801,AL,1.0,"Metropolitan area core: primary flow within an urbanized area of 50,000 and greater",812,RED BLOOD CELL DISORDERS WITHOUT MCC,29,24343.344828,7407.4137931,5923.7241379
10029,East Alabama Medical Center,Opelika,2000 Pepperell Parkway,1,36801,AL,1.0,"Metropolitan area core: primary flow within an urbanized area of 50,000 and greater",853,INFECTIOUS AND PARASITIC DISEASES WITH O.R. PROCEDURES WITH MCC,27,159496.81481,67643.888889,49358.592593
10029,East Alabama Medical Center,Opelika,2000 Pepperell Parkway,1,36801,AL,1.0,"Metropolitan area core: primary flow within an urbanized area of 50,000 and greater",854,INFECTIOUS AND PARASITIC DISEASES WITH O.R. PROCEDURES WITH CC,15,58658.066667,16201.266667,13899.933333
10029,East Alabama Medical Center,Opelika,2000 Pepperell Parkway,1,36801,AL,1.0,"Metropolitan area core: primary flow within an urbanized area of 50,000 and greater",871,SEPTICEMIA OR SEVERE SEPSIS WITHOUT MV >96 HOURS WITH MCC,132,46367.916667,16182.234848,11990.583333
10029,East Alabama Medical Center,Opelika,2000 Pepperell Parkway,1,36801,AL,1.0,"Metropolitan area core: primary flow within an urbanized area of 50,000 and greater",872,SEPTICEMIA OR SEVERE SEPSIS WITHOUT MV >96 HOURS WITHOUT MCC,37,34157.837838,9983.3783784,6053.7297297
10029,East Alabama Medical Center,Opelika,2000 Pepperell Parkway,1,36801,AL,1.0,"Metropolitan area core: primary flow within an urbanized area of 50,000 and greater",885,PSYCHOSES,31,19535.935484,9837.516129,7828.516129
10033,University Of Alabama Hospital,Birmingham,619 South 19th Street,1,35233,AL,1.0,"Metropolitan area core: primary flow within an urbanized area of 50,000 and greater",1,HEART TRANSPLANT OR IMPLANT OF HEART ASSIST SYSTEM WITH MCC,11,1346295.1818,340531.54545,242985.09091
10033,University Of Alabama Hospital,Birmingham,619 South 19th Street,1,35233,AL,1.0,"Metropolitan area core: primary flow within an urbanized area of 50,000 and greater",3,"ECMO OR TRACHEOSTOMY WITH MV >96 HOURS OR PRINCIPAL DIAGNOSIS EXCEPT FACE, MOUTH AND NEC",53,1282614.6415,243294.41509,180552.9434
10033,University Of Alabama Hospital,Birmingham,619 South 19th Street,1,35233,AL,1.0,"Metropolitan area core: primary flow within an urbanized area of 50,000 and greater",4,"TRACHEOSTOMY WITH MV >96 HOURS OR PRINCIPAL DIAGNOSIS EXCEPT FACE, MOUTH AND NECK WITHOU",13,542522.0,130438.15385,94654.923077
10033,University Of Alabama Hospital,Birmingham,619 South 19th Street,1,35233,AL,1.0,"Metropolitan area core: primary flow within an urbanized area of 50,000 and greater",5,LIVER TRANSPLANT WITH MCC OR INTESTINAL TRANSPLANT,11,722885.0,157533.18182,78908.090909
10033,University Of Alabama Hospital,Birmingham,619 South 19th Street,1,35233,AL,1.0,"Metropolitan area core: primary flow within an urbanized area of 50,000 and greater",6,LIVER TRANSPLANT WITHOUT MCC,13,335550.92308,91698.384615,24416.384615
10033,University Of Alabama Hospital,Birmingham,619 South 19th Street,1,35233,AL,1.0,"Metropolitan area core: primary flow within an urbanized area of 50,000 and greater",11,"TRACHEOSTOMY FOR FACE, MOUTH AND NECK DIAGNOSES OR LARYNGECTOMY WITH MCC",12,308390.58333,62601.416667,35136.666667
10033,University Of Alabama Hospital,Birmingham,619 South 19th Street,1,35233,AL,1.0,"Metropolitan area core: primary flow within an urbanized area of 50,000 and greater",12,"TRACHEOSTOMY FOR FACE, MOUTH AND NECK DIAGNOSES OR LARYNGECTOMY WITH CC",23,200667.13043,39194.695652,27243.956522
10033,University Of Alabama Hospital,Birmingham,619 South 19th Street,1,35233,AL,1.0,"Metropolitan area core: primary flow within an urbanized area of 50,000 and greater",13,"TRACHEOSTOMY FOR FACE, MOUTH AND NECK DIAGNOSES OR LARYNGECTOMY WITHOUT CC/MCC",21,148184.66667,26253.238095,17720.190476
10033,University Of Alabama Hospital,Birmingham,619 South 19th Street,1,35233,AL,1.0,"Metropolitan area core: primary flow within an urbanized area of 50,000 and greater",14,ALLOGENEIC BONE MARROW TRANSPLANT,19,397369.10526,127626.52632,82480.473684
10033,University Of Alabama Hospital,Birmingham,619 South 19th Street,1,35233,AL,1.0,"Metropolitan area core: primary flow within an urbanized area of 50,000 and greater",16,AUTOLOGOUS BONE MARROW TRANSPLANT WITH CC/MCC,36,184482.44444,67511.555556,39586.611111
10033,University Of Alabama Hospital,Birmingham,619 South 19th Street,1,35233,AL,1.0,"Metropolitan area core: primary flow within an urbanized area of 50,000 and greater",18,CHIMERIC ANTIGEN RECEPTOR (CAR) T-CELL AND OTHER IMMUNOTHERAPIES,45,2435968.5778,465197.91111,458298.33333
10033,University Of Alabama Hospital,Birmingham,619 South 19th Street,1,35233,AL,1.0,"Metropolitan area core: primary flow within an urbanized area of 50,000 and greater",23,CRANIOTOMY WITH MAJOR DEVICE IMPLANT OR ACUTE COMPLEX CNS PRINCIPAL DIAGNOSIS WITH MCC O,51,250217.94118,61238.784314,37968.117647
10033,University Of Alabama Hospital,Birmingham,619 South 19th Street,1,35233,AL,1.0,"Metropolitan area core: primary flow within an urbanized area of 50,000 and greater",24,CRANIOTOMY WITH MAJOR DEVICE IMPLANT OR ACUTE COMPLEX CNS PRINCIPAL DIAGNOSIS WITHOUT MC,15,134016.4,30209.666667,23594.0
10033,University Of Alabama Hospital,Birmingham,619 South 19th Street,1,35233,AL,1.0,"Metropolitan area core: primary flow within an urbanized area of 50,000 and greater",25,CRANIOTOMY AND ENDOVASCULAR INTRACRANIAL PROCEDURES WITH MCC,95,218684.34737,41306.0,29777.189474
10033,University Of Alabama Hospital,Birmingham,619 South 19th Street,1,35233,AL,1.0,"Metropolitan area core: primary flow within an urbanized area of 50,000 and greater",26,CRANIOTOMY AND ENDOVASCULAR INTRACRANIAL PROCEDURES WITH CC,29,124928.7931,28899.586207,19693.172414
10033,University Of Alabama Hospital,Birmingham,619 South 19th Street,1,35233,AL,1.0,"Metropolitan area core: primary flow within an urbanized area of 50,000 and greater",27,CRANIOTOMY AND ENDOVASCULAR INTRACRANIAL PROCEDURES WITHOUT CC/MCC,66,102425.07576,21837.712121,16623.712121
10033,University Of Alabama Hospital,Birmingham,619 South 19th Street,1,35233,AL,1.0,"Metropolitan area core: primary flow within an urbanized area of 50,000 and greater",32,VENTRICULAR SHUNT PROCEDURES WITH CC,12,100949.5,23319.833333,12461.083333
10033,University Of Alabama Hospital,Birmingham,619 South 19th Street,1,35233,AL,1.0,"Metropolitan area core: primary flow within an urbanized area of 50,000 and greater",33,VENTRICULAR SHUNT PROCEDURES WITHOUT CC/MCC,14,71898.0,14790.428571,12025.285714
10033,University Of Alabama Hospital,Birmingham,619 South 19th Street,1,35233,AL,1.0,"Metropolitan area core: primary flow within an urbanized area of 50,000 and greater",39,EXTRACRANIAL PROCEDURES WITHOUT CC/MCC,11,77248.545455,11236.909091,8884.3636364
10033,University Of Alabama Hospital,Birmingham,619 South 19th Street,1,35233,AL,1.0,"Metropolitan area core: primary flow within an urbanized area of 50,000 and greater",54,NERVOUS SYSTEM NEOPLASMS WITH MCC,26,89357.0,18795.307692,11121.5
10033,University Of Alabama Hospital,Birmingham,619 South 19th Street,1,35233,AL,1.0,"Metropolitan area core: primary flow within an urbanized area of 50,000 and greater",57,DEGENERATIVE NERVOUS SYSTEM DISORDERS WITHOUT MCC,30,66678.866667,18809.633333,8927.1333333
10033,University Of Alabama Hospital,Birmingham,619 South 19th Street,1,35233,AL,1.0,"Metropolitan area core: primary flow within an urbanized area of 50,000 and greater",64,INTRACRANIAL HEMORRHAGE OR CEREBRAL INFARCTION WITH MCC,119,117852.11765,22870.168067,15399.268908
10033,University Of Alabama Hospital,Birmingham,619 South 19th Street,1,35233,AL,1.0,"Metropolitan area core: primary flow within an urbanized area of 50,000 and greater",65,INTRACRANIAL HEMORRHAGE OR CEREBRAL INFARCTION WITH CC OR TPA IN 24 HOURS,55,66269.090909,13337.872727,7343.5454545
10033,University Of Alabama Hospital,Birmingham,619 South 19th Street,1,35233,AL,1.0,"Metropolitan area core: primary flow within an urbanized area of 50,000 and greater",66,INTRACRANIAL HEMORRHAGE OR CEREBRAL INFARCTION WITHOUT CC/MCC,19,43119.842105,8646.7368421,5443.9473684
10033,University Of Alabama Hospital,Birmingham,619 South 19th Street,1,35233,AL,1.0,"Metropolitan area core: primary flow within an urbanized area of 50,000 and greater",69,TRANSIENT ISCHEMIA WITHOUT THROMBOLYTIC,12,38483.333333,9226.75,5929.9166667
10033,University Of Alabama Hospital,Birmingham,619 South 19th Street,1,35233,AL,1.0,"Metropolitan area core: primary flow within an urbanized area of 50,000 and greater",70,OTHER CEREBROVASCULAR DISORDERS WITH MCC,42,98807.571429,22556.261905,13397.52381
10033,University Of Alabama Hospital,Birmingham,619 South 19th Street,1,35233,AL,1.0,"Metropolitan area core: primary flow within an urbanized area of 50,000 and greater",71,OTHER CEREBROVASCULAR DISORDERS WITH CC,35,45648.457143,12394.114286,8313.6
10033,University Of Alabama Hospital,Birmingham,619 South 19th Street,1,35233,AL,1.0,"Metropolitan area core: primary flow within an urbanized area of 50,000 and greater",73,CRANIAL AND PERIPHERAL NERVE DISORDERS WITH MCC,15,119113.33333,30930.4,16626.066667
10033,University Of Alabama Hospital,Birmingham,619 South 19th Street,1,35233,AL,1.0,"Metropolitan area core: primary flow within an urbanized area of 50,000 and greater",74,CRANIAL AND PERIPHERAL NERVE DISORDERS WITHOUT MCC,20,80869.15,16575.4,6324.9
10033,University Of Alabama Hospital,Birmingham,619 South 19th Street,1,35233,AL,1.0,"Metropolitan area core: primary flow within an urbanized area of 50,000 and greater",82,TRAUMATIC STUPOR AND COMA >1 HOUR WITH MCC,31,135771.80645,22843.0,17518.548387
10033,University Of Alabama Hospital,Birmingham,619 South 19th Street,1,35233,AL,1.0,"Metropolitan area core: primary flow within an urbanized area of 50,000 and greater",83,TRAUMATIC STUPOR AND COMA >1 HOUR WITH CC,28,126903.21429,21901.928571,9847.0357143
10033,University Of Alabama Hospital,Birmingham,619 South 19th Street,1,35233,AL,1.0,"Metropolitan area core: primary flow within an urbanized area of 50,000 and greater",85,TRAUMATIC STUPOR AND COMA <1 HOUR WITH MCC,12,120862.66667,20988.916667,16105.25
10033,University Of Alabama Hospital,Birmingham,619 South 19th Street,1,35233,AL,1.0,"Metropolitan area core: primary flow within an urbanized area of 50,000 and greater",86,TRAUMATIC STUPOR AND COMA <1 HOUR WITH CC,17,72236.294118,12928.294118,7834.2352941
10033,University Of Alabama Hospital,Birmingham,619 South 19th Street,1,35233,AL,1.0,"Metropolitan area core: primary flow within an urbanized area of 50,000 and greater",87,TRAUMATIC STUPOR AND COMA <1 HOUR WITHOUT CC/MCC,13,82580.846154,10326.307692,6915.3076923
10033,University Of Alabama Hospital,Birmingham,619 South 19th Street,1,35233,AL,1.0,"Metropolitan area core: primary flow within an urbanized area of 50,000 and greater",91,OTHER DISORDERS OF NERVOUS SYSTEM WITH MCC,24,124160.45833,27718.625,14805.416667
10033,University Of Alabama Hospital,Birmingham,619 South 19th Street,1,35233,AL,1.0,"Metropolitan area core: primary flow within an urbanized area of 50,000 and greater",92,OTHER DISORDERS OF NERVOUS SYSTEM WITH CC,26,51397.961538,13184.076923,7978.1153846
10033,University Of Alabama Hospital,Birmingham,619 South 19th Street,1,35233,AL,1.0,"Metropolitan area core: primary flow within an urbanized area of 50,000 and greater",100,SEIZURES WITH MCC,44,172578.47727,29900.477273,15948.363636
10033,University Of Alabama Hospital,Birmingham,619 South 19th Street,1,35233,AL,1.0,"Metropolitan area core: primary flow within an urbanized area of 50,000 and greater",101,SEIZURES WITHOUT MCC,50,42019.9,11712.0,7097.28
10033,University Of Alabama Hospital,Birmingham,619 South 19th Street,1,35233,AL,1.0,"Metropolitan area core: primary flow within an urbanized area of 50,000 and greater",141,MAJOR HEAD AND NECK PROCEDURES WITH CC,24,104633.5,20054.708333,13612.833333
10033,University Of Alabama Hospital,Birmingham,619 South 19th Street,1,35233,AL,1.0,"Metropolitan area core: primary flow within an urbanized area of 50,000 and greater",142,MAJOR HEAD AND NECK PROCEDURES WITHOUT CC/MCC,21,92578.809524,15876.47619,10967.190476
10033,University Of Alabama Hospital,Birmingham,619 South 19th Street,1,35233,AL,1.0,"Metropolitan area core: primary flow within an urbanized area of 50,000 and greater",144,"OTHER EAR, NOSE, MOUTH AND THROAT O.R. PROCEDURES WITH CC",12,66213.166667,16357.416667,12172.916667
10033,University Of Alabama Hospital,Birmingham,619 South 19th Street,1,35233,AL,1.0,"Metropolitan area core: primary flow within an urbanized area of 50,000 and greater",145,"OTHER EAR, NOSE, MOUTH AND THROAT O.R. PROCEDURES WITHOUT CC/MCC",18,68146.5,12620.5,8565.6111111
10033,University Of Alabama Hospital,Birmingham,619 South 19th Street,1,35233,AL,1.0,"Metropolitan area core: primary flow within an urbanized area of 50,000 and greater",163,MAJOR CHEST PROCEDURES WITH MCC,14,192239.35714,43456.142857,30652.642857
10033,University Of Alabama Hospital,Birmingham,619 South 19th Street,1,35233,AL,1.0,"Metropolitan area core: primary flow within an urbanized area of 50,000 and greater",164,MAJOR CHEST PROCEDURES WITH CC,35,101960.8,25274.542857,15256.971429
10033,University Of Alabama Hospital,Birmingham,619 South 19th Street,1,35233,AL,1.0,"Metropolitan area core: primary flow within an urbanized area of 50,000 and greater",165,MAJOR CHEST PROCEDURES WITHOUT CC/MCC,27,75368.407407,18026.740741,11848.666667
10033,University Of Alabama Hospital,Birmingham,619 South 19th Street,1,35233,AL,1.0,"Metropolitan area core: primary flow within an urbanized area of 50,000 and greater",167,OTHER RESPIRATORY SYSTEM O.R. PROCEDURES WITH CC,11,87835.909091,18130.818182,13234.090909
10033,University Of Alabama Hospital,Birmingham,619 South 19th Street,1,35233,AL,1.0,"Metropolitan area core: primary flow within an urbanized area of 50,000 and greater",175,PULMONARY EMBOLISM WITH MCC OR ACUTE COR PULMONALE,25,53278.08,13408.2,9921.12
10033,University Of Alabama Hospital,Birmingham,619 South 19th Street,1,35233,AL,1.0,"Metropolitan area core: primary flow within an urbanized area of 50,000 and greater",176,PULMONARY EMBOLISM WITHOUT MCC,15,50914.133333,10392.2,6779.4
10033,University Of Alabama Hospital,Birmingham,619 South 19th Street,1,35233,AL,1.0,"Metropolitan area core: primary flow within an urbanized area of 50,000 and greater",177,RESPIRATORY INFECTIONS AND INFLAMMATIONS WITH MCC,79,82548.481013,20527.35443,12644.607595
10033,University Of Alabama Hospital,Birmingham,619 South 19th Street,1,35233,AL,1.0,"Metropolitan area core: primary flow within an urbanized area of 50,000 and greater",178,RESPIRATORY INFECTIONS AND INFLAMMATIONS WITH CC,37,62952.189189,16698.27027,6435.1891892
10033,University Of Alabama Hospital,Birmingham,619 South 19th Street,1,35233,AL,1.0,"Metropolitan area core: primary flow within an urbanized area of 50,000 and greater",184,MAJOR CHEST TRAUMA WITH CC,14,95628.071429,13967.928571,8206.7142857
10033,University Of Alabama Hospital,Birmingham,619 South 19th Street,1,35233,AL,1.0,"Metropolitan area core: primary flow within an urbanized area of 50,000 and greater",186,PLEURAL EFFUSION WITH MCC,15,77798.2,21094.2,10709.6
10033,University Of Alabama Hospital,Birmingham,619 South 19th Street,1,35233,AL,1.0,"Metropolitan area core: primary flow within an urbanized area of 50,000 and greater",189,PULMONARY EDEMA AND RESPIRATORY FAILURE,88,88601.534091,16388.977273,9677.125
10033,University Of Alabama Hospital,Birmingham,619 South 19th Street,1,35233,AL,1.0,"Metropolitan area core: primary flow within an urbanized area of 50,000 and greater",190,CHRONIC OBSTRUCTIVE PULMONARY DISEASE WITH MCC,43,55138.023256,13437.837209,8275.5813953
10033,University Of Alabama Hospital,Birmingham,619 South 19th Street,1,35233,AL,1.0,"Metropolitan area core: primary flow within an urbanized area of 50,000 and greater",191,CHRONIC OBSTRUCTIVE PULMONARY DISEASE WITH CC,29,62031.448276,13516.206897,6257.3448276
10033,University Of Alabama Hospital,Birmingham,619 South 19th Street,1,35233,AL,1.0,"Metropolitan area core: primary flow within an urbanized area of 50,000 and greater",193,SIMPLE PNEUMONIA AND PLEURISY WITH MCC,76,54927.342105,15259.328947,9384.4868421
10033,University Of Alabama Hospital,Birmingham,619 South 19th Street,1,35233,AL,1.0,"Metropolitan area core: primary flow within an urbanized area of 50,000 and greater",194,SIMPLE PNEUMONIA AND PLEURISY WITH CC,24,41233.708333,11272.333333,6293.7916667
10033,University Of Alabama Hospital,Birmingham,619 South 19th Street,1,35233,AL,1.0,"Metropolitan area core: primary flow within an urbanized area of 50,000 and greater",196,INTERSTITIAL LUNG DISEASE WITH MCC,45,175579.06667,32923.133333,22323.577778
10033,University Of Alabama Hospital,Birmingham,619 South 19th Street,1,35233,AL,1.0,"Metropolitan area core: primary flow within an urbanized area of 50,000 and greater",205,OTHER RESPIRATORY SYSTEM DIAGNOSES WITH MCC,24,102053.375,20053.333333,12368.708333
10033,University Of Alabama Hospital,Birmingham,619 South 19th Street,1,35233,AL,1.0,"Metropolitan area core: primary flow within an urbanized area of 50,000 and greater",207,RESPIRATORY SYSTEM DIAGNOSIS WITH VENTILATOR SUPPORT >96 HOURS,23,427832.0,86714.217391,64615.608696
10033,University Of Alabama Hospital,Birmingham,619 South 19th Street,1,35233,AL,1.0,"Metropolitan area core: primary flow within an urbanized area of 50,000 and greater",208,RESPIRATORY SYSTEM DIAGNOSIS WITH VENTILATOR SUPPORT <=96 HOURS,36,168457.11111,26667.138889,20351.027778
10033,University Of Alabama Hospital,Birmingham,619 South 19th Street,1,35233,AL,1.0,"Metropolitan area core: primary flow within an urbanized area of 50,000 and greater",216,CARDIAC VALVE AND OTHER MAJOR CARDIOTHORACIC PROCEDURES WITH CARDIAC CATHETERIZATION WIT,24,459515.66667,92767.125,72771.625
10033,University Of Alabama Hospital,Birmingham,619 South 19th Street,1,35233,AL,1.0,"Metropolitan area core: primary flow within an urbanized area of 50,000 and greater",217,CARDIAC VALVE AND OTHER MAJOR CARDIOTHORACIC PROCEDURES WITH CARDIAC CATHETERIZATION WIT,12,274162.58333,54698.75,49920.0
10033,University Of Alabama Hospital,Birmingham,619 South 19th Street,1,35233,AL,1.0,"Metropolitan area core: primary flow within an urbanized area of 50,000 and greater",219,CARDIAC VALVE AND OTHER MAJOR CARDIOTHORACIC PROCEDURES WITHOUT CARDIAC CATHETERIZATION,78,477875.01282,95769.705128,72333.230769
10033,University Of Alabama Hospital,Birmingham,619 South 19th Street,1,35233,AL,1.0,"Metropolitan area core: primary flow within an urbanized area of 50,000 and greater",220,CARDIAC VALVE AND OTHER MAJOR CARDIOTHORACIC PROCEDURES WITHOUT CARDIAC CATHETERIZATION,99,243581.24242,55392.060606,33592.848485
10033,University Of Alabama Hospital,Birmingham,619 South 19th Street,1,35233,AL,1.0,"Metropolitan area core: primary flow within an urbanized area of 50,000 and greater",233,CORONARY BYPASS WITH CARDIAC CATHETERIZATION OR OPEN ABLATION WITH MCC,28,331154.60714,70193.857143,50409.5
10033,University Of Alabama Hospital,Birmingham,619 South 19th Street,1,35233,AL,1.0,"Metropolitan area core: primary flow within an urbanized area of 50,000 and greater",235,CORONARY BYPASS WITHOUT CARDIAC CATHETERIZATION WITH MCC,79,265144.78481,56306.139241,38754.56962
10033,University Of Alabama Hospital,Birmingham,619 South 19th Street,1,35233,AL,1.0,"Metropolitan area core: primary flow within an urbanized area of 50,000 and greater",236,CORONARY BYPASS WITHOUT CARDIAC CATHETERIZATION WITHOUT MCC,86,196679.72093,40388.744186,25929.034884
10033,University Of Alabama Hospital,Birmingham,619 South 19th Street,1,35233,AL,1.0,"Metropolitan area core: primary flow within an urbanized area of 50,000 and greater",240,AMPUTATION FOR CIRCULATORY SYSTEM DISORDERS EXCEPT UPPER LIMB AND TOE WITH CC,11,198980.18182,32909.272727,23421.272727
10033,University Of Alabama Hospital,Birmingham,619 South 19th Street,1,35233,AL,1.0,"Metropolitan area core: primary flow within an urbanized area of 50,000 and greater",252,OTHER VASCULAR PROCEDURES WITH MCC,24,189959.25,36817.666667,25795.416667
10033,University Of Alabama Hospital,Birmingham,619 South 19th Street,1,35233,AL,1.0,"Metropolitan area core: primary flow within an urbanized area of 50,000 and greater",253,OTHER VASCULAR PROCEDURES WITH CC,24,143396.08333,25693.25,18029.0
10033,University Of Alabama Hospital,Birmingham,619 South 19th Street,1,35233,AL,1.0,"Metropolitan area core: primary flow within an urbanized area of 50,000 and greater",254,OTHER VASCULAR PROCEDURES WITHOUT CC/MCC,13,106929.0,18265.307692,12086.0
10033,University Of Alabama Hospital,Birmingham,619 South 19th Street,1,35233,AL,1.0,"Metropolitan area core: primary flow within an urbanized area of 50,000 and greater",266,ENDOVASCULAR CARDIAC VALVE REPLACEMENT AND SUPPLEMENT PROCEDURES WITH MCC,73,169848.20548,48384.767123,45155.575342
10033,University Of Alabama Hospital,Birmingham,619 South 19th Street,1,35233,AL,1.0,"Metropolitan area core: primary flow within an urbanized area of 50,000 and greater",267,ENDOVASCULAR CARDIAC VALVE REPLACEMENT AND SUPPLEMENT PROCEDURES WITHOUT MCC,132,137744.75758,36539.674242,33449.575758
10033,University Of Alabama Hospital,Birmingham,619 South 19th Street,1,35233,AL,1.0,"Metropolitan area core: primary flow within an urbanized area of 50,000 and greater",268,AORTIC AND HEART ASSIST PROCEDURES EXCEPT PULSATION BALLOON WITH MCC,13,329884.53846,97791.307692,48628.076923
10033,University Of Alabama Hospital,Birmingham,619 South 19th Street,1,35233,AL,1.0,"Metropolitan area core: primary flow within an urbanized area of 50,000 and greater",269,AORTIC AND HEART ASSIST PROCEDURES EXCEPT PULSATION BALLOON WITHOUT MCC,36,197595.55556,39239.138889,27351.194444
10033,University Of Alabama Hospital,Birmingham,619 South 19th Street,1,35233,AL,1.0,"Metropolitan area core: primary flow within an urbanized area of 50,000 and greater",270,OTHER MAJOR CARDIOVASCULAR PROCEDURES WITH MCC,38,265625.52632,54083.289474,39317.736842
10033,University Of Alabama Hospital,Birmingham,619 South 19th Street,1,35233,AL,1.0,"Metropolitan area core: primary flow within an urbanized area of 50,000 and greater",271,OTHER MAJOR CARDIOVASCULAR PROCEDURES WITH CC,19,182216.94737,30314.947368,24201.263158
10033,University Of Alabama Hospital,Birmingham,619 South 19th Street,1,35233,AL,1.0,"Metropolitan area core: primary flow within an urbanized area of 50,000 and greater",273,PERCUTANEOUS AND OTHER INTRACARDIAC PROCEDURES WITH MCC,19,210172.21053,43097.263158,27773.315789
10033,University Of Alabama Hospital,Birmingham,619 South 19th Street,1,35233,AL,1.0,"Metropolitan area core: primary flow within an urbanized area of 50,000 and greater",274,PERCUTANEOUS AND OTHER INTRACARDIAC PROCEDURES WITHOUT MCC,162,97106.191358,26604.018519,22419.895062
10033,University Of Alabama Hospital,Birmingham,619 South 19th Street,1,35233,AL,1.0,"Metropolitan area core: primary flow within an urbanized area of 50,000 and greater",280,"ACUTE MYOCARDIAL INFARCTION, DISCHARGED ALIVE WITH MCC",104,89153.548077,20143.759615,12664.634615
10033,University Of Alabama Hospital,Birmingham,619 South 19th Street,1,35233,AL,1.0,"Metropolitan area core: primary flow within an urbanized area of 50,000 and greater",281,"ACUTE MYOCARDIAL INFARCTION, DISCHARGED ALIVE WITH CC",46,50082.673913,11070.021739,7111.173913
10033,University Of Alabama Hospital,Birmingham,619 South 19th Street,1,35233,AL,1.0,"Metropolitan area core: primary flow within an urbanized area of 50,000 and greater",282,"ACUTE MYOCARDIAL INFARCTION, DISCHARGED ALIVE WITHOUT CC/MCC",14,42491.857143,8421.7142857,6073.1428571
10033,University Of Alabama Hospital,Birmingham,619 South 19th Street,1,35233,AL,1.0,"Metropolitan area core: primary flow within an urbanized area of 50,000 and greater",283,"ACUTE MYOCARDIAL INFARCTION, EXPIRED WITH MCC",13,145134.30769,24680.0,16428.461538
10033,University Of Alabama Hospital,Birmingham,619 South 19th Street,1,35233,AL,1.0,"Metropolitan area core: primary flow within an urbanized area of 50,000 and greater",286,"CIRCULATORY DISORDERS EXCEPT AMI, WITH CARDIAC CATHETERIZATION WITH MCC",96,111581.40625,27916.583333,15013.552083
10033,University Of Alabama Hospital,Birmingham,619 South 19th Street,1,35233,AL,1.0,"Metropolitan area core: primary flow within an urbanized area of 50,000 and greater",287,"CIRCULATORY DISORDERS EXCEPT AMI, WITH CARDIAC CATHETERIZATION WITHOUT MCC",48,93444.666667,19114.229167,8370.0833333
10033,University Of Alabama Hospital,Birmingham,619 South 19th Street,1,35233,AL,1.0,"Metropolitan area core: primary flow within an urbanized area of 50,000 and greater",291,HEART FAILURE AND SHOCK WITH MCC,167,56844.203593,17214.670659,9685.2634731
10033,University Of Alabama Hospital,Birmingham,619 South 19th Street,1,35233,AL,1.0,"Metropolitan area core: primary flow within an urbanized area of 50,000 and greater",292,HEART FAILURE AND SHOCK WITH CC,28,57768.75,12798.678571,6583.2142857
10033,University Of Alabama Hospital,Birmingham,619 South 19th Street,1,35233,AL,1.0,"Metropolitan area core: primary flow within an urbanized area of 50,000 and greater",299,PERIPHERAL VASCULAR DISORDERS WITH MCC,22,99908.136364,22170.090909,14767.090909
10033,University Of Alabama Hospital,Birmingham,619 South 19th Street,1,35233,AL,1.0,"Metropolitan area core: primary flow within an urbanized area of 50,000 and greater",300,PERIPHERAL VASCULAR DISORDERS WITH CC,28,65216.821429,16945.25,8006.1071429
10033,University Of Alabama Hospital,Birmingham,619 South 19th Street,1,35233,AL,1.0,"Metropolitan area core: primary flow within an urbanized area of 50,000 and greater",303,ATHEROSCLEROSIS WITHOUT MCC,16,24566.9375,9098.875,4889.8125
10033,University Of Alabama Hospital,Birmingham,619 South 19th Street,1,35233,AL,1.0,"Metropolitan area core: primary flow within an urbanized area of 50,000 and greater",304,HYPERTENSION WITH MCC,11,43418.363636,12598.0,8997.7272727
10033,University Of Alabama Hospital,Birmingham,619 South 19th Street,1,35233,AL,1.0,"Metropolitan area core: primary flow within an urbanized area of 50,000 and greater",308,CARDIAC ARRHYTHMIA AND CONDUCTION DISORDERS WITH MCC,23,48178.956522,14295.565217,9352.7826087
10033,University Of Alabama Hospital,Birmingham,619 South 19th Street,1,35233,AL,1.0,"Metropolitan area core: primary flow within an urbanized area of 50,000 and greater",309,CARDIAC ARRHYTHMIA AND CONDUCTION DISORDERS WITH CC,39,59773.307692,13726.051282,8679.6410256
10033,University Of Alabama Hospital,Birmingham,619 South 19th Street,1,35233,AL,1.0,"Metropolitan area core: primary flow within an urbanized area of 50,000 and greater",310,CARDIAC ARRHYTHMIA AND CONDUCTION DISORDERS WITHOUT CC/MCC,12,27614.333333,7000.75,4573.25
10033,University Of Alabama Hospital,Birmingham,619 South 19th Street,1,35233,AL,1.0,"Metropolitan area core: primary flow within an urbanized area of 50,000 and greater",312,SYNCOPE AND COLLAPSE,19,47815.315789,11188.947368,6984.9473684
10033,University Of Alabama Hospital,Birmingham,619 South 19th Street,1,35233,AL,1.0,"Metropolitan area core: primary flow within an urbanized area of 50,000 and greater",314,OTHER CIRCULATORY SYSTEM DIAGNOSES WITH MCC,39,93900.897436,26555.307692,15035.282051
10033,University Of Alabama Hospital,Birmingham,619 South 19th Street,1,35233,AL,1.0,"Metropolitan area core: primary flow within an urbanized area of 50,000 and greater",315,OTHER CIRCULATORY SYSTEM DIAGNOSES WITH CC,34,56108.588235,12517.735294,7226.9705882
10033,University Of Alabama Hospital,Birmingham,619 South 19th Street,1,35233,AL,1.0,"Metropolitan area core: primary flow within an urbanized area of 50,000 and greater",321,PERCUTANEOUS CARDIOVASCULAR PROCEDURES WITH INTRALUMINAL DEVICE WITH MCC OR 4+ ARTERIES/,14,148638.57143,27359.428571,20007.285714
10033,University Of Alabama Hospital,Birmingham,619 South 19th Street,1,35233,AL,1.0,"Metropolitan area core: primary flow within an urbanized area of 50,000 and greater",322,PERCUTANEOUS CARDIOVASCULAR PROCEDURES WITH INTRALUMINAL DEVICE WITHOUT MCC,27,128463.96296,20268.592593,12932.814815
10033,University Of Alabama Hospital,Birmingham,619 South 19th Street,1,35233,AL,1.0,"Metropolitan area core: primary flow within an urbanized area of 50,000 and greater",326,"STOMACH, ESOPHAGEAL AND DUODENAL PROCEDURES WITH MCC",11,293560.54545,72167.727273,42324.272727
10033,University Of Alabama Hospital,Birmingham,619 South 19th Street,1,35233,AL,1.0,"Metropolitan area core: primary flow within an urbanized area of 50,000 and greater",327,"STOMACH, ESOPHAGEAL AND DUODENAL PROCEDURES WITH CC",13,145277.76923,42828.230769,14231.230769
10033,University Of Alabama Hospital,Birmingham,619 South 19th Street,1,35233,AL,1.0,"Metropolitan area core: primary flow within an urbanized area of 50,000 and greater",329,MAJOR SMALL AND LARGE BOWEL PROCEDURES WITH MCC,34,356964.20588,76499.470588,44256.617647
10033,University Of Alabama Hospital,Birmingham,619 South 19th Street,1,35233,AL,1.0,"Metropolitan area core: primary flow within an urbanized area of 50,000 and greater",330,MAJOR SMALL AND LARGE BOWEL PROCEDURES WITH CC,81,108159.2716,26126.567901,15439.333333
10033,University Of Alabama Hospital,Birmingham,619 South 19th Street,1,35233,AL,1.0,"Metropolitan area core: primary flow within an urbanized area of 50,000 and greater",331,MAJOR SMALL AND LARGE BOWEL PROCEDURES WITHOUT CC/MCC,52,78187.25,17230.980769,11215.365385
10033,University Of Alabama Hospital,Birmingham,619 South 19th Street,1,35233,AL,1.0,"Metropolitan area core: primary flow within an urbanized area of 50,000 and greater",336,PERITONEAL ADHESIOLYSIS WITH CC,17,106948.0,20429.941176,14026.529412
10033,University Of Alabama Hospital,Birmingham,619 South 19th Street,1,35233,AL,1.0,"Metropolitan area core: primary flow within an urbanized area of 50,000 and greater",354,HERNIA PROCEDURES EXCEPT INGUINAL AND FEMORAL WITH CC,16,113096.125,18804.3125,14158.4375
10033,University Of Alabama Hospital,Birmingham,619 South 19th Street,1,35233,AL,1.0,"Metropolitan area core: primary flow within an urbanized area of 50,000 and greater",355,HERNIA PROCEDURES EXCEPT INGUINAL AND FEMORAL WITHOUT CC/MCC,14,78329.285714,17127.571429,7356.0714286
10033,University Of Alabama Hospital,Birmingham,619 South 19th Street,1,35233,AL,1.0,"Metropolitan area core: primary flow within an urbanized area of 50,000 and greater",357,OTHER DIGESTIVE SYSTEM O.R. PROCEDURES WITH CC,11,110661.36364,19889.363636,15488.545455
10033,University Of Alabama Hospital,Birmingham,619 South 19th Street,1,35233,AL,1.0,"Metropolitan area core: primary flow within an urbanized area of 50,000 and greater",374,DIGESTIVE MALIGNANCY WITH MCC,17,57940.647059,21086.0,14798.882353
10033,University Of Alabama Hospital,Birmingham,619 South 19th Street,1,35233,AL,1.0,"Metropolitan area core: primary flow within an urbanized area of 50,000 and greater",375,DIGESTIVE MALIGNANCY WITH CC,13,44957.153846,17210.538462,7525.9230769
10033,University Of Alabama Hospital,Birmingham,619 South 19th Street,1,35233,AL,1.0,"Metropolitan area core: primary flow within an urbanized area of 50,000 and greater",377,GASTROINTESTINAL HEMORRHAGE WITH MCC,32,100748.9375,22778.9375,15122.625
10033,University Of Alabama Hospital,Birmingham,619 South 19th Street,1,35233,AL,1.0,"Metropolitan area core: primary flow within an urbanized area of 50,000 and greater",378,GASTROINTESTINAL HEMORRHAGE WITH CC,48,49882.083333,12465.458333,8177.9583333
10033,University Of Alabama Hospital,Birmingham,619 South 19th Street,1,35233,AL,1.0,"Metropolitan area core: primary flow within an urbanized area of 50,000 and greater",388,GASTROINTESTINAL OBSTRUCTION WITH MCC,13,55724.538462,22981.692308,8726.0769231
10033,University Of Alabama Hospital,Birmingham,619 South 19th Street,1,35233,AL,1.0,"Metropolitan area core: primary flow within an urbanized area of 50,000 and greater",389,GASTROINTESTINAL OBSTRUCTION WITH CC,31,42640.225806,12212.967742,6086.2903226
10033,University Of Alabama Hospital,Birmingham,619 South 19th Street,1,35233,AL,1.0,"Metropolitan area core: primary flow within an urbanized area of 50,000 and greater",391,"ESOPHAGITIS, GASTROENTERITIS AND MISCELLANEOUS DIGESTIVE DISORDERS WITH MCC",33,40709.454545,14842.333333,9697.8484848
10033,University Of Alabama Hospital,Birmingham,619 South 19th Street,1,35233,AL,1.0,"Metropolitan area core: primary flow within an urbanized area of 50,000 and greater",392,"ESOPHAGITIS, GASTROENTERITIS AND MISCELLANEOUS DIGESTIVE DISORDERS WITHOUT MCC",73,36816.342466,12455.753425,5813.1369863
10033,University Of Alabama Hospital,Birmingham,619 South 19th Street,1,35233,AL,1.0,"Metropolitan area core: primary flow within an urbanized area of 50,000 and greater",393,OTHER DIGESTIVE SYSTEM DIAGNOSES WITH MCC,28,73470.678571,21123.214286,11272.928571
10033,University Of Alabama Hospital,Birmingham,619 South 19th Street,1,35233,AL,1.0,"Metropolitan area core: primary flow within an urbanized area of 50,000 and greater",394,OTHER DIGESTIVE SYSTEM DIAGNOSES WITH CC,32,32247.84375,11264.375,7650.96875
10033,University Of Alabama Hospital,Birmingham,619 South 19th Street,1,35233,AL,1.0,"Metropolitan area core: primary flow within an urbanized area of 50,000 and greater",405,"PANCREAS, LIVER AND SHUNT PROCEDURES WITH MCC",12,299104.66667,61567.25,49020.0
10033,University Of Alabama Hospital,Birmingham,619 South 19th Street,1,35233,AL,1.0,"Metropolitan area core: primary flow within an urbanized area of 50,000 and greater",406,"PANCREAS, LIVER AND SHUNT PROCEDURES WITH CC",25,145990.88,28758.8,18530.24
10033,University Of Alabama Hospital,Birmingham,619 South 19th Street,1,35233,AL,1.0,"Metropolitan area core: primary flow within an urbanized area of 50,000 and greater",432,CIRRHOSIS AND ALCOHOLIC HEPATITIS WITH MCC,36,102412.69444,24160.055556,14175.833333
10033,University Of Alabama Hospital,Birmingham,619 South 19th Street,1,35233,AL,1.0,"Metropolitan area core: primary flow within an urbanized area of 50,000 and greater",433,CIRRHOSIS AND ALCOHOLIC HEPATITIS WITH CC,17,39961.470588,11958.529412,7696.7647059
10033,University Of Alabama Hospital,Birmingham,619 South 19th Street,1,35233,AL,1.0,"Metropolitan area core: primary flow within an urbanized area of 50,000 and greater",435,MALIGNANCY OF HEPATOBILIARY SYSTEM OR PANCREAS WITH MCC,14,83075.142857,21117.571429,12832.928571
10033,University Of Alabama Hospital,Birmingham,619 South 19th Street,1,35233,AL,1.0,"Metropolitan area core: primary flow within an urbanized area of 50,000 and greater",436,MALIGNANCY OF HEPATOBILIARY SYSTEM OR PANCREAS WITH CC,11,36255.090909,16052.727273,8025.4545455
10033,University Of Alabama Hospital,Birmingham,619 South 19th Street,1,35233,AL,1.0,"Metropolitan area core: primary flow within an urbanized area of 50,000 and greater",439,DISORDERS OF PANCREAS EXCEPT MALIGNANCY WITH CC,15,39440.066667,10432.266667,7457.8666667
10033,University Of Alabama Hospital,Birmingham,619 South 19th Street,1,35233,AL,1.0,"Metropolitan area core: primary flow within an urbanized area of 50,000 and greater",441,"DISORDERS OF LIVER EXCEPT MALIGNANCY, CIRRHOSIS OR ALCOHOLIC HEPATITIS WITH MCC",31,77038.193548,22693.677419,11295.870968
10033,University Of Alabama Hospital,Birmingham,619 South 19th Street,1,35233,AL,1.0,"Metropolitan area core: primary flow within an urbanized area of 50,000 and greater",442,"DISORDERS OF LIVER EXCEPT MALIGNANCY, CIRRHOSIS OR ALCOHOLIC HEPATITIS WITH CC",27,46192.074074,12376.777778,6884.1851852
10033,University Of Alabama Hospital,Birmingham,619 South 19th Street,1,35233,AL,1.0,"Metropolitan area core: primary flow within an urbanized area of 50,000 and greater",444,DISORDERS OF THE BILIARY TRACT WITH MCC,18,73924.388889,22806.111111,12172.833333
10033,University Of Alabama Hospital,Birmingham,619 South 19th Street,1,35233,AL,1.0,"Metropolitan area core: primary flow within an urbanized area of 50,000 and greater",445,DISORDERS OF THE BILIARY TRACT WITH CC,13,47702.230769,13294.0,7883.2307692
10033,University Of Alabama Hospital,Birmingham,619 South 19th Street,1,35233,AL,1.0,"Metropolitan area core: primary flow within an urbanized area of 50,000 and greater",448,MULTIPLE LEVEL SPINAL FUSION EXCEPT CERVICAL WITHOUT MCC,13,183255.15385,40207.615385,25079.769231
10033,University Of Alabama Hospital,Birmingham,619 South 19th Street,1,35233,AL,1.0,"Metropolitan area core: primary flow within an urbanized area of 50,000 and greater",451,SINGLE LEVEL SPINAL FUSION EXCEPT CERVICAL WITHOUT MCC,11,146357.63636,26689.545455,22480.272727
10033,University Of Alabama Hospital,Birmingham,619 South 19th Street,1,35233,AL,1.0,"Metropolitan area core: primary flow within an urbanized area of 50,000 and greater",454,COMBINED ANTERIOR AND POSTERIOR SPINAL FUSION WITH CC,23,245951.17391,54859.478261,39722.73913
10033,University Of Alabama Hospital,Birmingham,619 South 19th Street,1,35233,AL,1.0,"Metropolitan area core: primary flow within an urbanized area of 50,000 and greater",459,SPINAL FUSION EXCEPT CERVICAL WITH MCC,14,266756.57143,52320.714286,44215.571429
10033,University Of Alabama Hospital,Birmingham,619 South 19th Street,1,35233,AL,1.0,"Metropolitan area core: primary flow within an urbanized area of 50,000 and greater",460,SPINAL FUSION EXCEPT CERVICAL WITHOUT MCC,48,165761.22917,41191.708333,23355.104167
10033,University Of Alabama Hospital,Birmingham,619 South 19th Street,1,35233,AL,1.0,"Metropolitan area core: primary flow within an urbanized area of 50,000 and greater",463,WOUND DEBRIDEMENT AND SKIN GRAFT EXCEPT HAND FOR MUSCULOSKELETAL AND CONNECTIVE TISSUE D,17,282643.76471,61880.882353,44041.823529
10033,University Of Alabama Hospital,Birmingham,619 South 19th Street,1,35233,AL,1.0,"Metropolitan area core: primary flow within an urbanized area of 50,000 and greater",464,WOUND DEBRIDEMENT AND SKIN GRAFT EXCEPT HAND FOR MUSCULOSKELETAL AND CONNECTIVE TISSUE D,26,167146.92308,29922.769231,20199.269231
10033,University Of Alabama Hospital,Birmingham,619 South 19th Street,1,35233,AL,1.0,"Metropolitan area core: primary flow within an urbanized area of 50,000 and greater",466,REVISION OF HIP OR KNEE REPLACEMENT WITH MCC,22,234931.27273,50823.136364,41550.0
10033,University Of Alabama Hospital,Birmingham,619 South 19th Street,1,35233,AL,1.0,"Metropolitan area core: primary flow within an urbanized area of 50,000 and greater",467,REVISION OF HIP OR KNEE REPLACEMENT WITH CC,88,121066.28409,32557.102273,21284.159091
10033,University Of Alabama Hospital,Birmingham,619 South 19th Street,1,35233,AL,1.0,"Metropolitan area core: primary flow within an urbanized area of 50,000 and greater",468,REVISION OF HIP OR KNEE REPLACEMENT WITHOUT CC/MCC,31,96787.516129,30684.548387,15130.870968
10033,University Of Alabama Hospital,Birmingham,619 South 19th Street,1,35233,AL,1.0,"Metropolitan area core: primary flow within an urbanized area of 50,000 and greater",470,MAJOR HIP AND KNEE JOINT REPLACEMENT OR REATTACHMENT OF LOWER EXTREMITY WITHOUT MCC,24,103696.33333,27608.291667,11012.333333
10033,University Of Alabama Hospital,Birmingham,619 South 19th Street,1,35233,AL,1.0,"Metropolitan area core: primary flow within an urbanized area of 50,000 and greater",472,CERVICAL SPINAL FUSION WITH CC,44,142998.81818,39925.318182,20611.659091
10033,University Of Alabama Hospital,Birmingham,619 South 19th Street,1,35233,AL,1.0,"Metropolitan area core: primary flow within an urbanized area of 50,000 and greater",475,AMPUTATION FOR MUSCULOSKELETAL SYSTEM AND CONNECTIVE TISSUE DISORDERS WITH CC,11,103046.54545,21185.545455,13663.272727
10033,University Of Alabama Hospital,Birmingham,619 South 19th Street,1,35233,AL,1.0,"Metropolitan area core: primary flow within an urbanized area of 50,000 and greater",478,BIOPSIES OF MUSCULOSKELETAL SYSTEM AND CONNECTIVE TISSUE WITH CC,14,129638.64286,23886.142857,17103.142857
10033,University Of Alabama Hospital,Birmingham,619 South 19th Street,1,35233,AL,1.0,"Metropolitan area core: primary flow within an urbanized area of 50,000 and greater",480,HIP AND FEMUR PROCEDURES EXCEPT MAJOR JOINT WITH MCC,22,205820.77273,33829.727273,25148.681818
10033,University Of Alabama Hospital,Birmingham,619 South 19th Street,1,35233,AL,1.0,"Metropolitan area core: primary flow within an urbanized area of 50,000 and greater",481,HIP AND FEMUR PROCEDURES EXCEPT MAJOR JOINT WITH CC,65,128286.12308,26186.353846,14128.4
10033,University Of Alabama Hospital,Birmingham,619 South 19th Street,1,35233,AL,1.0,"Metropolitan area core: primary flow within an urbanized area of 50,000 and greater",482,HIP AND FEMUR PROCEDURES EXCEPT MAJOR JOINT WITHOUT CC/MCC,12,89867.75,19107.166667,10708.083333
10033,University Of Alabama Hospital,Birmingham,619 South 19th Street,1,35233,AL,1.0,"Metropolitan area core: primary flow within an urbanized area of 50,000 and greater",483,MAJOR JOINT OR LIMB REATTACHMENT PROCEDURES OF UPPER EXTREMITIES,21,99493.857143,21348.619048,16426.952381
10033,University Of Alabama Hospital,Birmingham,619 South 19th Street,1,35233,AL,1.0,"Metropolitan area core: primary flow within an urbanized area of 50,000 and greater",493,"LOWER EXTREMITY AND HUMERUS PROCEDURES EXCEPT HIP, FOOT AND FEMUR WITH CC",35,129461.28571,29597.028571,15630.942857
10033,University Of Alabama Hospital,Birmingham,619 South 19th Street,1,35233,AL,1.0,"Metropolitan area core: primary flow within an urbanized area of 50,000 and greater",501,SOFT TISSUE PROCEDURES WITH CC,11,117380.90909,20206.818182,12140.636364
10033,University Of Alabama Hospital,Birmingham,619 South 19th Street,1,35233,AL,1.0,"Metropolitan area core: primary flow within an urbanized area of 50,000 and greater",516,OTHER MUSCULOSKELETAL SYSTEM AND CONNECTIVE TISSUE O.R. PROCEDURES WITH CC,21,118360.0,20464.857143,13926.047619
10033,University Of Alabama Hospital,Birmingham,619 South 19th Street,1,35233,AL,1.0,"Metropolitan area core: primary flow within an urbanized area of 50,000 and greater",517,OTHER MUSCULOSKELETAL SYSTEM AND CONNECTIVE TISSUE O.R. PROCEDURES WITHOUT CC/MCC,11,73480.545455,13561.0,11326.818182
10033,University Of Alabama Hospital,Birmingham,619 South 19th Street,1,35233,AL,1.0,"Metropolitan area core: primary flow within an urbanized area of 50,000 and greater",519,BACK AND NECK PROCEDURES EXCEPT SPINAL FUSION WITH CC,26,104206.96154,21653.653846,12367.307692
10033,University Of Alabama Hospital,Birmingham,619 South 19th Street,1,35233,AL,1.0,"Metropolitan area core: primary flow within an urbanized area of 50,000 and greater",521,HIP REPLACEMENT WITH PRINCIPAL DIAGNOSIS OF HIP FRACTURE WITH MCC,16,152357.1875,70572.5625,17280.125
10033,University Of Alabama Hospital,Birmingham,619 South 19th Street,1,35233,AL,1.0,"Metropolitan area core: primary flow within an urbanized area of 50,000 and greater",522,HIP REPLACEMENT WITH PRINCIPAL DIAGNOSIS OF HIP FRACTURE WITHOUT MCC,27,121074.22222,26476.814815,14995.518519
10033,University Of Alabama Hospital,Birmingham,619 South 19th Street,1,35233,AL,1.0,"Metropolitan area core: primary flow within an urbanized area of 50,000 and greater",536,FRACTURES OF HIP AND PELVIS WITHOUT MCC,15,58733.466667,12998.933333,5984.1333333
10033,University Of Alabama Hospital,Birmingham,619 South 19th Street,1,35233,AL,1.0,"Metropolitan area core: primary flow within an urbanized area of 50,000 and greater",551,MEDICAL BACK PROBLEMS WITH MCC,18,107460.72222,22002.5,13512.5
10033,University Of Alabama Hospital,Birmingham,619 South 19th Street,1,35233,AL,1.0,"Metropolitan area core: primary flow within an urbanized area of 50,000 and greater",552,MEDICAL BACK PROBLEMS WITHOUT MCC,49,72299.22449,16165.938776,7132.9591837
10033,University Of Alabama Hospital,Birmingham,619 South 19th Street,1,35233,AL,1.0,"Metropolitan area core: primary flow within an urbanized area of 50,000 and greater",580,"OTHER SKIN, SUBCUTANEOUS TISSUE AND BREAST PROCEDURES WITH CC",13,103039.07692,18368.769231,12660.076923
10033,University Of Alabama Hospital,Birmingham,619 South 19th Street,1,35233,AL,1.0,"Metropolitan area core: primary flow within an urbanized area of 50,000 and greater",602,CELLULITIS WITH MCC,12,95215.666667,19792.583333,9316.75
10033,University Of Alabama Hospital,Birmingham,619 South 19th Street,1,35233,AL,1.0,"Metropolitan area core: primary flow within an urbanized area of 50,000 and greater",603,CELLULITIS WITHOUT MCC,28,38082.785714,12078.142857,6974.3571429
10033,University Of Alabama Hospital,Birmingham,619 South 19th Street,1,35233,AL,1.0,"Metropolitan area core: primary flow within an urbanized area of 50,000 and greater",615,ADRENAL AND PITUITARY PROCEDURES WITHOUT CC/MCC,11,58454.454545,13425.363636,8081.7272727
10033,University Of Alabama Hospital,Birmingham,619 South 19th Street,1,35233,AL,1.0,"Metropolitan area core: primary flow within an urbanized area of 50,000 and greater",617,"AMPUTATION OF LOWER LIMB FOR ENDOCRINE, NUTRITIONAL AND METABOLIC DISORDERS WITH CC",13,94657.307692,21388.384615,14443.076923
10033,University Of Alabama Hospital,Birmingham,619 South 19th Street,1,35233,AL,1.0,"Metropolitan area core: primary flow within an urbanized area of 50,000 and greater",637,DIABETES WITH MCC,25,74106.0,18193.32,10998.56
10033,University Of Alabama Hospital,Birmingham,619 South 19th Street,1,35233,AL,1.0,"Metropolitan area core: primary flow within an urbanized area of 50,000 and greater",638,DIABETES WITH CC,26,35710.461538,13953.230769,6891.3076923
10033,University Of Alabama Hospital,Birmingham,619 South 19th Street,1,35233,AL,1.0,"Metropolitan area core: primary flow within an urbanized area of 50,000 and greater",640,"MISCELLANEOUS DISORDERS OF NUTRITION, METABOLISM, FLUIDS AND ELECTROLYTES WITH MCC",73,64956.767123,16319.041096,9798.3972603
10033,University Of Alabama Hospital,Birmingham,619 South 19th Street,1,35233,AL,1.0,"Metropolitan area core: primary flow within an urbanized area of 50,000 and greater",641,"MISCELLANEOUS DISORDERS OF NUTRITION, METABOLISM, FLUIDS AND ELECTROLYTES WITHOUT MCC",59,42464.355932,13073.864407,5404.9322034
10033,University Of Alabama Hospital,Birmingham,619 South 19th Street,1,35233,AL,1.0,"Metropolitan area core: primary flow within an urbanized area of 50,000 and greater",643,ENDOCRINE DISORDERS WITH MCC,16,93555.375,23612.125,11281.125
10033,University Of Alabama Hospital,Birmingham,619 South 19th Street,1,35233,AL,1.0,"Metropolitan area core: primary flow within an urbanized area of 50,000 and greater",644,ENDOCRINE DISORDERS WITH CC,11,53098.818182,13677.909091,7693.0909091
10033,University Of Alabama Hospital,Birmingham,619 South 19th Street,1,35233,AL,1.0,"Metropolitan area core: primary flow within an urbanized area of 50,000 and greater",650,KIDNEY TRANSPLANT WITH HEMODIALYSIS WITH MCC,17,372799.47059,45605.294118,32966.470588
10033,University Of Alabama Hospital,Birmingham,619 South 19th Street,1,35233,AL,1.0,"Metropolitan area core: primary flow within an urbanized area of 50,000 and greater",652,KIDNEY TRANSPLANT,75,305629.01333,32052.653333,19681.146667
10033,University Of Alabama Hospital,Birmingham,619 South 19th Street,1,35233,AL,1.0,"Metropolitan area core: primary flow within an urbanized area of 50,000 and greater",657,KIDNEY AND URETER PROCEDURES FOR NEOPLASM WITH CC,14,116682.35714,17815.714286,13544.142857
10033,University Of Alabama Hospital,Birmingham,619 South 19th Street,1,35233,AL,1.0,"Metropolitan area core: primary flow within an urbanized area of 50,000 and greater",660,KIDNEY AND URETER PROCEDURES FOR NON-NEOPLASM WITH CC,11,78114.545455,15416.090909,10761.454545
10033,University Of Alabama Hospital,Birmingham,619 South 19th Street,1,35233,AL,1.0,"Metropolitan area core: primary flow within an urbanized area of 50,000 and greater",661,KIDNEY AND URETER PROCEDURES FOR NON-NEOPLASM WITHOUT CC/MCC,11,58753.818182,11017.181818,7914.9090909
10033,University Of Alabama Hospital,Birmingham,619 South 19th Street,1,35233,AL,1.0,"Metropolitan area core: primary flow within an urbanized area of 50,000 and greater",674,OTHER KIDNEY AND URINARY TRACT PROCEDURES WITH CC,12,96061.75,26854.916667,16469.833333
10033,University Of Alabama Hospital,Birmingham,619 South 19th Street,1,35233,AL,1.0,"Metropolitan area core: primary flow within an urbanized area of 50,000 and greater",682,RENAL FAILURE WITH MCC,36,71422.166667,20090.944444,11615.055556
10033,University Of Alabama Hospital,Birmingham,619 South 19th Street,1,35233,AL,1.0,"Metropolitan area core: primary flow within an urbanized area of 50,000 and greater",683,RENAL FAILURE WITH CC,80,37711.9375,11809.55,6832.3375
10033,University Of Alabama Hospital,Birmingham,619 South 19th Street,1,35233,AL,1.0,"Metropolitan area core: primary flow within an urbanized area of 50,000 and greater",689,KIDNEY AND URINARY TRACT INFECTIONS WITH MCC,36,48726.861111,16459.0,8438.3333333
10033,University Of Alabama Hospital,Birmingham,619 South 19th Street,1,35233,AL,1.0,"Metropolitan area core: primary flow within an urbanized area of 50,000 and greater",690,KIDNEY AND URINARY TRACT INFECTIONS WITHOUT MCC,72,34336.361111,10963.833333,6330.0416667
10033,University Of Alabama Hospital,Birmingham,619 South 19th Street,1,35233,AL,1.0,"Metropolitan area core: primary flow within an urbanized area of 50,000 and greater",698,OTHER KIDNEY AND URINARY TRACT DIAGNOSES WITH MCC,43,58207.674419,18787.139535,11848.511628
10033,University Of Alabama Hospital,Birmingham,619 South 19th Street,1,35233,AL,1.0,"Metropolitan area core: primary flow within an urbanized area of 50,000 and greater",699,OTHER KIDNEY AND URINARY TRACT DIAGNOSES WITH CC,65,45010.969231,12989.384615,7903.2461538
10033,University Of Alabama Hospital,Birmingham,619 South 19th Street,1,35233,AL,1.0,"Metropolitan area core: primary flow within an urbanized area of 50,000 and greater",737,UTERINE AND ADNEXA PROCEDURES FOR OVARIAN OR ADNEXAL MALIGNANCY WITH CC,12,76203.75,18137.416667,14911.166667
10033,University Of Alabama Hospital,Birmingham,619 South 19th Street,1,35233,AL,1.0,"Metropolitan area core: primary flow within an urbanized area of 50,000 and greater",742,UTERINE AND ADNEXA PROCEDURES FOR NON-MALIGNANCY WITH CC/MCC,11,90727.727273,18256.0,12393.090909
10033,University Of Alabama Hospital,Birmingham,619 South 19th Street,1,35233,AL,1.0,"Metropolitan area core: primary flow within an urbanized area of 50,000 and greater",754,"MALIGNANCY, FEMALE REPRODUCTIVE SYSTEM WITH MCC",12,44921.75,18376.833333,13060.25
10033,University Of Alabama Hospital,Birmingham,619 South 19th Street,1,35233,AL,1.0,"Metropolitan area core: primary flow within an urbanized area of 50,000 and greater",809,MAJOR HEMATOLOGICAL AND IMMUNOLOGICAL DIAGNOSES EXCEPT SICKLE CELL CRISIS AND COAGULATIO,17,37259.235294,13894.294118,8702.1176471
10033,University Of Alabama Hospital,Birmingham,619 South 19th Street,1,35233,AL,1.0,"Metropolitan area core: primary flow within an urbanized area of 50,000 and greater",811,RED BLOOD CELL DISORDERS WITH MCC,26,64059.307692,16332.5,9901.8846154
10033,University Of Alabama Hospital,Birmingham,619 South 19th Street,1,35233,AL,1.0,"Metropolitan area core: primary flow within an urbanized area of 50,000 and greater",812,RED BLOOD CELL DISORDERS WITHOUT MCC,41,37953.804878,11498.585366,7559.4390244
10033,University Of Alabama Hospital,Birmingham,619 South 19th Street,1,35233,AL,1.0,"Metropolitan area core: primary flow within an urbanized area of 50,000 and greater",828,MYELOPROLIFERATIVE DISORDERS OR POORLY DIFFERENTIATED NEOPLASMS WITH MAJOR O.R. PROCEDUR,12,70890.583333,21695.333333,9065.5
10033,University Of Alabama Hospital,Birmingham,619 South 19th Street,1,35233,AL,1.0,"Metropolitan area core: primary flow within an urbanized area of 50,000 and greater",829,MYELOPROLIFERATIVE DISORDERS OR POORLY DIFFERENTIATED NEOPLASMS WITH OTHER PROCEDURES WI,12,120382.0,27836.916667,23681.916667
10033,University Of Alabama Hospital,Birmingham,619 South 19th Street,1,35233,AL,1.0,"Metropolitan area core: primary flow within an urbanized area of 50,000 and greater",834,ACUTE LEUKEMIA WITH MCC,25,264319.52,56997.76,39803.64
10033,University Of Alabama Hospital,Birmingham,619 South 19th Street,1,35233,AL,1.0,"Metropolitan area core: primary flow within an urbanized area of 50,000 and greater",837,CHEMOTHERAPY WITH ACUTE LEUKEMIA AS SECONDARY DIAGNOSIS OR WITH HIGH DOSE CHEMOTHERAPY A,17,132006.58824,59544.294118,31229.058824
10033,University Of Alabama Hospital,Birmingham,619 South 19th Street,1,35233,AL,1.0,"Metropolitan area core: primary flow within an urbanized area of 50,000 and greater",838,CHEMOTHERAPY WITH ACUTE LEUKEMIA AS SECONDARY DIAGNOSIS WITH CC OR HIGH DOSE CHEMOTHERAP,13,106270.30769,23739.538462,13376.230769
10033,University Of Alabama Hospital,Birmingham,619 South 19th Street,1,35233,AL,1.0,"Metropolitan area core: primary flow within an urbanized area of 50,000 and greater",840,LYMPHOMA AND NON-ACUTE LEUKEMIA WITH MCC,16,147111.9375,32378.1875,24762.25
10033,University Of Alabama Hospital,Birmingham,619 South 19th Street,1,35233,AL,1.0,"Metropolitan area core: primary flow within an urbanized area of 50,000 and greater",841,LYMPHOMA AND NON-ACUTE LEUKEMIA WITH CC,13,99543.923077,24046.923077,8990.4615385
10033,University Of Alabama Hospital,Birmingham,619 South 19th Street,1,35233,AL,1.0,"Metropolitan area core: primary flow within an urbanized area of 50,000 and greater",847,CHEMOTHERAPY WITHOUT ACUTE LEUKEMIA AS SECONDARY DIAGNOSIS WITH CC,66,45944.727273,13440.560606,10288.969697
10033,University Of Alabama Hospital,Birmingham,619 South 19th Street,1,35233,AL,1.0,"Metropolitan area core: primary flow within an urbanized area of 50,000 and greater",853,INFECTIOUS AND PARASITIC DISEASES WITH O.R. PROCEDURES WITH MCC,61,267227.70492,60603.360656,39922.52459
10033,University Of Alabama Hospital,Birmingham,619 South 19th Street,1,35233,AL,1.0,"Metropolitan area core: primary flow within an urbanized area of 50,000 and greater",856,POSTOPERATIVE OR POST-TRAUMATIC INFECTIONS WITH O.R. PROCEDURES WITH MCC,16,304444.5625,52175.4375,40340.5
10033,University Of Alabama Hospital,Birmingham,619 South 19th Street,1,35233,AL,1.0,"Metropolitan area core: primary flow within an urbanized area of 50,000 and greater",857,POSTOPERATIVE OR POST-TRAUMATIC INFECTIONS WITH O.R. PROCEDURES WITH CC,22,111528.09091,24791.181818,16232.363636
10033,University Of Alabama Hospital,Birmingham,619 South 19th Street,1,35233,AL,1.0,"Metropolitan area core: primary flow within an urbanized area of 50,000 and greater",862,POSTOPERATIVE AND POST-TRAUMATIC INFECTIONS WITH MCC,23,52975.782609,20510.478261,12161.782609
10033,University Of Alabama Hospital,Birmingham,619 South 19th Street,1,35233,AL,1.0,"Metropolitan area core: primary flow within an urbanized area of 50,000 and greater",863,POSTOPERATIVE AND POST-TRAUMATIC INFECTIONS WITHOUT MCC,14,37842.785714,14538.071429,6679.9285714
10033,University Of Alabama Hospital,Birmingham,619 South 19th Street,1,35233,AL,1.0,"Metropolitan area core: primary flow within an urbanized area of 50,000 and greater",870,SEPTICEMIA OR SEVERE SEPSIS WITH MV >96 HOURS,25,409954.96,88842.96,56736.48
10033,University Of Alabama Hospital,Birmingham,619 South 19th Street,1,35233,AL,1.0,"Metropolitan area core: primary flow within an urbanized area of 50,000 and greater",871,SEPTICEMIA OR SEVERE SEPSIS WITHOUT MV >96 HOURS WITH MCC,329,94600.361702,22459.428571,14207.200608
10033,University Of Alabama Hospital,Birmingham,619 South 19th Street,1,35233,AL,1.0,"Metropolitan area core: primary flow within an urbanized area of 50,000 and greater",872,SEPTICEMIA OR SEVERE SEPSIS WITHOUT MV >96 HOURS WITHOUT MCC,76,48445.631579,13383.815789,7978.8289474
10033,University Of Alabama Hospital,Birmingham,619 South 19th Street,1,35233,AL,1.0,"Metropolitan area core: primary flow within an urbanized area of 50,000 and greater",880,ACUTE ADJUSTMENT REACTION AND PSYCHOSOCIAL DYSFUNCTION,21,37419.285714,10594.857143,6700.047619
10033,University Of Alabama Hospital,Birmingham,619 South 19th Street,1,35233,AL,1.0,"Metropolitan area core: primary flow within an urbanized area of 50,000 and greater",884,ORGANIC DISTURBANCES AND INTELLECTUAL DISABILITY,15,46675.933333,21091.133333,13417.533333
10033,University Of Alabama Hospital,Birmingham,619 South 19th Street,1,35233,AL,1.0,"Metropolitan area core: primary flow within an urbanized area of 50,000 and greater",885,PSYCHOSES,19,82062.947368,24266.894737,8093.5789474
10033,University Of Alabama Hospital,Birmingham,619 South 19th Street,1,35233,AL,1.0,"Metropolitan area core: primary flow within an urbanized area of 50,000 and greater",897,"ALCOHOL, DRUG ABUSE OR DEPENDENCE WITHOUT REHABILITATION THERAPY WITHOUT MCC",21,29573.714286,10407.47619,6683.9047619
10033,University Of Alabama Hospital,Birmingham,619 South 19th Street,1,35233,AL,1.0,"Metropolitan area core: primary flow within an urbanized area of 50,000 and greater",907,OTHER O.R. PROCEDURES FOR INJURIES WITH MCC,25,177179.0,44907.36,26112.48
10033,University Of Alabama Hospital,Birmingham,619 South 19th Street,1,35233,AL,1.0,"Metropolitan area core: primary flow within an urbanized area of 50,000 and greater",908,OTHER O.R. PROCEDURES FOR INJURIES WITH CC,20,98110.7,21519.35,13675.05
10033,University Of Alabama Hospital,Birmingham,619 South 19th Street,1,35233,AL,1.0,"Metropolitan area core: primary flow within an urbanized area of 50,000 and greater",917,POISONING AND TOXIC EFFECTS OF DRUGS WITH MCC,20,112185.55,28683.25,12446.7
10033,University Of Alabama Hospital,Birmingham,619 South 19th Street,1,35233,AL,1.0,"Metropolitan area core: primary flow within an urbanized area of 50,000 and greater",919,COMPLICATIONS OF TREATMENT WITH MCC,28,96546.678571,19458.892857,13600.964286
10033,University Of Alabama Hospital,Birmingham,619 South 19th Street,1,35233,AL,1.0,"Metropolitan area core: primary flow within an urbanized area of 50,000 and greater",920,COMPLICATIONS OF TREATMENT WITH CC,22,57641.590909,12895.363636,8816.1818182
10033,University Of Alabama Hospital,Birmingham,619 South 19th Street,1,35233,AL,1.0,"Metropolitan area core: primary flow within an urbanized area of 50,000 and greater",935,NON-EXTENSIVE BURNS,11,97474.0,24668.454545,16451.181818
10033,University Of Alabama Hospital,Birmingham,619 South 19th Street,1,35233,AL,1.0,"Metropolitan area core: primary flow within an urbanized area of 50,000 and greater",948,SIGNS AND SYMPTOMS WITHOUT MCC,23,45342.652174,15464.391304,6068.6521739
10033,University Of Alabama Hospital,Birmingham,619 South 19th Street,1,35233,AL,1.0,"Metropolitan area core: primary flow within an urbanized area of 50,000 and greater",956,"LIMB REATTACHMENT, HIP AND FEMUR PROCEDURES FOR MULTIPLE SIGNIFICANT TRAUMA",18,330523.05556,62142.111111,42784.888889
10033,University Of Alabama Hospital,Birmingham,619 South 19th Street,1,35233,AL,1.0,"Metropolitan area core: primary flow within an urbanized area of 50,000 and greater",957,OTHER O.R. PROCEDURES FOR MULTIPLE SIGNIFICANT TRAUMA WITH MCC,22,396014.90909,77064.136364,59776.363636
10033,University Of Alabama Hospital,Birmingham,619 South 19th Street,1,35233,AL,1.0,"Metropolitan area core: primary flow within an urbanized area of 50,000 and greater",958,OTHER O.R. PROCEDURES FOR MULTIPLE SIGNIFICANT TRAUMA WITH CC,16,221397.8125,40983.75,29863.25
10033,University Of Alabama Hospital,Birmingham,619 South 19th Street,1,35233,AL,1.0,"Metropolitan area core: primary flow within an urbanized area of 50,000 and greater",963,OTHER MULTIPLE SIGNIFICANT TRAUMA WITH MCC,13,159987.84615,24571.615385,18974.923077
10033,University Of Alabama Hospital,Birmingham,619 South 19th Street,1,35233,AL,1.0,"Metropolitan area core: primary flow within an urbanized area of 50,000 and greater",964,OTHER MULTIPLE SIGNIFICANT TRAUMA WITH CC,13,106186.92308,17686.769231,10408.230769
10033,University Of Alabama Hospital,Birmingham,619 South 19th Street,1,35233,AL,1.0,"Metropolitan area core: primary flow within an urbanized area of 50,000 and greater",981,EXTENSIVE O.R. PROCEDURES UNRELATED TO PRINCIPAL DIAGNOSIS WITH MCC,42,304927.40476,71629.190476,40866.690476
10033,University Of Alabama Hospital,Birmingham,619 South 19th Street,1,35233,AL,1.0,"Metropolitan area core: primary flow within an urbanized area of 50,000 and greater",982,EXTENSIVE O.R. PROCEDURES UNRELATED TO PRINCIPAL DIAGNOSIS WITH CC,23,103835.21739,23000.826087,17789.434783
10033,University Of Alabama Hospital,Birmingham,619 South 19th Street,1,35233,AL,1.0,"Metropolitan area core: primary flow within an urbanized area of 50,000 and greater",987,NON-EXTENSIVE O.R. PROCEDURES UNRELATED TO PRINCIPAL DIAGNOSIS WITH MCC,11,187609.18182,38483.909091,29118.454545
10035,Cullman Regional Medical Center,Cullman,1912 Alabama Highway 157,1,35058,AL,5.0,"Micropolitan high commuting: primary flow 30% or more to a urban cluster of 10,000 to 49,999",64,INTRACRANIAL HEMORRHAGE OR CEREBRAL INFARCTION WITH MCC,15,39187.066667,15347.066667,14043.6
10035,Cullman Regional Medical Center,Cullman,1912 Alabama Highway 157,1,35058,AL,5.0,"Micropolitan high commuting: primary flow 30% or more to a urban cluster of 10,000 to 49,999",65,INTRACRANIAL HEMORRHAGE OR CEREBRAL INFARCTION WITH CC OR TPA IN 24 HOURS,33,31143.969697,7880.030303,6546.1212121
10035,Cullman Regional Medical Center,Cullman,1912 Alabama Highway 157,1,35058,AL,5.0,"Micropolitan high commuting: primary flow 30% or more to a urban cluster of 10,000 to 49,999",66,INTRACRANIAL HEMORRHAGE OR CEREBRAL INFARCTION WITHOUT CC/MCC,18,28189.888889,5537.9444444,3685.7222222
10035,Cullman Regional Medical Center,Cullman,1912 Alabama Highway 157,1,35058,AL,5.0,"Micropolitan high commuting: primary flow 30% or more to a urban cluster of 10,000 to 49,999",69,TRANSIENT ISCHEMIA WITHOUT THROMBOLYTIC,19,26156.105263,6285.6315789,4997.2105263
10035,Cullman Regional Medical Center,Cullman,1912 Alabama Highway 157,1,35058,AL,5.0,"Micropolitan high commuting: primary flow 30% or more to a urban cluster of 10,000 to 49,999",71,OTHER CEREBROVASCULAR DISORDERS WITH CC,16,30136.0,8256.5625,7134.5625
10035,Cullman Regional Medical Center,Cullman,1912 Alabama Highway 157,1,35058,AL,5.0,"Micropolitan high commuting: primary flow 30% or more to a urban cluster of 10,000 to 49,999",176,PULMONARY EMBOLISM WITHOUT MCC,13,19649.076923,6371.8461538,5242.0
10035,Cullman Regional Medical Center,Cullman,1912 Alabama Highway 157,1,35058,AL,5.0,"Micropolitan high commuting: primary flow 30% or more to a urban cluster of 10,000 to 49,999",177,RESPIRATORY INFECTIONS AND INFLAMMATIONS WITH MCC,47,41540.893617,12945.574468,11713.574468
10035,Cullman Regional Medical Center,Cullman,1912 Alabama Highway 157,1,35058,AL,5.0,"Micropolitan high commuting: primary flow 30% or more to a urban cluster of 10,000 to 49,999",178,RESPIRATORY INFECTIONS AND INFLAMMATIONS WITH CC,19,26333.894737,7693.4736842,6750.3157895
10035,Cullman Regional Medical Center,Cullman,1912 Alabama Highway 157,1,35058,AL,5.0,"Micropolitan high commuting: primary flow 30% or more to a urban cluster of 10,000 to 49,999",189,PULMONARY EDEMA AND RESPIRATORY FAILURE,13,48637.076923,9581.3076923,8200.3846154
10035,Cullman Regional Medical Center,Cullman,1912 Alabama Highway 157,1,35058,AL,5.0,"Micropolitan high commuting: primary flow 30% or more to a urban cluster of 10,000 to 49,999",190,CHRONIC OBSTRUCTIVE PULMONARY DISEASE WITH MCC,32,27875.5625,8580.0,7509.0
10035,Cullman Regional Medical Center,Cullman,1912 Alabama Highway 157,1,35058,AL,5.0,"Micropolitan high commuting: primary flow 30% or more to a urban cluster of 10,000 to 49,999",191,CHRONIC OBSTRUCTIVE PULMONARY DISEASE WITH CC,32,23473.1875,6646.25,5626.25
10035,Cullman Regional Medical Center,Cullman,1912 Alabama Highway 157,1,35058,AL,5.0,"Micropolitan high commuting: primary flow 30% or more to a urban cluster of 10,000 to 49,999",193,SIMPLE PNEUMONIA AND PLEURISY WITH MCC,44,35160.636364,10273.159091,9067.7045455
10035,Cullman Regional Medical Center,Cullman,1912 Alabama Highway 157,1,35058,AL,5.0,"Micropolitan high commuting: primary flow 30% or more to a urban cluster of 10,000 to 49,999",194,SIMPLE PNEUMONIA AND PLEURISY WITH CC,75,23673.533333,6459.5733333,4820.3066667
10035,Cullman Regional Medical Center,Cullman,1912 Alabama Highway 157,1,35058,AL,5.0,"Micropolitan high commuting: primary flow 30% or more to a urban cluster of 10,000 to 49,999",195,SIMPLE PNEUMONIA AND PLEURISY WITHOUT CC/MCC,14,20645.785714,4861.6428571,3579.3571429
10035,Cullman Regional Medical Center,Cullman,1912 Alabama Highway 157,1,35058,AL,5.0,"Micropolitan high commuting: primary flow 30% or more to a urban cluster of 10,000 to 49,999",280,"ACUTE MYOCARDIAL INFARCTION, DISCHARGED ALIVE WITH MCC",13,39192.0,12200.384615,10553.153846
10035,Cullman Regional Medical Center,Cullman,1912 Alabama Highway 157,1,35058,AL,5.0,"Micropolitan high commuting: primary flow 30% or more to a urban cluster of 10,000 to 49,999",287,"CIRCULATORY DISORDERS EXCEPT AMI, WITH CARDIAC CATHETERIZATION WITHOUT MCC",18,30228.611111,8413.0,6962.3333333
10035,Cullman Regional Medical Center,Cullman,1912 Alabama Highway 157,1,35058,AL,5.0,"Micropolitan high commuting: primary flow 30% or more to a urban cluster of 10,000 to 49,999",291,HEART FAILURE AND SHOCK WITH MCC,158,25497.607595,10083.037975,8716.6202532
10035,Cullman Regional Medical Center,Cullman,1912 Alabama Highway 157,1,35058,AL,5.0,"Micropolitan high commuting: primary flow 30% or more to a urban cluster of 10,000 to 49,999",292,HEART FAILURE AND SHOCK WITH CC,15,22950.933333,6752.8,5882.4
10035,Cullman Regional Medical Center,Cullman,1912 Alabama Highway 157,1,35058,AL,5.0,"Micropolitan high commuting: primary flow 30% or more to a urban cluster of 10,000 to 49,999",305,HYPERTENSION WITHOUT MCC,19,22750.315789,5874.7894737,4672.2631579
10035,Cullman Regional Medical Center,Cullman,1912 Alabama Highway 157,1,35058,AL,5.0,"Micropolitan high commuting: primary flow 30% or more to a urban cluster of 10,000 to 49,999",309,CARDIAC ARRHYTHMIA AND CONDUCTION DISORDERS WITH CC,21,24610.0,5973.5238095,4326.3809524
10035,Cullman Regional Medical Center,Cullman,1912 Alabama Highway 157,1,35058,AL,5.0,"Micropolitan high commuting: primary flow 30% or more to a urban cluster of 10,000 to 49,999",310,CARDIAC ARRHYTHMIA AND CONDUCTION DISORDERS WITHOUT CC/MCC,15,16578.733333,4350.7333333,2827.5333333
10035,Cullman Regional Medical Center,Cullman,1912 Alabama Highway 157,1,35058,AL,5.0,"Micropolitan high commuting: primary flow 30% or more to a urban cluster of 10,000 to 49,999",312,SYNCOPE AND COLLAPSE,24,25434.75,6721.125,5429.125
10035,Cullman Regional Medical Center,Cullman,1912 Alabama Highway 157,1,35058,AL,5.0,"Micropolitan high commuting: primary flow 30% or more to a urban cluster of 10,000 to 49,999",313,CHEST PAIN,21,15103.0,5615.8571429,4294.7142857
10035,Cullman Regional Medical Center,Cullman,1912 Alabama Highway 157,1,35058,AL,5.0,"Micropolitan high commuting: primary flow 30% or more to a urban cluster of 10,000 to 49,999",377,GASTROINTESTINAL HEMORRHAGE WITH MCC,13,43839.923077,14090.615385,12584.153846
10035,Cullman Regional Medical Center,Cullman,1912 Alabama Highway 157,1,35058,AL,5.0,"Micropolitan high commuting: primary flow 30% or more to a urban cluster of 10,000 to 49,999",378,GASTROINTESTINAL HEMORRHAGE WITH CC,28,23889.678571,8026.1071429,6172.1071429
10035,Cullman Regional Medical Center,Cullman,1912 Alabama Highway 157,1,35058,AL,5.0,"Micropolitan high commuting: primary flow 30% or more to a urban cluster of 10,000 to 49,999",389,GASTROINTESTINAL OBSTRUCTION WITH CC,17,17034.705882,6299.6470588,4408.3529412
10035,Cullman Regional Medical Center,Cullman,1912 Alabama Highway 157,1,35058,AL,5.0,"Micropolitan high commuting: primary flow 30% or more to a urban cluster of 10,000 to 49,999",391,"ESOPHAGITIS, GASTROENTERITIS AND MISCELLANEOUS DIGESTIVE DISORDERS WITH MCC",13,27365.153846,9879.7692308,8626.8461538
10035,Cullman Regional Medical Center,Cullman,1912 Alabama Highway 157,1,35058,AL,5.0,"Micropolitan high commuting: primary flow 30% or more to a urban cluster of 10,000 to 49,999",392,"ESOPHAGITIS, GASTROENTERITIS AND MISCELLANEOUS DIGESTIVE DISORDERS WITHOUT MCC",63,21022.349206,6203.7142857,4607.7619048
10035,Cullman Regional Medical Center,Cullman,1912 Alabama Highway 157,1,35058,AL,5.0,"Micropolitan high commuting: primary flow 30% or more to a urban cluster of 10,000 to 49,999",433,CIRRHOSIS AND ALCOHOLIC HEPATITIS WITH CC,11,23177.454545,8035.0,7589.9090909
10035,Cullman Regional Medical Center,Cullman,1912 Alabama Highway 157,1,35058,AL,5.0,"Micropolitan high commuting: primary flow 30% or more to a urban cluster of 10,000 to 49,999",481,HIP AND FEMUR PROCEDURES EXCEPT MAJOR JOINT WITH CC,27,58221.518519,16121.222222,14610.111111
10035,Cullman Regional Medical Center,Cullman,1912 Alabama Highway 157,1,35058,AL,5.0,"Micropolitan high commuting: primary flow 30% or more to a urban cluster of 10,000 to 49,999",522,HIP REPLACEMENT WITH PRINCIPAL DIAGNOSIS OF HIP FRACTURE WITHOUT MCC,23,64784.043478,16430.695652,15011.565217
10035,Cullman Regional Medical Center,Cullman,1912 Alabama Highway 157,1,35058,AL,5.0,"Micropolitan high commuting: primary flow 30% or more to a urban cluster of 10,000 to 49,999",552,MEDICAL BACK PROBLEMS WITHOUT MCC,18,23666.777778,7448.7222222,6128.9444444
10035,Cullman Regional Medical Center,Cullman,1912 Alabama Highway 157,1,35058,AL,5.0,"Micropolitan high commuting: primary flow 30% or more to a urban cluster of 10,000 to 49,999",563,"FRACTURE, SPRAIN, STRAIN AND DISLOCATION EXCEPT FEMUR, HIP, PELVIS AND THIGH WITHOUT MCC",11,18281.0,6913.8181818,5726.9090909
10035,Cullman Regional Medical Center,Cullman,1912 Alabama Highway 157,1,35058,AL,5.0,"Micropolitan high commuting: primary flow 30% or more to a urban cluster of 10,000 to 49,999",603,CELLULITIS WITHOUT MCC,30,20810.766667,6858.6333333,5621.0333333
10035,Cullman Regional Medical Center,Cullman,1912 Alabama Highway 157,1,35058,AL,5.0,"Micropolitan high commuting: primary flow 30% or more to a urban cluster of 10,000 to 49,999",638,DIABETES WITH CC,12,25875.75,6971.0,5747.0
10035,Cullman Regional Medical Center,Cullman,1912 Alabama Highway 157,1,35058,AL,5.0,"Micropolitan high commuting: primary flow 30% or more to a urban cluster of 10,000 to 49,999",640,"MISCELLANEOUS DISORDERS OF NUTRITION, METABOLISM, FLUIDS AND ELECTROLYTES WITH MCC",37,25874.864865,10193.378378,8820.972973
10035,Cullman Regional Medical Center,Cullman,1912 Alabama Highway 157,1,35058,AL,5.0,"Micropolitan high commuting: primary flow 30% or more to a urban cluster of 10,000 to 49,999",641,"MISCELLANEOUS DISORDERS OF NUTRITION, METABOLISM, FLUIDS AND ELECTROLYTES WITHOUT MCC",73,19117.534247,6095.9726027,4905.0136986
10035,Cullman Regional Medical Center,Cullman,1912 Alabama Highway 157,1,35058,AL,5.0,"Micropolitan high commuting: primary flow 30% or more to a urban cluster of 10,000 to 49,999",683,RENAL FAILURE WITH CC,21,23523.52381,7007.2380952,5686.0952381
10035,Cullman Regional Medical Center,Cullman,1912 Alabama Highway 157,1,35058,AL,5.0,"Micropolitan high commuting: primary flow 30% or more to a urban cluster of 10,000 to 49,999",689,KIDNEY AND URINARY TRACT INFECTIONS WITH MCC,38,27426.078947,9056.3421053,8025.6052632
10035,Cullman Regional Medical Center,Cullman,1912 Alabama Highway 157,1,35058,AL,5.0,"Micropolitan high commuting: primary flow 30% or more to a urban cluster of 10,000 to 49,999",690,KIDNEY AND URINARY TRACT INFECTIONS WITHOUT MCC,100,21428.04,6531.85,5105.05
10035,Cullman Regional Medical Center,Cullman,1912 Alabama Highway 157,1,35058,AL,5.0,"Micropolitan high commuting: primary flow 30% or more to a urban cluster of 10,000 to 49,999",698,OTHER KIDNEY AND URINARY TRACT DIAGNOSES WITH MCC,28,35773.071429,12698.821429,11661.142857
10035,Cullman Regional Medical Center,Cullman,1912 Alabama Highway 157,1,35058,AL,5.0,"Micropolitan high commuting: primary flow 30% or more to a urban cluster of 10,000 to 49,999",699,OTHER KIDNEY AND URINARY TRACT DIAGNOSES WITH CC,16,21396.1875,8179.3125,6201.8125
10035,Cullman Regional Medical Center,Cullman,1912 Alabama Highway 157,1,35058,AL,5.0,"Micropolitan high commuting: primary flow 30% or more to a urban cluster of 10,000 to 49,999",812,RED BLOOD CELL DISORDERS WITHOUT MCC,31,17714.354839,6987.4516129,5947.7096774
10035,Cullman Regional Medical Center,Cullman,1912 Alabama Highway 157,1,35058,AL,5.0,"Micropolitan high commuting: primary flow 30% or more to a urban cluster of 10,000 to 49,999",853,INFECTIOUS AND PARASITIC DISEASES WITH O.R. PROCEDURES WITH MCC,16,80653.625,38315.1875,36377.1875
10035,Cullman Regional Medical Center,Cullman,1912 Alabama Highway 157,1,35058,AL,5.0,"Micropolitan high commuting: primary flow 30% or more to a urban cluster of 10,000 to 49,999",854,INFECTIOUS AND PARASITIC DISEASES WITH O.R. PROCEDURES WITH CC,11,39858.363636,16059.818182,13291.636364
10035,Cullman Regional Medical Center,Cullman,1912 Alabama Highway 157,1,35058,AL,5.0,"Micropolitan high commuting: primary flow 30% or more to a urban cluster of 10,000 to 49,999",871,SEPTICEMIA OR SEVERE SEPSIS WITHOUT MV >96 HOURS WITH MCC,194,42913.402062,15277.721649,13957.520619
10035,Cullman Regional Medical Center,Cullman,1912 Alabama Highway 157,1,35058,AL,5.0,"Micropolitan high commuting: primary flow 30% or more to a urban cluster of 10,000 to 49,999",872,SEPTICEMIA OR SEVERE SEPSIS WITHOUT MV >96 HOURS WITHOUT MCC,71,25995.478873,7948.3802817,6480.2394366
10035,Cullman Regional Medical Center,Cullman,1912 Alabama Highway 157,1,35058,AL,5.0,"Micropolitan high commuting: primary flow 30% or more to a urban cluster of 10,000 to 49,999",884,ORGANIC DISTURBANCES AND INTELLECTUAL DISABILITY,30,25023.633333,13355.4,12267.4
10036,Andalusia Health,Andalusia,849 South Three Notch Street,1,36420,AL,7.0,"Small town core: primary flow within an urban cluster of 2,500 to 9,999",177,RESPIRATORY INFECTIONS AND INFLAMMATIONS WITH MCC,14,52576.5,11883.428571,10294.285714
10036,Andalusia Health,Andalusia,849 South Three Notch Street,1,36420,AL,7.0,"Small town core: primary flow within an urban cluster of 2,500 to 9,999",189,PULMONARY EDEMA AND RESPIRATORY FAILURE,12,75119.916667,11265.75,7803.6666667
10036,Andalusia Health,Andalusia,849 South Three Notch Street,1,36420,AL,7.0,"Small town core: primary flow within an urban cluster of 2,500 to 9,999",190,CHRONIC OBSTRUCTIVE PULMONARY DISEASE WITH MCC,15,41846.466667,8457.4,7369.4
10036,Andalusia Health,Andalusia,849 South Three Notch Street,1,36420,AL,7.0,"Small town core: primary flow within an urban cluster of 2,500 to 9,999",193,SIMPLE PNEUMONIA AND PLEURISY WITH MCC,20,46481.1,9583.65,8114.85
10036,Andalusia Health,Andalusia,849 South Three Notch Street,1,36420,AL,7.0,"Small town core: primary flow within an urban cluster of 2,500 to 9,999",194,SIMPLE PNEUMONIA AND PLEURISY WITH CC,15,37064.2,6534.0666667,5228.4666667
10036,Andalusia Health,Andalusia,849 South Three Notch Street,1,36420,AL,7.0,"Small town core: primary flow within an urban cluster of 2,500 to 9,999",291,HEART FAILURE AND SHOCK WITH MCC,40,41488.05,9338.325,8278.325
10036,Andalusia Health,Andalusia,849 South Three Notch Street,1,36420,AL,7.0,"Small town core: primary flow within an urban cluster of 2,500 to 9,999",392,"ESOPHAGITIS, GASTROENTERITIS AND MISCELLANEOUS DIGESTIVE DISORDERS WITHOUT MCC",26,40106.230769,6253.0,5170.2307692
10036,Andalusia Health,Andalusia,849 South Three Notch Street,1,36420,AL,7.0,"Small town core: primary flow within an urban cluster of 2,500 to 9,999",470,MAJOR HIP AND KNEE JOINT REPLACEMENT OR REATTACHMENT OF LOWER EXTREMITY WITHOUT MCC,17,93977.647059,15938.764706,10322.705882
10036,Andalusia Health,Andalusia,849 South Three Notch Street,1,36420,AL,7.0,"Small town core: primary flow within an urban cluster of 2,500 to 9,999",641,"MISCELLANEOUS DISORDERS OF NUTRITION, METABOLISM, FLUIDS AND ELECTROLYTES WITHOUT MCC",11,37051.181818,6243.9090909,4760.2727273
10036,Andalusia Health,Andalusia,849 South Three Notch Street,1,36420,AL,7.0,"Small town core: primary flow within an urban cluster of 2,500 to 9,999",689,KIDNEY AND URINARY TRACT INFECTIONS WITH MCC,12,57260.333333,8799.25,7847.25
10036,Andalusia Health,Andalusia,849 South Three Notch Street,1,36420,AL,7.0,"Small town core: primary flow within an urban cluster of 2,500 to 9,999",690,KIDNEY AND URINARY TRACT INFECTIONS WITHOUT MCC,30,36728.533333,6177.9333333,4749.9333333
10036,Andalusia Health,Andalusia,849 South Three Notch Street,1,36420,AL,7.0,"Small town core: primary flow within an urban cluster of 2,500 to 9,999",871,SEPTICEMIA OR SEVERE SEPSIS WITHOUT MV >96 HOURS WITH MCC,42,67159.309524,14053.238095,12782.0
10036,Andalusia Health,Andalusia,849 South Three Notch Street,1,36420,AL,7.0,"Small town core: primary flow within an urban cluster of 2,500 to 9,999",872,SEPTICEMIA OR SEVERE SEPSIS WITHOUT MV >96 HOURS WITHOUT MCC,16,49237.4375,7798.875,6778.875
10039,Huntsville Hospital,Huntsville,101 Sivley Rd,1,35801,AL,1.0,"Metropolitan area core: primary flow within an urbanized area of 50,000 and greater",3,"ECMO OR TRACHEOSTOMY WITH MV >96 HOURS OR PRINCIPAL DIAGNOSIS EXCEPT FACE, MOUTH AND NEC",14,974696.0,162908.64286,158400.85714
10039,Huntsville Hospital,Huntsville,101 Sivley Rd,1,35801,AL,1.0,"Metropolitan area core: primary flow within an urbanized area of 50,000 and greater",4,"TRACHEOSTOMY WITH MV >96 HOURS OR PRINCIPAL DIAGNOSIS EXCEPT FACE, MOUTH AND NECK WITHOU",17,480044.41176,101007.94118,74122.941176
10039,Huntsville Hospital,Huntsville,101 Sivley Rd,1,35801,AL,1.0,"Metropolitan area core: primary flow within an urbanized area of 50,000 and greater",23,CRANIOTOMY WITH MAJOR DEVICE IMPLANT OR ACUTE COMPLEX CNS PRINCIPAL DIAGNOSIS WITH MCC O,36,245687.55556,37502.638889,35804.694444
10039,Huntsville Hospital,Huntsville,101 Sivley Rd,1,35801,AL,1.0,"Metropolitan area core: primary flow within an urbanized area of 50,000 and greater",24,CRANIOTOMY WITH MAJOR DEVICE IMPLANT OR ACUTE COMPLEX CNS PRINCIPAL DIAGNOSIS WITHOUT MC,30,176258.46667,24668.666667,20842.933333
10039,Huntsville Hospital,Huntsville,101 Sivley Rd,1,35801,AL,1.0,"Metropolitan area core: primary flow within an urbanized area of 50,000 and greater",25,CRANIOTOMY AND ENDOVASCULAR INTRACRANIAL PROCEDURES WITH MCC,52,219101.65385,35236.057692,28255.423077
10039,Huntsville Hospital,Huntsville,101 Sivley Rd,1,35801,AL,1.0,"Metropolitan area core: primary flow within an urbanized area of 50,000 and greater",26,CRANIOTOMY AND ENDOVASCULAR INTRACRANIAL PROCEDURES WITH CC,14,194468.5,20334.428571,16655.428571
10039,Huntsville Hospital,Huntsville,101 Sivley Rd,1,35801,AL,1.0,"Metropolitan area core: primary flow within an urbanized area of 50,000 and greater",27,CRANIOTOMY AND ENDOVASCULAR INTRACRANIAL PROCEDURES WITHOUT CC/MCC,21,134301.2381,21493.428571,15702.52381
10039,Huntsville Hospital,Huntsville,101 Sivley Rd,1,35801,AL,1.0,"Metropolitan area core: primary flow within an urbanized area of 50,000 and greater",36,CAROTID ARTERY STENT PROCEDURES WITHOUT CC/MCC,21,86192.904762,12971.952381,10227.952381
10039,Huntsville Hospital,Huntsville,101 Sivley Rd,1,35801,AL,1.0,"Metropolitan area core: primary flow within an urbanized area of 50,000 and greater",38,EXTRACRANIAL PROCEDURES WITH CC,18,68920.277778,14768.777778,8819.0555556
10039,Huntsville Hospital,Huntsville,101 Sivley Rd,1,35801,AL,1.0,"Metropolitan area core: primary flow within an urbanized area of 50,000 and greater",39,EXTRACRANIAL PROCEDURES WITHOUT CC/MCC,50,50631.84,8433.62,6654.56
10039,Huntsville Hospital,Huntsville,101 Sivley Rd,1,35801,AL,1.0,"Metropolitan area core: primary flow within an urbanized area of 50,000 and greater",54,NERVOUS SYSTEM NEOPLASMS WITH MCC,23,49588.086957,10037.043478,8497.0434783
10039,Huntsville Hospital,Huntsville,101 Sivley Rd,1,35801,AL,1.0,"Metropolitan area core: primary flow within an urbanized area of 50,000 and greater",56,DEGENERATIVE NERVOUS SYSTEM DISORDERS WITH MCC,17,88259.764706,15108.058824,13105.294118
10039,Huntsville Hospital,Huntsville,101 Sivley Rd,1,35801,AL,1.0,"Metropolitan area core: primary flow within an urbanized area of 50,000 and greater",57,DEGENERATIVE NERVOUS SYSTEM DISORDERS WITHOUT MCC,53,34068.150943,9559.3584906,8224.2264151
10039,Huntsville Hospital,Huntsville,101 Sivley Rd,1,35801,AL,1.0,"Metropolitan area core: primary flow within an urbanized area of 50,000 and greater",64,INTRACRANIAL HEMORRHAGE OR CEREBRAL INFARCTION WITH MCC,123,79201.227642,14755.788618,13262.796748
10039,Huntsville Hospital,Huntsville,101 Sivley Rd,1,35801,AL,1.0,"Metropolitan area core: primary flow within an urbanized area of 50,000 and greater",65,INTRACRANIAL HEMORRHAGE OR CEREBRAL INFARCTION WITH CC OR TPA IN 24 HOURS,186,46659.752688,7970.0591398,5898.9892473
10039,Huntsville Hospital,Huntsville,101 Sivley Rd,1,35801,AL,1.0,"Metropolitan area core: primary flow within an urbanized area of 50,000 and greater",66,INTRACRANIAL HEMORRHAGE OR CEREBRAL INFARCTION WITHOUT CC/MCC,46,28877.347826,5474.9782609,3911.0869565
10039,Huntsville Hospital,Huntsville,101 Sivley Rd,1,35801,AL,1.0,"Metropolitan area core: primary flow within an urbanized area of 50,000 and greater",69,TRANSIENT ISCHEMIA WITHOUT THROMBOLYTIC,57,35290.245614,6267.5614035,4681.1929825
10039,Huntsville Hospital,Huntsville,101 Sivley Rd,1,35801,AL,1.0,"Metropolitan area core: primary flow within an urbanized area of 50,000 and greater",71,OTHER CEREBROVASCULAR DISORDERS WITH CC,11,63629.727273,7602.0909091,6107.6363636
10039,Huntsville Hospital,Huntsville,101 Sivley Rd,1,35801,AL,1.0,"Metropolitan area core: primary flow within an urbanized area of 50,000 and greater",73,CRANIAL AND PERIPHERAL NERVE DISORDERS WITH MCC,11,73681.454545,15334.909091,7841.2727273
10039,Huntsville Hospital,Huntsville,101 Sivley Rd,1,35801,AL,1.0,"Metropolitan area core: primary flow within an urbanized area of 50,000 and greater",74,CRANIAL AND PERIPHERAL NERVE DISORDERS WITHOUT MCC,19,48811.736842,8516.7894737,6225.1052632
10039,Huntsville Hospital,Huntsville,101 Sivley Rd,1,35801,AL,1.0,"Metropolitan area core: primary flow within an urbanized area of 50,000 and greater",82,TRAUMATIC STUPOR AND COMA >1 HOUR WITH MCC,23,62455.391304,16013.130435,14311.521739
10039,Huntsville Hospital,Huntsville,101 Sivley Rd,1,35801,AL,1.0,"Metropolitan area core: primary flow within an urbanized area of 50,000 and greater",83,TRAUMATIC STUPOR AND COMA >1 HOUR WITH CC,31,43837.096774,9975.8709677,8414.1290323
10039,Huntsville Hospital,Huntsville,101 Sivley Rd,1,35801,AL,1.0,"Metropolitan area core: primary flow within an urbanized area of 50,000 and greater",85,TRAUMATIC STUPOR AND COMA <1 HOUR WITH MCC,13,79188.307692,14175.769231,12544.769231
10039,Huntsville Hospital,Huntsville,101 Sivley Rd,1,35801,AL,1.0,"Metropolitan area core: primary flow within an urbanized area of 50,000 and greater",86,TRAUMATIC STUPOR AND COMA <1 HOUR WITH CC,41,41861.512195,10443.512195,7852.0487805
10039,Huntsville Hospital,Huntsville,101 Sivley Rd,1,35801,AL,1.0,"Metropolitan area core: primary flow within an urbanized area of 50,000 and greater",91,OTHER DISORDERS OF NERVOUS SYSTEM WITH MCC,29,62673.448276,12398.482759,10867.827586
10039,Huntsville Hospital,Huntsville,101 Sivley Rd,1,35801,AL,1.0,"Metropolitan area core: primary flow within an urbanized area of 50,000 and greater",92,OTHER DISORDERS OF NERVOUS SYSTEM WITH CC,43,37800.116279,7725.5813953,6178.5348837
10039,Huntsville Hospital,Huntsville,101 Sivley Rd,1,35801,AL,1.0,"Metropolitan area core: primary flow within an urbanized area of 50,000 and greater",100,SEIZURES WITH MCC,32,70111.3125,16379.59375,11795.34375
10039,Huntsville Hospital,Huntsville,101 Sivley Rd,1,35801,AL,1.0,"Metropolitan area core: primary flow within an urbanized area of 50,000 and greater",101,SEIZURES WITHOUT MCC,48,38207.666667,7707.0,5554.375
10039,Huntsville Hospital,Huntsville,101 Sivley Rd,1,35801,AL,1.0,"Metropolitan area core: primary flow within an urbanized area of 50,000 and greater",163,MAJOR CHEST PROCEDURES WITH MCC,27,175512.25926,30742.481481,25223.666667
10039,Huntsville Hospital,Huntsville,101 Sivley Rd,1,35801,AL,1.0,"Metropolitan area core: primary flow within an urbanized area of 50,000 and greater",164,MAJOR CHEST PROCEDURES WITH CC,39,118281.0,18737.384615,15607.641026
10039,Huntsville Hospital,Huntsville,101 Sivley Rd,1,35801,AL,1.0,"Metropolitan area core: primary flow within an urbanized area of 50,000 and greater",165,MAJOR CHEST PROCEDURES WITHOUT CC/MCC,13,88072.769231,12464.307692,10032.923077
10039,Huntsville Hospital,Huntsville,101 Sivley Rd,1,35801,AL,1.0,"Metropolitan area core: primary flow within an urbanized area of 50,000 and greater",166,OTHER RESPIRATORY SYSTEM O.R. PROCEDURES WITH MCC,14,105737.28571,27176.0,26308.714286
10039,Huntsville Hospital,Huntsville,101 Sivley Rd,1,35801,AL,1.0,"Metropolitan area core: primary flow within an urbanized area of 50,000 and greater",175,PULMONARY EMBOLISM WITH MCC OR ACUTE COR PULMONALE,46,52884.695652,10411.23913,8503.3913043
10039,Huntsville Hospital,Huntsville,101 Sivley Rd,1,35801,AL,1.0,"Metropolitan area core: primary flow within an urbanized area of 50,000 and greater",176,PULMONARY EMBOLISM WITHOUT MCC,34,26860.382353,6806.7941176,4568.9705882
10039,Huntsville Hospital,Huntsville,101 Sivley Rd,1,35801,AL,1.0,"Metropolitan area core: primary flow within an urbanized area of 50,000 and greater",177,RESPIRATORY INFECTIONS AND INFLAMMATIONS WITH MCC,200,56525.83,11828.945,9543.315
10039,Huntsville Hospital,Huntsville,101 Sivley Rd,1,35801,AL,1.0,"Metropolitan area core: primary flow within an urbanized area of 50,000 and greater",178,RESPIRATORY INFECTIONS AND INFLAMMATIONS WITH CC,94,40841.074468,7594.1276596,5809.0
10039,Huntsville Hospital,Huntsville,101 Sivley Rd,1,35801,AL,1.0,"Metropolitan area core: primary flow within an urbanized area of 50,000 and greater",179,RESPIRATORY INFECTIONS AND INFLAMMATIONS WITHOUT CC/MCC,13,42437.230769,5702.7692308,4046.3076923
10039,Huntsville Hospital,Huntsville,101 Sivley Rd,1,35801,AL,1.0,"Metropolitan area core: primary flow within an urbanized area of 50,000 and greater",180,RESPIRATORY NEOPLASMS WITH MCC,22,63778.409091,11947.181818,10583.545455
10039,Huntsville Hospital,Huntsville,101 Sivley Rd,1,35801,AL,1.0,"Metropolitan area core: primary flow within an urbanized area of 50,000 and greater",181,RESPIRATORY NEOPLASMS WITH CC,13,40050.076923,8262.5384615,6919.7692308
10039,Huntsville Hospital,Huntsville,101 Sivley Rd,1,35801,AL,1.0,"Metropolitan area core: primary flow within an urbanized area of 50,000 and greater",184,MAJOR CHEST TRAUMA WITH CC,13,31358.538462,7928.4615385,6151.0769231
10039,Huntsville Hospital,Huntsville,101 Sivley Rd,1,35801,AL,1.0,"Metropolitan area core: primary flow within an urbanized area of 50,000 and greater",189,PULMONARY EDEMA AND RESPIRATORY FAILURE,63,47370.253968,9040.5396825,7527.0952381
10039,Huntsville Hospital,Huntsville,101 Sivley Rd,1,35801,AL,1.0,"Metropolitan area core: primary flow within an urbanized area of 50,000 and greater",190,CHRONIC OBSTRUCTIVE PULMONARY DISEASE WITH MCC,51,39407.156863,8460.2745098,6391.8627451
10039,Huntsville Hospital,Huntsville,101 Sivley Rd,1,35801,AL,1.0,"Metropolitan area core: primary flow within an urbanized area of 50,000 and greater",191,CHRONIC OBSTRUCTIVE PULMONARY DISEASE WITH CC,51,27096.745098,6452.2941176,4656.3921569
10039,Huntsville Hospital,Huntsville,101 Sivley Rd,1,35801,AL,1.0,"Metropolitan area core: primary flow within an urbanized area of 50,000 and greater",193,SIMPLE PNEUMONIA AND PLEURISY WITH MCC,108,44074.981481,9467.212963,8052.5092593
10039,Huntsville Hospital,Huntsville,101 Sivley Rd,1,35801,AL,1.0,"Metropolitan area core: primary flow within an urbanized area of 50,000 and greater",194,SIMPLE PNEUMONIA AND PLEURISY WITH CC,86,28157.22093,6502.9418605,4599.1627907
10039,Huntsville Hospital,Huntsville,101 Sivley Rd,1,35801,AL,1.0,"Metropolitan area core: primary flow within an urbanized area of 50,000 and greater",195,SIMPLE PNEUMONIA AND PLEURISY WITHOUT CC/MCC,17,22973.176471,5601.6470588,3000.7058824
10039,Huntsville Hospital,Huntsville,101 Sivley Rd,1,35801,AL,1.0,"Metropolitan area core: primary flow within an urbanized area of 50,000 and greater",196,INTERSTITIAL LUNG DISEASE WITH MCC,17,63114.352941,13559.882353,11958.176471
10039,Huntsville Hospital,Huntsville,101 Sivley Rd,1,35801,AL,1.0,"Metropolitan area core: primary flow within an urbanized area of 50,000 and greater",200,PNEUMOTHORAX WITH CC,22,41607.454545,10587.772727,5233.4545455
10039,Huntsville Hospital,Huntsville,101 Sivley Rd,1,35801,AL,1.0,"Metropolitan area core: primary flow within an urbanized area of 50,000 and greater",202,BRONCHITIS AND ASTHMA WITH CC/MCC,33,26282.787879,7787.7575758,5496.2424242
10039,Huntsville Hospital,Huntsville,101 Sivley Rd,1,35801,AL,1.0,"Metropolitan area core: primary flow within an urbanized area of 50,000 and greater",205,OTHER RESPIRATORY SYSTEM DIAGNOSES WITH MCC,20,51614.55,12932.6,11342.5
10039,Huntsville Hospital,Huntsville,101 Sivley Rd,1,35801,AL,1.0,"Metropolitan area core: primary flow within an urbanized area of 50,000 and greater",206,OTHER RESPIRATORY SYSTEM DIAGNOSES WITHOUT MCC,16,27681.375,6993.25,5882.875
10039,Huntsville Hospital,Huntsville,101 Sivley Rd,1,35801,AL,1.0,"Metropolitan area core: primary flow within an urbanized area of 50,000 and greater",207,RESPIRATORY SYSTEM DIAGNOSIS WITH VENTILATOR SUPPORT >96 HOURS,19,186112.63158,45887.473684,39833.157895
10039,Huntsville Hospital,Huntsville,101 Sivley Rd,1,35801,AL,1.0,"Metropolitan area core: primary flow within an urbanized area of 50,000 and greater",208,RESPIRATORY SYSTEM DIAGNOSIS WITH VENTILATOR SUPPORT <=96 HOURS,30,78878.133333,18303.266667,15156.966667
10039,Huntsville Hospital,Huntsville,101 Sivley Rd,1,35801,AL,1.0,"Metropolitan area core: primary flow within an urbanized area of 50,000 and greater",219,CARDIAC VALVE AND OTHER MAJOR CARDIOTHORACIC PROCEDURES WITHOUT CARDIAC CATHETERIZATION,25,428527.4,64981.24,62629.6
10039,Huntsville Hospital,Huntsville,101 Sivley Rd,1,35801,AL,1.0,"Metropolitan area core: primary flow within an urbanized area of 50,000 and greater",220,CARDIAC VALVE AND OTHER MAJOR CARDIOTHORACIC PROCEDURES WITHOUT CARDIAC CATHETERIZATION,29,277067.96552,44788.793103,30396.275862
10039,Huntsville Hospital,Huntsville,101 Sivley Rd,1,35801,AL,1.0,"Metropolitan area core: primary flow within an urbanized area of 50,000 and greater",233,CORONARY BYPASS WITH CARDIAC CATHETERIZATION OR OPEN ABLATION WITH MCC,29,305220.75862,58965.137931,43469.103448
10039,Huntsville Hospital,Huntsville,101 Sivley Rd,1,35801,AL,1.0,"Metropolitan area core: primary flow within an urbanized area of 50,000 and greater",234,CORONARY BYPASS WITH CARDIAC CATHETERIZATION OR OPEN ABLATION WITHOUT MCC,42,222893.90476,42135.857143,27417.047619
10039,Huntsville Hospital,Huntsville,101 Sivley Rd,1,35801,AL,1.0,"Metropolitan area core: primary flow within an urbanized area of 50,000 and greater",235,CORONARY BYPASS WITHOUT CARDIAC CATHETERIZATION WITH MCC,29,247464.51724,39464.172414,37852.689655
10039,Huntsville Hospital,Huntsville,101 Sivley Rd,1,35801,AL,1.0,"Metropolitan area core: primary flow within an urbanized area of 50,000 and greater",236,CORONARY BYPASS WITHOUT CARDIAC CATHETERIZATION WITHOUT MCC,41,196546.80488,29722.731707,23408.219512
10039,Huntsville Hospital,Huntsville,101 Sivley Rd,1,35801,AL,1.0,"Metropolitan area core: primary flow within an urbanized area of 50,000 and greater",242,PERMANENT CARDIAC PACEMAKER IMPLANT WITH MCC,31,110775.03226,22725.193548,21140.903226
10039,Huntsville Hospital,Huntsville,101 Sivley Rd,1,35801,AL,1.0,"Metropolitan area core: primary flow within an urbanized area of 50,000 and greater",243,PERMANENT CARDIAC PACEMAKER IMPLANT WITH CC,39,81090.282051,15771.512821,13905.461538
10039,Huntsville Hospital,Huntsville,101 Sivley Rd,1,35801,AL,1.0,"Metropolitan area core: primary flow within an urbanized area of 50,000 and greater",244,PERMANENT CARDIAC PACEMAKER IMPLANT WITHOUT CC/MCC,33,66409.818182,13699.242424,10929.393939
10039,Huntsville Hospital,Huntsville,101 Sivley Rd,1,35801,AL,1.0,"Metropolitan area core: primary flow within an urbanized area of 50,000 and greater",250,PERCUTANEOUS CARDIOVASCULAR PROCEDURES WITHOUT INTRALUMINAL DEVICE WITH MCC,12,108835.0,24899.833333,15074.416667
10039,Huntsville Hospital,Huntsville,101 Sivley Rd,1,35801,AL,1.0,"Metropolitan area core: primary flow within an urbanized area of 50,000 and greater",252,OTHER VASCULAR PROCEDURES WITH MCC,28,169322.42857,26782.0,24792.964286
10039,Huntsville Hospital,Huntsville,101 Sivley Rd,1,35801,AL,1.0,"Metropolitan area core: primary flow within an urbanized area of 50,000 and greater",253,OTHER VASCULAR PROCEDURES WITH CC,22,103608.45455,16891.681818,15301.045455
10039,Huntsville Hospital,Huntsville,101 Sivley Rd,1,35801,AL,1.0,"Metropolitan area core: primary flow within an urbanized area of 50,000 and greater",254,OTHER VASCULAR PROCEDURES WITHOUT CC/MCC,13,93135.846154,12667.769231,9883.0
10039,Huntsville Hospital,Huntsville,101 Sivley Rd,1,35801,AL,1.0,"Metropolitan area core: primary flow within an urbanized area of 50,000 and greater",264,OTHER CIRCULATORY SYSTEM O.R. PROCEDURES,11,107530.18182,22057.0,20005.909091
10039,Huntsville Hospital,Huntsville,101 Sivley Rd,1,35801,AL,1.0,"Metropolitan area core: primary flow within an urbanized area of 50,000 and greater",266,ENDOVASCULAR CARDIAC VALVE REPLACEMENT AND SUPPLEMENT PROCEDURES WITH MCC,37,263518.02703,41655.810811,40232.972973
10039,Huntsville Hospital,Huntsville,101 Sivley Rd,1,35801,AL,1.0,"Metropolitan area core: primary flow within an urbanized area of 50,000 and greater",267,ENDOVASCULAR CARDIAC VALVE REPLACEMENT AND SUPPLEMENT PROCEDURES WITHOUT MCC,109,212976.22018,32807.40367,30303.642202
10039,Huntsville Hospital,Huntsville,101 Sivley Rd,1,35801,AL,1.0,"Metropolitan area core: primary flow within an urbanized area of 50,000 and greater",269,AORTIC AND HEART ASSIST PROCEDURES EXCEPT PULSATION BALLOON WITHOUT MCC,19,224441.26316,30474.578947,22197.578947
10039,Huntsville Hospital,Huntsville,101 Sivley Rd,1,35801,AL,1.0,"Metropolitan area core: primary flow within an urbanized area of 50,000 and greater",270,OTHER MAJOR CARDIOVASCULAR PROCEDURES WITH MCC,35,235172.85714,42212.457143,34413.485714
10039,Huntsville Hospital,Huntsville,101 Sivley Rd,1,35801,AL,1.0,"Metropolitan area core: primary flow within an urbanized area of 50,000 and greater",271,OTHER MAJOR CARDIOVASCULAR PROCEDURES WITH CC,27,145802.92593,22240.814815,17006.0
10039,Huntsville Hospital,Huntsville,101 Sivley Rd,1,35801,AL,1.0,"Metropolitan area core: primary flow within an urbanized area of 50,000 and greater",274,PERCUTANEOUS AND OTHER INTRACARDIAC PROCEDURES WITHOUT MCC,113,124180.02655,21549.814159,19237.504425
10039,Huntsville Hospital,Huntsville,101 Sivley Rd,1,35801,AL,1.0,"Metropolitan area core: primary flow within an urbanized area of 50,000 and greater",280,"ACUTE MYOCARDIAL INFARCTION, DISCHARGED ALIVE WITH MCC",72,58876.055556,11511.638889,10013.736111
10039,Huntsville Hospital,Huntsville,101 Sivley Rd,1,35801,AL,1.0,"Metropolitan area core: primary flow within an urbanized area of 50,000 and greater",281,"ACUTE MYOCARDIAL INFARCTION, DISCHARGED ALIVE WITH CC",47,31178.148936,6917.1702128,4988.8085106
10039,Huntsville Hospital,Huntsville,101 Sivley Rd,1,35801,AL,1.0,"Metropolitan area core: primary flow within an urbanized area of 50,000 and greater",282,"ACUTE MYOCARDIAL INFARCTION, DISCHARGED ALIVE WITHOUT CC/MCC",15,28062.533333,5858.4666667,3790.6
10039,Huntsville Hospital,Huntsville,101 Sivley Rd,1,35801,AL,1.0,"Metropolitan area core: primary flow within an urbanized area of 50,000 and greater",283,"ACUTE MYOCARDIAL INFARCTION, EXPIRED WITH MCC",22,75870.590909,15299.318182,13309.363636
10039,Huntsville Hospital,Huntsville,101 Sivley Rd,1,35801,AL,1.0,"Metropolitan area core: primary flow within an urbanized area of 50,000 and greater",286,"CIRCULATORY DISORDERS EXCEPT AMI, WITH CARDIAC CATHETERIZATION WITH MCC",119,59428.193277,16218.151261,12959.705882
10039,Huntsville Hospital,Huntsville,101 Sivley Rd,1,35801,AL,1.0,"Metropolitan area core: primary flow within an urbanized area of 50,000 and greater",287,"CIRCULATORY DISORDERS EXCEPT AMI, WITH CARDIAC CATHETERIZATION WITHOUT MCC",75,36451.48,8331.5733333,6418.96
10039,Huntsville Hospital,Huntsville,101 Sivley Rd,1,35801,AL,1.0,"Metropolitan area core: primary flow within an urbanized area of 50,000 and greater",291,HEART FAILURE AND SHOCK WITH MCC,389,40674.586118,9512.3007712,7930.7095116
10039,Huntsville Hospital,Huntsville,101 Sivley Rd,1,35801,AL,1.0,"Metropolitan area core: primary flow within an urbanized area of 50,000 and greater",292,HEART FAILURE AND SHOCK WITH CC,45,29280.822222,6590.9111111,4997.0222222
10039,Huntsville Hospital,Huntsville,101 Sivley Rd,1,35801,AL,1.0,"Metropolitan area core: primary flow within an urbanized area of 50,000 and greater",299,PERIPHERAL VASCULAR DISORDERS WITH MCC,23,48395.913043,11098.73913,10010.565217
10039,Huntsville Hospital,Huntsville,101 Sivley Rd,1,35801,AL,1.0,"Metropolitan area core: primary flow within an urbanized area of 50,000 and greater",300,PERIPHERAL VASCULAR DISORDERS WITH CC,19,26195.0,7890.7368421,6550.4210526
10039,Huntsville Hospital,Huntsville,101 Sivley Rd,1,35801,AL,1.0,"Metropolitan area core: primary flow within an urbanized area of 50,000 and greater",304,HYPERTENSION WITH MCC,18,67967.444444,10447.777778,8785.8333333
10039,Huntsville Hospital,Huntsville,101 Sivley Rd,1,35801,AL,1.0,"Metropolitan area core: primary flow within an urbanized area of 50,000 and greater",305,HYPERTENSION WITHOUT MCC,35,26141.085714,5976.2285714,4529.9714286
10039,Huntsville Hospital,Huntsville,101 Sivley Rd,1,35801,AL,1.0,"Metropolitan area core: primary flow within an urbanized area of 50,000 and greater",308,CARDIAC ARRHYTHMIA AND CONDUCTION DISORDERS WITH MCC,102,39319.166667,8851.7352941,7356.8235294
10039,Huntsville Hospital,Huntsville,101 Sivley Rd,1,35801,AL,1.0,"Metropolitan area core: primary flow within an urbanized area of 50,000 and greater",309,CARDIAC ARRHYTHMIA AND CONDUCTION DISORDERS WITH CC,109,24635.816514,5938.2385321,4175.2293578
10039,Huntsville Hospital,Huntsville,101 Sivley Rd,1,35801,AL,1.0,"Metropolitan area core: primary flow within an urbanized area of 50,000 and greater",310,CARDIAC ARRHYTHMIA AND CONDUCTION DISORDERS WITHOUT CC/MCC,22,16435.136364,4834.8181818,2981.0
10039,Huntsville Hospital,Huntsville,101 Sivley Rd,1,35801,AL,1.0,"Metropolitan area core: primary flow within an urbanized area of 50,000 and greater",312,SYNCOPE AND COLLAPSE,116,28489.534483,6669.6724138,5051.0948276
10039,Huntsville Hospital,Huntsville,101 Sivley Rd,1,35801,AL,1.0,"Metropolitan area core: primary flow within an urbanized area of 50,000 and greater",313,CHEST PAIN,21,23233.714286,7263.7142857,4280.6190476
10039,Huntsville Hospital,Huntsville,101 Sivley Rd,1,35801,AL,1.0,"Metropolitan area core: primary flow within an urbanized area of 50,000 and greater",314,OTHER CIRCULATORY SYSTEM DIAGNOSES WITH MCC,55,76418.672727,14999.236364,13318.036364
10039,Huntsville Hospital,Huntsville,101 Sivley Rd,1,35801,AL,1.0,"Metropolitan area core: primary flow within an urbanized area of 50,000 and greater",315,OTHER CIRCULATORY SYSTEM DIAGNOSES WITH CC,14,38470.5,8396.0714286,5469.3571429
10039,Huntsville Hospital,Huntsville,101 Sivley Rd,1,35801,AL,1.0,"Metropolitan area core: primary flow within an urbanized area of 50,000 and greater",321,PERCUTANEOUS CARDIOVASCULAR PROCEDURES WITH INTRALUMINAL DEVICE WITH MCC OR 4+ ARTERIES/,66,110786.71212,20699.30303,17229.151515
10039,Huntsville Hospital,Huntsville,101 Sivley Rd,1,35801,AL,1.0,"Metropolitan area core: primary flow within an urbanized area of 50,000 and greater",322,PERCUTANEOUS CARDIOVASCULAR PROCEDURES WITH INTRALUMINAL DEVICE WITHOUT MCC,140,71852.757143,15480.871429,10153.792857
10039,Huntsville Hospital,Huntsville,101 Sivley Rd,1,35801,AL,1.0,"Metropolitan area core: primary flow within an urbanized area of 50,000 and greater",327,"STOMACH, ESOPHAGEAL AND DUODENAL PROCEDURES WITH CC",14,127596.07143,17466.642857,15793.0
10039,Huntsville Hospital,Huntsville,101 Sivley Rd,1,35801,AL,1.0,"Metropolitan area core: primary flow within an urbanized area of 50,000 and greater",328,"STOMACH, ESOPHAGEAL AND DUODENAL PROCEDURES WITHOUT CC/MCC",14,101675.42857,12359.142857,8330.7857143
10039,Huntsville Hospital,Huntsville,101 Sivley Rd,1,35801,AL,1.0,"Metropolitan area core: primary flow within an urbanized area of 50,000 and greater",329,MAJOR SMALL AND LARGE BOWEL PROCEDURES WITH MCC,41,176339.04878,32324.853659,27126.853659
10039,Huntsville Hospital,Huntsville,101 Sivley Rd,1,35801,AL,1.0,"Metropolitan area core: primary flow within an urbanized area of 50,000 and greater",330,MAJOR SMALL AND LARGE BOWEL PROCEDURES WITH CC,52,101543.21154,16900.038462,14264.480769
10039,Huntsville Hospital,Huntsville,101 Sivley Rd,1,35801,AL,1.0,"Metropolitan area core: primary flow within an urbanized area of 50,000 and greater",331,MAJOR SMALL AND LARGE BOWEL PROCEDURES WITHOUT CC/MCC,56,90758.464286,12475.553571,9312.9285714
10039,Huntsville Hospital,Huntsville,101 Sivley Rd,1,35801,AL,1.0,"Metropolitan area core: primary flow within an urbanized area of 50,000 and greater",336,PERITONEAL ADHESIOLYSIS WITH CC,11,97420.090909,27549.363636,9280.6363636
10039,Huntsville Hospital,Huntsville,101 Sivley Rd,1,35801,AL,1.0,"Metropolitan area core: primary flow within an urbanized area of 50,000 and greater",355,HERNIA PROCEDURES EXCEPT INGUINAL AND FEMORAL WITHOUT CC/MCC,13,70794.538462,12194.461538,6284.2307692
10039,Huntsville Hospital,Huntsville,101 Sivley Rd,1,35801,AL,1.0,"Metropolitan area core: primary flow within an urbanized area of 50,000 and greater",356,OTHER DIGESTIVE SYSTEM O.R. PROCEDURES WITH MCC,21,202744.04762,32813.666667,30977.428571
10039,Huntsville Hospital,Huntsville,101 Sivley Rd,1,35801,AL,1.0,"Metropolitan area core: primary flow within an urbanized area of 50,000 and greater",371,MAJOR GASTROINTESTINAL DISORDERS AND PERITONEAL INFECTIONS WITH MCC,24,48714.666667,12068.958333,9727.2083333
10039,Huntsville Hospital,Huntsville,101 Sivley Rd,1,35801,AL,1.0,"Metropolitan area core: primary flow within an urbanized area of 50,000 and greater",372,MAJOR GASTROINTESTINAL DISORDERS AND PERITONEAL INFECTIONS WITH CC,40,31531.725,8201.15,5716.0
10039,Huntsville Hospital,Huntsville,101 Sivley Rd,1,35801,AL,1.0,"Metropolitan area core: primary flow within an urbanized area of 50,000 and greater",377,GASTROINTESTINAL HEMORRHAGE WITH MCC,69,63958.449275,14381.623188,11672.623188
10039,Huntsville Hospital,Huntsville,101 Sivley Rd,1,35801,AL,1.0,"Metropolitan area core: primary flow within an urbanized area of 50,000 and greater",378,GASTROINTESTINAL HEMORRHAGE WITH CC,116,36701.784483,7697.8965517,5780.1206897
10039,Huntsville Hospital,Huntsville,101 Sivley Rd,1,35801,AL,1.0,"Metropolitan area core: primary flow within an urbanized area of 50,000 and greater",386,INFLAMMATORY BOWEL DISEASE WITH CC,11,29815.454545,7474.2727273,5929.9090909
10039,Huntsville Hospital,Huntsville,101 Sivley Rd,1,35801,AL,1.0,"Metropolitan area core: primary flow within an urbanized area of 50,000 and greater",388,GASTROINTESTINAL OBSTRUCTION WITH MCC,30,43161.466667,10690.433333,8714.7
10039,Huntsville Hospital,Huntsville,101 Sivley Rd,1,35801,AL,1.0,"Metropolitan area core: primary flow within an urbanized area of 50,000 and greater",389,GASTROINTESTINAL OBSTRUCTION WITH CC,43,24476.372093,6260.2325581,4271.0930233
10039,Huntsville Hospital,Huntsville,101 Sivley Rd,1,35801,AL,1.0,"Metropolitan area core: primary flow within an urbanized area of 50,000 and greater",390,GASTROINTESTINAL OBSTRUCTION WITHOUT CC/MCC,19,20363.789474,5125.5789474,2833.8947368
10039,Huntsville Hospital,Huntsville,101 Sivley Rd,1,35801,AL,1.0,"Metropolitan area core: primary flow within an urbanized area of 50,000 and greater",391,"ESOPHAGITIS, GASTROENTERITIS AND MISCELLANEOUS DIGESTIVE DISORDERS WITH MCC",48,44009.0625,10450.708333,7356.2916667
10039,Huntsville Hospital,Huntsville,101 Sivley Rd,1,35801,AL,1.0,"Metropolitan area core: primary flow within an urbanized area of 50,000 and greater",392,"ESOPHAGITIS, GASTROENTERITIS AND MISCELLANEOUS DIGESTIVE DISORDERS WITHOUT MCC",116,30162.086207,7281.5775862,4317.9482759
10039,Huntsville Hospital,Huntsville,101 Sivley Rd,1,35801,AL,1.0,"Metropolitan area core: primary flow within an urbanized area of 50,000 and greater",393,OTHER DIGESTIVE SYSTEM DIAGNOSES WITH MCC,17,71464.823529,13040.294118,11266.529412
10039,Huntsville Hospital,Huntsville,101 Sivley Rd,1,35801,AL,1.0,"Metropolitan area core: primary flow within an urbanized area of 50,000 and greater",394,OTHER DIGESTIVE SYSTEM DIAGNOSES WITH CC,27,34093.407407,7480.5925926,5820.5925926
10039,Huntsville Hospital,Huntsville,101 Sivley Rd,1,35801,AL,1.0,"Metropolitan area core: primary flow within an urbanized area of 50,000 and greater",402,SINGLE LEVEL COMBINED ANTERIOR AND POSTERIOR SPINAL FUSION EXCEPT CERVICAL,22,209000.04545,27423.681818,20424.772727
10039,Huntsville Hospital,Huntsville,101 Sivley Rd,1,35801,AL,1.0,"Metropolitan area core: primary flow within an urbanized area of 50,000 and greater",417,LAPAROSCOPIC CHOLECYSTECTOMY WITHOUT C.D.E. WITH MCC,18,83813.611111,23062.611111,12202.888889
10039,Huntsville Hospital,Huntsville,101 Sivley Rd,1,35801,AL,1.0,"Metropolitan area core: primary flow within an urbanized area of 50,000 and greater",418,LAPAROSCOPIC CHOLECYSTECTOMY WITHOUT C.D.E. WITH CC,21,72923.047619,12550.571429,9043.4285714
10039,Huntsville Hospital,Huntsville,101 Sivley Rd,1,35801,AL,1.0,"Metropolitan area core: primary flow within an urbanized area of 50,000 and greater",428,MULTIPLE LEVEL COMBINED ANTERIOR AND POSTERIOR SPINAL FUSION EXCEPT CERVICAL WITHOUT CC/,12,322864.33333,36799.666667,35164.583333
10039,Huntsville Hospital,Huntsville,101 Sivley Rd,1,35801,AL,1.0,"Metropolitan area core: primary flow within an urbanized area of 50,000 and greater",432,CIRRHOSIS AND ALCOHOLIC HEPATITIS WITH MCC,28,50533.785714,13166.571429,12034.964286
10039,Huntsville Hospital,Huntsville,101 Sivley Rd,1,35801,AL,1.0,"Metropolitan area core: primary flow within an urbanized area of 50,000 and greater",433,CIRRHOSIS AND ALCOHOLIC HEPATITIS WITH CC,11,45234.181818,6522.8181818,5527.4545455
10039,Huntsville Hospital,Huntsville,101 Sivley Rd,1,35801,AL,1.0,"Metropolitan area core: primary flow within an urbanized area of 50,000 and greater",435,MALIGNANCY OF HEPATOBILIARY SYSTEM OR PANCREAS WITH MCC,23,95274.956522,14252.913043,11290.565217
10039,Huntsville Hospital,Huntsville,101 Sivley Rd,1,35801,AL,1.0,"Metropolitan area core: primary flow within an urbanized area of 50,000 and greater",439,DISORDERS OF PANCREAS EXCEPT MALIGNANCY WITH CC,23,34174.043478,7770.5217391,4770.9130435
10039,Huntsville Hospital,Huntsville,101 Sivley Rd,1,35801,AL,1.0,"Metropolitan area core: primary flow within an urbanized area of 50,000 and greater",441,"DISORDERS OF LIVER EXCEPT MALIGNANCY, CIRRHOSIS OR ALCOHOLIC HEPATITIS WITH MCC",25,56943.2,13701.24,10996.76
10039,Huntsville Hospital,Huntsville,101 Sivley Rd,1,35801,AL,1.0,"Metropolitan area core: primary flow within an urbanized area of 50,000 and greater",444,DISORDERS OF THE BILIARY TRACT WITH MCC,13,70213.307692,13286.307692,8845.9230769
10039,Huntsville Hospital,Huntsville,101 Sivley Rd,1,35801,AL,1.0,"Metropolitan area core: primary flow within an urbanized area of 50,000 and greater",445,DISORDERS OF THE BILIARY TRACT WITH CC,19,49254.947368,8419.3684211,6309.6315789
10039,Huntsville Hospital,Huntsville,101 Sivley Rd,1,35801,AL,1.0,"Metropolitan area core: primary flow within an urbanized area of 50,000 and greater",451,SINGLE LEVEL SPINAL FUSION EXCEPT CERVICAL WITHOUT MCC,12,191836.75,23910.5,15031.083333
10039,Huntsville Hospital,Huntsville,101 Sivley Rd,1,35801,AL,1.0,"Metropolitan area core: primary flow within an urbanized area of 50,000 and greater",454,COMBINED ANTERIOR AND POSTERIOR SPINAL FUSION WITH CC,31,293830.64516,45637.0,40671.580645
10039,Huntsville Hospital,Huntsville,101 Sivley Rd,1,35801,AL,1.0,"Metropolitan area core: primary flow within an urbanized area of 50,000 and greater",455,COMBINED ANTERIOR AND POSTERIOR SPINAL FUSION WITHOUT CC/MCC,90,255970.58889,32614.277778,28982.177778
10039,Huntsville Hospital,Huntsville,101 Sivley Rd,1,35801,AL,1.0,"Metropolitan area core: primary flow within an urbanized area of 50,000 and greater",460,SPINAL FUSION EXCEPT CERVICAL WITHOUT MCC,49,174035.65306,24904.55102,21849.408163
10039,Huntsville Hospital,Huntsville,101 Sivley Rd,1,35801,AL,1.0,"Metropolitan area core: primary flow within an urbanized area of 50,000 and greater",467,REVISION OF HIP OR KNEE REPLACEMENT WITH CC,48,164765.08333,22466.895833,20902.1875
10039,Huntsville Hospital,Huntsville,101 Sivley Rd,1,35801,AL,1.0,"Metropolitan area core: primary flow within an urbanized area of 50,000 and greater",468,REVISION OF HIP OR KNEE REPLACEMENT WITHOUT CC/MCC,38,144072.23684,20321.052632,14049.710526
10039,Huntsville Hospital,Huntsville,101 Sivley Rd,1,35801,AL,1.0,"Metropolitan area core: primary flow within an urbanized area of 50,000 and greater",470,MAJOR HIP AND KNEE JOINT REPLACEMENT OR REATTACHMENT OF LOWER EXTREMITY WITHOUT MCC,90,106848.96667,14861.477778,11414.022222
10039,Huntsville Hospital,Huntsville,101 Sivley Rd,1,35801,AL,1.0,"Metropolitan area core: primary flow within an urbanized area of 50,000 and greater",472,CERVICAL SPINAL FUSION WITH CC,40,119532.85,25754.125,16975.725
10039,Huntsville Hospital,Huntsville,101 Sivley Rd,1,35801,AL,1.0,"Metropolitan area core: primary flow within an urbanized area of 50,000 and greater",473,CERVICAL SPINAL FUSION WITHOUT CC/MCC,29,97737.827586,16745.275862,15236.413793
10039,Huntsville Hospital,Huntsville,101 Sivley Rd,1,35801,AL,1.0,"Metropolitan area core: primary flow within an urbanized area of 50,000 and greater",480,HIP AND FEMUR PROCEDURES EXCEPT MAJOR JOINT WITH MCC,37,113257.16216,19869.594595,17450.486486
10039,Huntsville Hospital,Huntsville,101 Sivley Rd,1,35801,AL,1.0,"Metropolitan area core: primary flow within an urbanized area of 50,000 and greater",481,HIP AND FEMUR PROCEDURES EXCEPT MAJOR JOINT WITH CC,133,81132.601504,14697.556391,12130.917293
10039,Huntsville Hospital,Huntsville,101 Sivley Rd,1,35801,AL,1.0,"Metropolitan area core: primary flow within an urbanized area of 50,000 and greater",482,HIP AND FEMUR PROCEDURES EXCEPT MAJOR JOINT WITHOUT CC/MCC,12,66682.583333,11332.916667,10169.666667
10039,Huntsville Hospital,Huntsville,101 Sivley Rd,1,35801,AL,1.0,"Metropolitan area core: primary flow within an urbanized area of 50,000 and greater",483,MAJOR JOINT OR LIMB REATTACHMENT PROCEDURES OF UPPER EXTREMITIES,28,103397.96429,17321.357143,15696.714286
10039,Huntsville Hospital,Huntsville,101 Sivley Rd,1,35801,AL,1.0,"Metropolitan area core: primary flow within an urbanized area of 50,000 and greater",493,"LOWER EXTREMITY AND HUMERUS PROCEDURES EXCEPT HIP, FOOT AND FEMUR WITH CC",38,91738.026316,17379.868421,13596.526316
10039,Huntsville Hospital,Huntsville,101 Sivley Rd,1,35801,AL,1.0,"Metropolitan area core: primary flow within an urbanized area of 50,000 and greater",494,"LOWER EXTREMITY AND HUMERUS PROCEDURES EXCEPT HIP, FOOT AND FEMUR WITHOUT CC/MCC",20,92489.95,26313.25,9742.85
10039,Huntsville Hospital,Huntsville,101 Sivley Rd,1,35801,AL,1.0,"Metropolitan area core: primary flow within an urbanized area of 50,000 and greater",516,OTHER MUSCULOSKELETAL SYSTEM AND CONNECTIVE TISSUE O.R. PROCEDURES WITH CC,26,78425.807692,13741.730769,12099.192308
10039,Huntsville Hospital,Huntsville,101 Sivley Rd,1,35801,AL,1.0,"Metropolitan area core: primary flow within an urbanized area of 50,000 and greater",517,OTHER MUSCULOSKELETAL SYSTEM AND CONNECTIVE TISSUE O.R. PROCEDURES WITHOUT CC/MCC,19,50482.789474,14218.052632,8313.9473684
10039,Huntsville Hospital,Huntsville,101 Sivley Rd,1,35801,AL,1.0,"Metropolitan area core: primary flow within an urbanized area of 50,000 and greater",519,BACK AND NECK PROCEDURES EXCEPT SPINAL FUSION WITH CC,14,74375.142857,14663.071429,11120.142857
10039,Huntsville Hospital,Huntsville,101 Sivley Rd,1,35801,AL,1.0,"Metropolitan area core: primary flow within an urbanized area of 50,000 and greater",521,HIP REPLACEMENT WITH PRINCIPAL DIAGNOSIS OF HIP FRACTURE WITH MCC,21,115900.7619,18873.952381,17343.0
10039,Huntsville Hospital,Huntsville,101 Sivley Rd,1,35801,AL,1.0,"Metropolitan area core: primary flow within an urbanized area of 50,000 and greater",522,HIP REPLACEMENT WITH PRINCIPAL DIAGNOSIS OF HIP FRACTURE WITHOUT MCC,92,74784.576087,14965.923913,12696.086957
10039,Huntsville Hospital,Huntsville,101 Sivley Rd,1,35801,AL,1.0,"Metropolitan area core: primary flow within an urbanized area of 50,000 and greater",535,FRACTURES OF HIP AND PELVIS WITH MCC,13,37283.307692,9432.1538462,7285.4615385
10039,Huntsville Hospital,Huntsville,101 Sivley Rd,1,35801,AL,1.0,"Metropolitan area core: primary flow within an urbanized area of 50,000 and greater",536,FRACTURES OF HIP AND PELVIS WITHOUT MCC,38,25377.552632,6282.0263158,4806.1315789
10039,Huntsville Hospital,Huntsville,101 Sivley Rd,1,35801,AL,1.0,"Metropolitan area core: primary flow within an urbanized area of 50,000 and greater",543,PATHOLOGICAL FRACTURES AND MUSCULOSKELETAL AND CONNECTIVE TISSUE MALIGNANCY WITH CC,19,32409.736842,8137.8421053,6670.4210526
10039,Huntsville Hospital,Huntsville,101 Sivley Rd,1,35801,AL,1.0,"Metropolitan area core: primary flow within an urbanized area of 50,000 and greater",551,MEDICAL BACK PROBLEMS WITH MCC,27,42011.37037,11656.222222,10505.074074
10039,Huntsville Hospital,Huntsville,101 Sivley Rd,1,35801,AL,1.0,"Metropolitan area core: primary flow within an urbanized area of 50,000 and greater",552,MEDICAL BACK PROBLEMS WITHOUT MCC,86,33274.174419,7152.0581395,5553.7790698
10039,Huntsville Hospital,Huntsville,101 Sivley Rd,1,35801,AL,1.0,"Metropolitan area core: primary flow within an urbanized area of 50,000 and greater",556,SIGNS AND SYMPTOMS OF MUSCULOSKELETAL SYSTEM AND CONNECTIVE TISSUE WITHOUT MCC,24,34067.0,6795.5833333,5175.4583333
10039,Huntsville Hospital,Huntsville,101 Sivley Rd,1,35801,AL,1.0,"Metropolitan area core: primary flow within an urbanized area of 50,000 and greater",563,"FRACTURE, SPRAIN, STRAIN AND DISLOCATION EXCEPT FEMUR, HIP, PELVIS AND THIGH WITHOUT MCC",31,26679.193548,6482.2580645,5064.2580645
10039,Huntsville Hospital,Huntsville,101 Sivley Rd,1,35801,AL,1.0,"Metropolitan area core: primary flow within an urbanized area of 50,000 and greater",602,CELLULITIS WITH MCC,16,49999.375,12386.25,8444.125
10039,Huntsville Hospital,Huntsville,101 Sivley Rd,1,35801,AL,1.0,"Metropolitan area core: primary flow within an urbanized area of 50,000 and greater",603,CELLULITIS WITHOUT MCC,64,25624.8125,7107.828125,4667.953125
10039,Huntsville Hospital,Huntsville,101 Sivley Rd,1,35801,AL,1.0,"Metropolitan area core: primary flow within an urbanized area of 50,000 and greater",605,"TRAUMA TO THE SKIN, SUBCUTANEOUS TISSUE AND BREAST WITHOUT MCC",22,31258.590909,7126.1818182,5315.1818182
10039,Huntsville Hospital,Huntsville,101 Sivley Rd,1,35801,AL,1.0,"Metropolitan area core: primary flow within an urbanized area of 50,000 and greater",637,DIABETES WITH MCC,42,69953.142857,11007.785714,8448.3809524
10039,Huntsville Hospital,Huntsville,101 Sivley Rd,1,35801,AL,1.0,"Metropolitan area core: primary flow within an urbanized area of 50,000 and greater",638,DIABETES WITH CC,80,34083.8875,7567.4875,5089.4375
10039,Huntsville Hospital,Huntsville,101 Sivley Rd,1,35801,AL,1.0,"Metropolitan area core: primary flow within an urbanized area of 50,000 and greater",640,"MISCELLANEOUS DISORDERS OF NUTRITION, METABOLISM, FLUIDS AND ELECTROLYTES WITH MCC",131,37301.038168,9784.7328244,8192.0
10039,Huntsville Hospital,Huntsville,101 Sivley Rd,1,35801,AL,1.0,"Metropolitan area core: primary flow within an urbanized area of 50,000 and greater",641,"MISCELLANEOUS DISORDERS OF NUTRITION, METABOLISM, FLUIDS AND ELECTROLYTES WITHOUT MCC",130,27355.115385,6226.9,4700.7153846
10039,Huntsville Hospital,Huntsville,101 Sivley Rd,1,35801,AL,1.0,"Metropolitan area core: primary flow within an urbanized area of 50,000 and greater",643,ENDOCRINE DISORDERS WITH MCC,25,51565.88,11994.6,10487.04
10039,Huntsville Hospital,Huntsville,101 Sivley Rd,1,35801,AL,1.0,"Metropolitan area core: primary flow within an urbanized area of 50,000 and greater",644,ENDOCRINE DISORDERS WITH CC,16,36227.25,7952.125,6224.375
10039,Huntsville Hospital,Huntsville,101 Sivley Rd,1,35801,AL,1.0,"Metropolitan area core: primary flow within an urbanized area of 50,000 and greater",645,ENDOCRINE DISORDERS WITHOUT CC/MCC,11,18301.727273,6018.9090909,4799.0
10039,Huntsville Hospital,Huntsville,101 Sivley Rd,1,35801,AL,1.0,"Metropolitan area core: primary flow within an urbanized area of 50,000 and greater",660,KIDNEY AND URETER PROCEDURES FOR NON-NEOPLASM WITH CC,18,51486.5,10455.0,7953.6111111
10039,Huntsville Hospital,Huntsville,101 Sivley Rd,1,35801,AL,1.0,"Metropolitan area core: primary flow within an urbanized area of 50,000 and greater",673,OTHER KIDNEY AND URINARY TRACT PROCEDURES WITH MCC,19,140408.26316,25652.789474,23181.894737
10039,Huntsville Hospital,Huntsville,101 Sivley Rd,1,35801,AL,1.0,"Metropolitan area core: primary flow within an urbanized area of 50,000 and greater",682,RENAL FAILURE WITH MCC,88,38944.454545,10792.943182,8677.1818182
10039,Huntsville Hospital,Huntsville,101 Sivley Rd,1,35801,AL,1.0,"Metropolitan area core: primary flow within an urbanized area of 50,000 and greater",683,RENAL FAILURE WITH CC,96,25272.114583,6964.4270833,5484.5208333
10039,Huntsville Hospital,Huntsville,101 Sivley Rd,1,35801,AL,1.0,"Metropolitan area core: primary flow within an urbanized area of 50,000 and greater",689,KIDNEY AND URINARY TRACT INFECTIONS WITH MCC,95,35529.778947,8683.4210526,7027.2210526
10039,Huntsville Hospital,Huntsville,101 Sivley Rd,1,35801,AL,1.0,"Metropolitan area core: primary flow within an urbanized area of 50,000 and greater",690,KIDNEY AND URINARY TRACT INFECTIONS WITHOUT MCC,95,26230.463158,6479.4526316,4543.5368421
10039,Huntsville Hospital,Huntsville,101 Sivley Rd,1,35801,AL,1.0,"Metropolitan area core: primary flow within an urbanized area of 50,000 and greater",698,OTHER KIDNEY AND URINARY TRACT DIAGNOSES WITH MCC,91,60248.065934,11982.516484,10329.659341
10039,Huntsville Hospital,Huntsville,101 Sivley Rd,1,35801,AL,1.0,"Metropolitan area core: primary flow within an urbanized area of 50,000 and greater",699,OTHER KIDNEY AND URINARY TRACT DIAGNOSES WITH CC,40,24426.075,7791.875,6091.025
10039,Huntsville Hospital,Huntsville,101 Sivley Rd,1,35801,AL,1.0,"Metropolitan area core: primary flow within an urbanized area of 50,000 and greater",811,RED BLOOD CELL DISORDERS WITH MCC,39,52772.692308,9691.9487179,7729.4615385
10039,Huntsville Hospital,Huntsville,101 Sivley Rd,1,35801,AL,1.0,"Metropolitan area core: primary flow within an urbanized area of 50,000 and greater",812,RED BLOOD CELL DISORDERS WITHOUT MCC,65,26862.723077,8429.0923077,4844.7846154
10039,Huntsville Hospital,Huntsville,101 Sivley Rd,1,35801,AL,1.0,"Metropolitan area core: primary flow within an urbanized area of 50,000 and greater",813,COAGULATION DISORDERS,23,51007.695652,11277.826087,9665.7391304
10039,Huntsville Hospital,Huntsville,101 Sivley Rd,1,35801,AL,1.0,"Metropolitan area core: primary flow within an urbanized area of 50,000 and greater",840,LYMPHOMA AND NON-ACUTE LEUKEMIA WITH MCC,14,148927.57143,21299.642857,19777.571429
10039,Huntsville Hospital,Huntsville,101 Sivley Rd,1,35801,AL,1.0,"Metropolitan area core: primary flow within an urbanized area of 50,000 and greater",853,INFECTIOUS AND PARASITIC DISEASES WITH O.R. PROCEDURES WITH MCC,114,165694.40351,33906.885965,31419.280702
10039,Huntsville Hospital,Huntsville,101 Sivley Rd,1,35801,AL,1.0,"Metropolitan area core: primary flow within an urbanized area of 50,000 and greater",854,INFECTIOUS AND PARASITIC DISEASES WITH O.R. PROCEDURES WITH CC,30,82737.966667,17474.1,11748.733333
10039,Huntsville Hospital,Huntsville,101 Sivley Rd,1,35801,AL,1.0,"Metropolitan area core: primary flow within an urbanized area of 50,000 and greater",856,POSTOPERATIVE OR POST-TRAUMATIC INFECTIONS WITH O.R. PROCEDURES WITH MCC,12,528587.0,73190.083333,72077.416667
10039,Huntsville Hospital,Huntsville,101 Sivley Rd,1,35801,AL,1.0,"Metropolitan area core: primary flow within an urbanized area of 50,000 and greater",862,POSTOPERATIVE AND POST-TRAUMATIC INFECTIONS WITH MCC,24,51998.375,12836.291667,11356.666667
10039,Huntsville Hospital,Huntsville,101 Sivley Rd,1,35801,AL,1.0,"Metropolitan area core: primary flow within an urbanized area of 50,000 and greater",863,POSTOPERATIVE AND POST-TRAUMATIC INFECTIONS WITHOUT MCC,14,42390.071429,8240.0714286,5429.0714286
10039,Huntsville Hospital,Huntsville,101 Sivley Rd,1,35801,AL,1.0,"Metropolitan area core: primary flow within an urbanized area of 50,000 and greater",870,SEPTICEMIA OR SEVERE SEPSIS WITH MV >96 HOURS,35,250530.25714,48513.342857,42977.428571
10039,Huntsville Hospital,Huntsville,101 Sivley Rd,1,35801,AL,1.0,"Metropolitan area core: primary flow within an urbanized area of 50,000 and greater",871,SEPTICEMIA OR SEVERE SEPSIS WITHOUT MV >96 HOURS WITH MCC,814,69535.277641,14389.689189,11853.58231
10039,Huntsville Hospital,Huntsville,101 Sivley Rd,1,35801,AL,1.0,"Metropolitan area core: primary flow within an urbanized area of 50,000 and greater",872,SEPTICEMIA OR SEVERE SEPSIS WITHOUT MV >96 HOURS WITHOUT MCC,127,34866.448819,7727.5984252,5985.8582677
10039,Huntsville Hospital,Huntsville,101 Sivley Rd,1,35801,AL,1.0,"Metropolitan area core: primary flow within an urbanized area of 50,000 and greater",880,ACUTE ADJUSTMENT REACTION AND PSYCHOSOCIAL DYSFUNCTION,12,28320.666667,7286.5833333,5722.0833333
10039,Huntsville Hospital,Huntsville,101 Sivley Rd,1,35801,AL,1.0,"Metropolitan area core: primary flow within an urbanized area of 50,000 and greater",884,ORGANIC DISTURBANCES AND INTELLECTUAL DISABILITY,59,36702.355932,11400.152542,9890.3559322
10039,Huntsville Hospital,Huntsville,101 Sivley Rd,1,35801,AL,1.0,"Metropolitan area core: primary flow within an urbanized area of 50,000 and greater",885,PSYCHOSES,14,28426.0,10108.071429,8724.8571429
10039,Huntsville Hospital,Huntsville,101 Sivley Rd,1,35801,AL,1.0,"Metropolitan area core: primary flow within an urbanized area of 50,000 and greater",897,"ALCOHOL, DRUG ABUSE OR DEPENDENCE WITHOUT REHABILITATION THERAPY WITHOUT MCC",17,31420.647059,6351.7058824,5067.1176471
10039,Huntsville Hospital,Huntsville,101 Sivley Rd,1,35801,AL,1.0,"Metropolitan area core: primary flow within an urbanized area of 50,000 and greater",907,OTHER O.R. PROCEDURES FOR INJURIES WITH MCC,13,219743.38462,38758.307692,32002.615385
10039,Huntsville Hospital,Huntsville,101 Sivley Rd,1,35801,AL,1.0,"Metropolitan area core: primary flow within an urbanized area of 50,000 and greater",908,OTHER O.R. PROCEDURES FOR INJURIES WITH CC,12,75794.75,16895.333333,11707.25
10039,Huntsville Hospital,Huntsville,101 Sivley Rd,1,35801,AL,1.0,"Metropolitan area core: primary flow within an urbanized area of 50,000 and greater",917,POISONING AND TOXIC EFFECTS OF DRUGS WITH MCC,34,66046.764706,18900.617647,8940.3235294
10039,Huntsville Hospital,Huntsville,101 Sivley Rd,1,35801,AL,1.0,"Metropolitan area core: primary flow within an urbanized area of 50,000 and greater",919,COMPLICATIONS OF TREATMENT WITH MCC,30,63016.066667,14936.3,11031.6
10039,Huntsville Hospital,Huntsville,101 Sivley Rd,1,35801,AL,1.0,"Metropolitan area core: primary flow within an urbanized area of 50,000 and greater",948,SIGNS AND SYMPTOMS WITHOUT MCC,52,25769.307692,6728.8269231,4763.6730769
10039,Huntsville Hospital,Huntsville,101 Sivley Rd,1,35801,AL,1.0,"Metropolitan area core: primary flow within an urbanized area of 50,000 and greater",956,"LIMB REATTACHMENT, HIP AND FEMUR PROCEDURES FOR MULTIPLE SIGNIFICANT TRAUMA",22,154350.31818,28569.681818,25848.227273
10039,Huntsville Hospital,Huntsville,101 Sivley Rd,1,35801,AL,1.0,"Metropolitan area core: primary flow within an urbanized area of 50,000 and greater",981,EXTENSIVE O.R. PROCEDURES UNRELATED TO PRINCIPAL DIAGNOSIS WITH MCC,40,156432.75,29588.775,27789.275
10039,Huntsville Hospital,Huntsville,101 Sivley Rd,1,35801,AL,1.0,"Metropolitan area core: primary flow within an urbanized area of 50,000 and greater",982,EXTENSIVE O.R. PROCEDURES UNRELATED TO PRINCIPAL DIAGNOSIS WITH CC,11,113917.27273,17121.090909,16082.090909
10039,Huntsville Hospital,Huntsville,101 Sivley Rd,1,35801,AL,1.0,"Metropolitan area core: primary flow within an urbanized area of 50,000 and greater",987,NON-EXTENSIVE O.R. PROCEDURES UNRELATED TO PRINCIPAL DIAGNOSIS WITH MCC,14,350593.71429,55487.714286,53857.428571
10040,Gadsden Regional Medical Center,Gadsden,1007 Goodyear Avenue,1,35903,AL,1.0,"Metropolitan area core: primary flow within an urbanized area of 50,000 and greater",64,INTRACRANIAL HEMORRHAGE OR CEREBRAL INFARCTION WITH MCC,24,180646.66667,12030.916667,10633.916667
10040,Gadsden Regional Medical Center,Gadsden,1007 Goodyear Avenue,1,35903,AL,1.0,"Metropolitan area core: primary flow within an urbanized area of 50,000 and greater",65,INTRACRANIAL HEMORRHAGE OR CEREBRAL INFARCTION WITH CC OR TPA IN 24 HOURS,26,138117.65385,8523.1153846,5145.7307692
10040,Gadsden Regional Medical Center,Gadsden,1007 Goodyear Avenue,1,35903,AL,1.0,"Metropolitan area core: primary flow within an urbanized area of 50,000 and greater",69,TRANSIENT ISCHEMIA WITHOUT THROMBOLYTIC,12,105193.08333,6012.5,4713.8333333
10040,Gadsden Regional Medical Center,Gadsden,1007 Goodyear Avenue,1,35903,AL,1.0,"Metropolitan area core: primary flow within an urbanized area of 50,000 and greater",101,SEIZURES WITHOUT MCC,13,129347.69231,10746.0,5347.2307692
10040,Gadsden Regional Medical Center,Gadsden,1007 Goodyear Avenue,1,35903,AL,1.0,"Metropolitan area core: primary flow within an urbanized area of 50,000 and greater",177,RESPIRATORY INFECTIONS AND INFLAMMATIONS WITH MCC,35,213777.02857,11282.085714,9625.0857143
10040,Gadsden Regional Medical Center,Gadsden,1007 Goodyear Avenue,1,35903,AL,1.0,"Metropolitan area core: primary flow within an urbanized area of 50,000 and greater",189,PULMONARY EDEMA AND RESPIRATORY FAILURE,15,123856.93333,8768.0,7828.8
10040,Gadsden Regional Medical Center,Gadsden,1007 Goodyear Avenue,1,35903,AL,1.0,"Metropolitan area core: primary flow within an urbanized area of 50,000 and greater",190,CHRONIC OBSTRUCTIVE PULMONARY DISEASE WITH MCC,31,127581.83871,7469.2258065,6207.1290323
10040,Gadsden Regional Medical Center,Gadsden,1007 Goodyear Avenue,1,35903,AL,1.0,"Metropolitan area core: primary flow within an urbanized area of 50,000 and greater",193,SIMPLE PNEUMONIA AND PLEURISY WITH MCC,39,137014.05128,8720.1794872,7247.2564103
10040,Gadsden Regional Medical Center,Gadsden,1007 Goodyear Avenue,1,35903,AL,1.0,"Metropolitan area core: primary flow within an urbanized area of 50,000 and greater",280,"ACUTE MYOCARDIAL INFARCTION, DISCHARGED ALIVE WITH MCC",64,150690.15625,10807.59375,9142.203125
10040,Gadsden Regional Medical Center,Gadsden,1007 Goodyear Avenue,1,35903,AL,1.0,"Metropolitan area core: primary flow within an urbanized area of 50,000 and greater",281,"ACUTE MYOCARDIAL INFARCTION, DISCHARGED ALIVE WITH CC",20,100326.9,6285.0,5182.2
10040,Gadsden Regional Medical Center,Gadsden,1007 Goodyear Avenue,1,35903,AL,1.0,"Metropolitan area core: primary flow within an urbanized area of 50,000 and greater",282,"ACUTE MYOCARDIAL INFARCTION, DISCHARGED ALIVE WITHOUT CC/MCC",11,84087.727273,5454.8181818,3802.4545455
10040,Gadsden Regional Medical Center,Gadsden,1007 Goodyear Avenue,1,35903,AL,1.0,"Metropolitan area core: primary flow within an urbanized area of 50,000 and greater",291,HEART FAILURE AND SHOCK WITH MCC,65,144861.50769,8895.6615385,7222.5846154
10040,Gadsden Regional Medical Center,Gadsden,1007 Goodyear Avenue,1,35903,AL,1.0,"Metropolitan area core: primary flow within an urbanized area of 50,000 and greater",308,CARDIAC ARRHYTHMIA AND CONDUCTION DISORDERS WITH MCC,12,166398.33333,8613.1666667,7357.1666667
10040,Gadsden Regional Medical Center,Gadsden,1007 Goodyear Avenue,1,35903,AL,1.0,"Metropolitan area core: primary flow within an urbanized area of 50,000 and greater",309,CARDIAC ARRHYTHMIA AND CONDUCTION DISORDERS WITH CC,22,107730.27273,5597.2727273,4171.5454545
10040,Gadsden Regional Medical Center,Gadsden,1007 Goodyear Avenue,1,35903,AL,1.0,"Metropolitan area core: primary flow within an urbanized area of 50,000 and greater",310,CARDIAC ARRHYTHMIA AND CONDUCTION DISORDERS WITHOUT CC/MCC,12,79136.166667,4526.8333333,2951.5
10040,Gadsden Regional Medical Center,Gadsden,1007 Goodyear Avenue,1,35903,AL,1.0,"Metropolitan area core: primary flow within an urbanized area of 50,000 and greater",312,SYNCOPE AND COLLAPSE,25,109425.24,6419.64,4907.32
10040,Gadsden Regional Medical Center,Gadsden,1007 Goodyear Avenue,1,35903,AL,1.0,"Metropolitan area core: primary flow within an urbanized area of 50,000 and greater",313,CHEST PAIN,18,88567.055556,5530.6111111,4214.6111111
10040,Gadsden Regional Medical Center,Gadsden,1007 Goodyear Avenue,1,35903,AL,1.0,"Metropolitan area core: primary flow within an urbanized area of 50,000 and greater",322,PERCUTANEOUS CARDIOVASCULAR PROCEDURES WITH INTRALUMINAL DEVICE WITHOUT MCC,15,272790.0,14455.333333,9899.2
10040,Gadsden Regional Medical Center,Gadsden,1007 Goodyear Avenue,1,35903,AL,1.0,"Metropolitan area core: primary flow within an urbanized area of 50,000 and greater",377,GASTROINTESTINAL HEMORRHAGE WITH MCC,19,215518.78947,12784.421053,9118.6842105
