Rndrng_Prvdr_CCN,Rndrng_Prvdr_Org_Name,Rndrng_Prvdr_St,Rndrng_Prvdr_City,Rndrng_Prvdr_State_Abrvtn,Rndrng_Prvdr_State_FIPS,Rndrng_Prvdr_Zip5,Rndrng_Prvdr_RUCA,Rndrng_Prvdr_RUCA_Desc,APC_Cd,APC_Desc,Bene_Cnt,CAPC_Srvcs,Avg_Tot_Sbmtd_Chrgs,Avg_Mdcr_Alowd_Amt,Avg_Mdcr_Pymt_Amt,Outlier_Srvcs,Avg_Mdcr_Outlier_Amt
10001,Southeast Health Medical Center,1108 Ross Clark Circle,Dothan,AL,1,36301,2.0,"Metropolitan area high commuting: primary flow 30% or more to a urbanized area of 50,000 and greater",5072,Level 2 Excision/ Biopsy/ Incision and Drainage,151.0,161.0,9496.27981366457,1323.42192546584,1047.59285714286,0.0,0.0
10001,Southeast Health Medical Center,1108 Ross Clark Circle,Dothan,AL,1,36301,2.0,"Metropolitan area high commuting: primary flow 30% or more to a urbanized area of 50,000 and greater",5073,Level 3 Excision/ Biopsy/ Incision and Drainage,49.0,56.0,17956.9551785714,2261.11125,1789.10124999999,0.0,0.0
10001,Southeast Health Medical Center,1108 Ross Clark Circle,Dothan,AL,1,36301,2.0,"Metropolitan area high commuting: primary flow 30% or more to a urbanized area of 50,000 and greater",5091,Level 1 Breast/Lymphatic Surgery and Related Procedures,26.0,28.0,25027.7382142856,3002.57821428571,2374.42821428571,0.0,0.0
10001,Southeast Health Medical Center,1108 Ross Clark Circle,Dothan,AL,1,36301,2.0,"Metropolitan area high commuting: primary flow 30% or more to a urbanized area of 50,000 and greater",5092,Level 2 Breast/Lymphatic Surgery and Related Procedures,26.0,26.0,37572.5396153846,5342.78999999999,4256.86,0.0,0.0
10001,Southeast Health Medical Center,1108 Ross Clark Circle,Dothan,AL,1,36301,2.0,"Metropolitan area high commuting: primary flow 30% or more to a urbanized area of 50,000 and greater",5112,Level 2 Musculoskeletal Procedures,,,,,,,
10001,Southeast Health Medical Center,1108 Ross Clark Circle,Dothan,AL,1,36301,2.0,"Metropolitan area high commuting: primary flow 30% or more to a urbanized area of 50,000 and greater",5113,Level 3 Musculoskeletal Procedures,19.0,19.0,34571.1436842104,2675.97,2132.07,0.0,0.0
10001,Southeast Health Medical Center,1108 Ross Clark Circle,Dothan,AL,1,36301,2.0,"Metropolitan area high commuting: primary flow 30% or more to a urbanized area of 50,000 and greater",5114,Level 4 Musculoskeletal Procedures,70.0,71.0,53559.8204225353,5879.81225352112,4666.08929577464,0.0,0.0
10001,Southeast Health Medical Center,1108 Ross Clark Circle,Dothan,AL,1,36301,2.0,"Metropolitan area high commuting: primary flow 30% or more to a urbanized area of 50,000 and greater",5115,Level 5 Musculoskeletal Procedures,36.0,36.0,81548.1025,11225.3494444444,9625.34944444445,0.0,0.0
10001,Southeast Health Medical Center,1108 Ross Clark Circle,Dothan,AL,1,36301,2.0,"Metropolitan area high commuting: primary flow 30% or more to a urbanized area of 50,000 and greater",5116,Level 6 Musculoskeletal Procedures,,,,,,,
10001,Southeast Health Medical Center,1108 Ross Clark Circle,Dothan,AL,1,36301,2.0,"Metropolitan area high commuting: primary flow 30% or more to a urbanized area of 50,000 and greater",5153,Level 3 Airway Endoscopy,39.0,42.0,16045.99,1409.8088095238,1117.70880952381,,
10001,Southeast Health Medical Center,1108 Ross Clark Circle,Dothan,AL,1,36301,2.0,"Metropolitan area high commuting: primary flow 30% or more to a urbanized area of 50,000 and greater",5154,Level 4 Airway Endoscopy,41.0,43.0,19523.9058139535,2941.36046511627,2332.24046511627,0.0,0.0
10001,Southeast Health Medical Center,1108 Ross Clark Circle,Dothan,AL,1,36301,2.0,"Metropolitan area high commuting: primary flow 30% or more to a urbanized area of 50,000 and greater",5155,Level 5 Airway Endoscopy,,,,,,,
10001,Southeast Health Medical Center,1108 Ross Clark Circle,Dothan,AL,1,36301,2.0,"Metropolitan area high commuting: primary flow 30% or more to a urbanized area of 50,000 and greater",5165,Level 5 ENT Procedures,12.0,13.0,44751.8869230768,4800.26999999999,3824.59999999999,,
10001,Southeast Health Medical Center,1108 Ross Clark Circle,Dothan,AL,1,36301,2.0,"Metropolitan area high commuting: primary flow 30% or more to a urbanized area of 50,000 and greater",5182,Level 2 Vascular Procedures,103.0,117.0,11432.1082905982,1320.20452991452,1046.43794871795,,
10001,Southeast Health Medical Center,1108 Ross Clark Circle,Dothan,AL,1,36301,2.0,"Metropolitan area high commuting: primary flow 30% or more to a urbanized area of 50,000 and greater",5183,Level 3 Vascular Procedures,125.0,136.0,23287.0788235294,2658.38823529411,2116.09117647058,,
10001,Southeast Health Medical Center,1108 Ross Clark Circle,Dothan,AL,1,36301,2.0,"Metropolitan area high commuting: primary flow 30% or more to a urbanized area of 50,000 and greater",5184,Level 4 Vascular Procedures,100.0,138.0,49834.4615217392,4594.86304347826,3654.18710144928,,
10001,Southeast Health Medical Center,1108 Ross Clark Circle,Dothan,AL,1,36301,2.0,"Metropolitan area high commuting: primary flow 30% or more to a urbanized area of 50,000 and greater",5191,Level 1 Endovascular Procedures,388.0,392.0,15442.1557142858,2622.97836734692,1828.72280612244,0.0,0.0
10001,Southeast Health Medical Center,1108 Ross Clark Circle,Dothan,AL,1,36301,2.0,"Metropolitan area high commuting: primary flow 30% or more to a urbanized area of 50,000 and greater",5192,Level 2 Endovascular Procedures,43.0,46.0,31786.779347826,4607.49608695651,3646.81086956521,0.0,0.0
10001,Southeast Health Medical Center,1108 Ross Clark Circle,Dothan,AL,1,36301,2.0,"Metropolitan area high commuting: primary flow 30% or more to a urbanized area of 50,000 and greater",5193,Level 3 Endovascular Procedures,157.0,170.0,61902.0125294117,9214.96417647055,7608.39799999997,,
10001,Southeast Health Medical Center,1108 Ross Clark Circle,Dothan,AL,1,36301,2.0,"Metropolitan area high commuting: primary flow 30% or more to a urbanized area of 50,000 and greater",5194,Level 4 Endovascular Procedures,13.0,13.0,95982.5892307691,15411.59,13811.59,0.0,0.0
10001,Southeast Health Medical Center,1108 Ross Clark Circle,Dothan,AL,1,36301,2.0,"Metropolitan area high commuting: primary flow 30% or more to a urbanized area of 50,000 and greater",5212,Level 2 Electrophysiologic Procedures,,,,,,,
10001,Southeast Health Medical Center,1108 Ross Clark Circle,Dothan,AL,1,36301,2.0,"Metropolitan area high commuting: primary flow 30% or more to a urbanized area of 50,000 and greater",5213,Level 3 Electrophysiologic Procedures,53.0,55.0,111137.278909091,20003.1621818181,18403.1621818181,0.0,0.0
10001,Southeast Health Medical Center,1108 Ross Clark Circle,Dothan,AL,1,36301,2.0,"Metropolitan area high commuting: primary flow 30% or more to a urbanized area of 50,000 and greater",5222,Level 2 Pacemaker and Similar Procedures,56.0,56.0,38859.8219642856,7255.54785714286,5764.03785714285,0.0,0.0
10001,Southeast Health Medical Center,1108 Ross Clark Circle,Dothan,AL,1,36301,2.0,"Metropolitan area high commuting: primary flow 30% or more to a urbanized area of 50,000 and greater",5223,Level 3 Pacemaker and Similar Procedures,119.0,119.0,52358.0103361352,9279.63277310924,7679.49680672269,0.0,0.0
10001,Southeast Health Medical Center,1108 Ross Clark Circle,Dothan,AL,1,36301,2.0,"Metropolitan area high commuting: primary flow 30% or more to a urbanized area of 50,000 and greater",5224,Level 4 Pacemaker and Similar Procedures,,,,,,,
10001,Southeast Health Medical Center,1108 Ross Clark Circle,Dothan,AL,1,36301,2.0,"Metropolitan area high commuting: primary flow 30% or more to a urbanized area of 50,000 and greater",5231,Level 1 ICD and Similar Procedures,,,,,,,
10001,Southeast Health Medical Center,1108 Ross Clark Circle,Dothan,AL,1,36301,2.0,"Metropolitan area high commuting: primary flow 30% or more to a urbanized area of 50,000 and greater",5232,Level 2 ICD and Similar Procedures,33.0,33.0,151188.876969697,27928.0872727272,26328.0872727272,0.0,0.0
10001,Southeast Health Medical Center,1108 Ross Clark Circle,Dothan,AL,1,36301,2.0,"Metropolitan area high commuting: primary flow 30% or more to a urbanized area of 50,000 and greater",5302,Level 2 Upper GI Procedures,123.0,126.0,11300.8299206349,1528.51126984127,1208.35722222222,0.0,0.0
10001,Southeast Health Medical Center,1108 Ross Clark Circle,Dothan,AL,1,36301,2.0,"Metropolitan area high commuting: primary flow 30% or more to a urbanized area of 50,000 and greater",5303,Level 3 Upper GI Procedures,27.0,27.0,21742.6581481481,2877.13925925925,2286.72851851851,0.0,0.0
10001,Southeast Health Medical Center,1108 Ross Clark Circle,Dothan,AL,1,36301,2.0,"Metropolitan area high commuting: primary flow 30% or more to a urbanized area of 50,000 and greater",5313,Level 3 Lower GI Procedures,12.0,12.0,22384.4891666666,2309.91,1840.41,0.0,0.0
10001,Southeast Health Medical Center,1108 Ross Clark Circle,Dothan,AL,1,36301,2.0,"Metropolitan area high commuting: primary flow 30% or more to a urbanized area of 50,000 and greater",5331,Complex GI Procedures,17.0,17.0,37211.2464705882,4711.41705882352,3748.48764705882,0.0,0.0
10001,Southeast Health Medical Center,1108 Ross Clark Circle,Dothan,AL,1,36301,2.0,"Metropolitan area high commuting: primary flow 30% or more to a urbanized area of 50,000 and greater",5341,Abdominal/Peritoneal/Biliary and Related Procedures,54.0,54.0,33621.9224074074,3139.88148148148,2492.70148148148,,
10001,Southeast Health Medical Center,1108 Ross Clark Circle,Dothan,AL,1,36301,2.0,"Metropolitan area high commuting: primary flow 30% or more to a urbanized area of 50,000 and greater",5361,Level 1 Laparoscopy and Related Services,103.0,105.0,36399.3666666667,4583.87266666667,3631.51266666667,,
10001,Southeast Health Medical Center,1108 Ross Clark Circle,Dothan,AL,1,36301,2.0,"Metropolitan area high commuting: primary flow 30% or more to a urbanized area of 50,000 and greater",5362,Level 2 Laparoscopy and Related Services,27.0,27.0,88439.0503703703,7924.85629629629,6324.85629629629,,
10001,Southeast Health Medical Center,1108 Ross Clark Circle,Dothan,AL,1,36301,2.0,"Metropolitan area high commuting: primary flow 30% or more to a urbanized area of 50,000 and greater",5372,Level 2 Urology and Related Services,,,,,,,
10001,Southeast Health Medical Center,1108 Ross Clark Circle,Dothan,AL,1,36301,2.0,"Metropolitan area high commuting: primary flow 30% or more to a urbanized area of 50,000 and greater",5373,Level 3 Urology and Related Services,77.0,92.0,16944.9615217391,1614.93597826086,1272.22989130434,0.0,0.0
10001,Southeast Health Medical Center,1108 Ross Clark Circle,Dothan,AL,1,36301,2.0,"Metropolitan area high commuting: primary flow 30% or more to a urbanized area of 50,000 and greater",5374,Level 4 Urology and Related Services,158.0,179.0,28606.8373743017,2848.77067039105,2260.39111731844,0.0,0.0
10001,Southeast Health Medical Center,1108 Ross Clark Circle,Dothan,AL,1,36301,2.0,"Metropolitan area high commuting: primary flow 30% or more to a urbanized area of 50,000 and greater",5375,Level 5 Urology and Related Services,54.0,55.0,26802.1641818181,4227.17999999999,3368.0,0.0,0.0
10001,Southeast Health Medical Center,1108 Ross Clark Circle,Dothan,AL,1,36301,2.0,"Metropolitan area high commuting: primary flow 30% or more to a urbanized area of 50,000 and greater",5376,Level 6 Urology and Related Services,13.0,13.0,39029.1469230769,7693.07,6129.44,0.0,0.0
10001,Southeast Health Medical Center,1108 Ross Clark Circle,Dothan,AL,1,36301,2.0,"Metropolitan area high commuting: primary flow 30% or more to a urbanized area of 50,000 and greater",5378,Level 8 Urology and Related Services,,,,,,,
10001,Southeast Health Medical Center,1108 Ross Clark Circle,Dothan,AL,1,36301,2.0,"Metropolitan area high commuting: primary flow 30% or more to a urbanized area of 50,000 and greater",5414,Level 4 Gynecologic Procedures,12.0,12.0,22727.9966666666,2404.03916666666,1872.3425,0.0,0.0
10001,Southeast Health Medical Center,1108 Ross Clark Circle,Dothan,AL,1,36301,2.0,"Metropolitan area high commuting: primary flow 30% or more to a urbanized area of 50,000 and greater",5415,Level 5 Gynecologic Procedures,12.0,12.0,42095.6374999999,4166.89,3319.95,,
10001,Southeast Health Medical Center,1108 Ross Clark Circle,Dothan,AL,1,36301,2.0,"Metropolitan area high commuting: primary flow 30% or more to a urbanized area of 50,000 and greater",5416,Level 6 Gynecologic Procedures,,,,,,,
10001,Southeast Health Medical Center,1108 Ross Clark Circle,Dothan,AL,1,36301,2.0,"Metropolitan area high commuting: primary flow 30% or more to a urbanized area of 50,000 and greater",5431,Level 1 Nerve Procedures,89.0,107.0,13712.484859813,1569.91112149532,1239.77140186915,0.0,0.0
10001,Southeast Health Medical Center,1108 Ross Clark Circle,Dothan,AL,1,36301,2.0,"Metropolitan area high commuting: primary flow 30% or more to a urbanized area of 50,000 and greater",5432,Level 2 Nerve Procedures,,,,,,,
10001,Southeast Health Medical Center,1108 Ross Clark Circle,Dothan,AL,1,36301,2.0,"Metropolitan area high commuting: primary flow 30% or more to a urbanized area of 50,000 and greater",5461,Level 1 Neurostimulator and Related Procedures,,,,,,,
10001,Southeast Health Medical Center,1108 Ross Clark Circle,Dothan,AL,1,36301,2.0,"Metropolitan area high commuting: primary flow 30% or more to a urbanized area of 50,000 and greater",5464,Level 4 Neurostimulator and Related Procedures,,,,,,,
10001,Southeast Health Medical Center,1108 Ross Clark Circle,Dothan,AL,1,36301,2.0,"Metropolitan area high commuting: primary flow 30% or more to a urbanized area of 50,000 and greater",5465,Level 5 Neurostimulator and Related Procedures,,,,,,,
10001,Southeast Health Medical Center,1108 Ross Clark Circle,Dothan,AL,1,36301,2.0,"Metropolitan area high commuting: primary flow 30% or more to a urbanized area of 50,000 and greater",5491,Level 1 Intraocular Procedures,,,,,,,
10001,Southeast Health Medical Center,1108 Ross Clark Circle,Dothan,AL,1,36301,2.0,"Metropolitan area high commuting: primary flow 30% or more to a urbanized area of 50,000 and greater",5492,Level 2 Intraocular Procedures,34.0,38.0,23812.7460526315,3457.66763157894,2720.81763157894,0.0,0.0
10001,Southeast Health Medical Center,1108 Ross Clark Circle,Dothan,AL,1,36301,2.0,"Metropolitan area high commuting: primary flow 30% or more to a urbanized area of 50,000 and greater",5503,"Level 3 Extraocular, Repair, and Plastic Eye Procedures",,,,,,,
10001,Southeast Health Medical Center,1108 Ross Clark Circle,Dothan,AL,1,36301,2.0,"Metropolitan area high commuting: primary flow 30% or more to a urbanized area of 50,000 and greater",5627,Level 7 Radiation Therapy,,,,,,,
10001,Southeast Health Medical Center,1108 Ross Clark Circle,Dothan,AL,1,36301,2.0,"Metropolitan area high commuting: primary flow 30% or more to a urbanized area of 50,000 and greater",8011,Comprehensive Observation Services,652.0,698.0,11856.4554011467,2137.79919770771,1690.93621776503,0.0,0.0
10005,Marshall Medical Centers South Campus,2505 U S Highway 431 North,Boaz,AL,1,35957,4.0,"Micropolitan area core: primary flow within an urban cluster of 10,000 to 49,999",5072,Level 2 Excision/ Biopsy/ Incision and Drainage,95.0,110.0,5349.86854545454,1232.69027272727,972.008454545453,0.0,0.0
10005,Marshall Medical Centers South Campus,2505 U S Highway 431 North,Boaz,AL,1,35957,4.0,"Micropolitan area core: primary flow within an urban cluster of 10,000 to 49,999",5073,Level 3 Excision/ Biopsy/ Incision and Drainage,25.0,28.0,7224.26428571428,2112.03,1656.85,0.0,0.0
10005,Marshall Medical Centers South Campus,2505 U S Highway 431 North,Boaz,AL,1,35957,4.0,"Micropolitan area core: primary flow within an urban cluster of 10,000 to 49,999",5091,Level 1 Breast/Lymphatic Surgery and Related Procedures,21.0,25.0,7423.82080000001,2885.32759999999,2279.57759999999,0.0,0.0
10005,Marshall Medical Centers South Campus,2505 U S Highway 431 North,Boaz,AL,1,35957,4.0,"Micropolitan area core: primary flow within an urban cluster of 10,000 to 49,999",5092,Level 2 Breast/Lymphatic Surgery and Related Procedures,13.0,14.0,9225.955,5152.25,4105.04,0.0,0.0
10005,Marshall Medical Centers South Campus,2505 U S Highway 431 North,Boaz,AL,1,35957,4.0,"Micropolitan area core: primary flow within an urban cluster of 10,000 to 49,999",5112,Level 2 Musculoskeletal Procedures,25.0,27.0,4906.80629629629,1050.7674074074,807.359259259259,0.0,0.0
10005,Marshall Medical Centers South Campus,2505 U S Highway 431 North,Boaz,AL,1,35957,4.0,"Micropolitan area core: primary flow within an urban cluster of 10,000 to 49,999",5113,Level 3 Musculoskeletal Procedures,78.0,80.0,7734.88449999999,2529.13925,2004.62924999999,0.0,0.0
10005,Marshall Medical Centers South Campus,2505 U S Highway 431 North,Boaz,AL,1,35957,4.0,"Micropolitan area core: primary flow within an urban cluster of 10,000 to 49,999",5114,Level 4 Musculoskeletal Procedures,67.0,67.0,14385.403283582,5597.99611940298,4432.47611940297,0.0,0.0
10005,Marshall Medical Centers South Campus,2505 U S Highway 431 North,Boaz,AL,1,35957,4.0,"Micropolitan area core: primary flow within an urban cluster of 10,000 to 49,999",5115,Level 5 Musculoskeletal Procedures,102.0,107.0,27670.2316822432,10935.1787850467,9335.17878504671,0.0,0.0
10005,Marshall Medical Centers South Campus,2505 U S Highway 431 North,Boaz,AL,1,35957,4.0,"Micropolitan area core: primary flow within an urban cluster of 10,000 to 49,999",5153,Level 3 Airway Endoscopy,11.0,11.0,5986.00272727272,1298.81636363636,1017.13636363636,0.0,0.0
10005,Marshall Medical Centers South Campus,2505 U S Highway 431 North,Boaz,AL,1,35957,4.0,"Micropolitan area core: primary flow within an urban cluster of 10,000 to 49,999",5154,Level 4 Airway Endoscopy,12.0,13.0,6935.11230769231,2890.01999999999,2302.61999999999,0.0,0.0
10005,Marshall Medical Centers South Campus,2505 U S Highway 431 North,Boaz,AL,1,35957,4.0,"Micropolitan area core: primary flow within an urban cluster of 10,000 to 49,999",5155,Level 5 Airway Endoscopy,12.0,12.0,11634.76,5007.5925,3917.4025,0.0,0.0
10005,Marshall Medical Centers South Campus,2505 U S Highway 431 North,Boaz,AL,1,35957,4.0,"Micropolitan area core: primary flow within an urban cluster of 10,000 to 49,999",5163,Level 3 ENT Procedures,,,,,,,
10005,Marshall Medical Centers South Campus,2505 U S Highway 431 North,Boaz,AL,1,35957,4.0,"Micropolitan area core: primary flow within an urban cluster of 10,000 to 49,999",5164,Level 4 ENT Procedures,,,,,,,
10005,Marshall Medical Centers South Campus,2505 U S Highway 431 North,Boaz,AL,1,35957,4.0,"Micropolitan area core: primary flow within an urban cluster of 10,000 to 49,999",5165,Level 5 ENT Procedures,,,,,,,
10005,Marshall Medical Centers South Campus,2505 U S Highway 431 North,Boaz,AL,1,35957,4.0,"Micropolitan area core: primary flow within an urban cluster of 10,000 to 49,999",5182,Level 2 Vascular Procedures,25.0,27.0,3513.11925925925,1251.96111111111,981.583703703703,0.0,0.0
10005,Marshall Medical Centers South Campus,2505 U S Highway 431 North,Boaz,AL,1,35957,4.0,"Micropolitan area core: primary flow within an urban cluster of 10,000 to 49,999",5183,Level 3 Vascular Procedures,142.0,175.0,12256.9768,2567.78759999999,2045.62725714286,,
10005,Marshall Medical Centers South Campus,2505 U S Highway 431 North,Boaz,AL,1,35957,4.0,"Micropolitan area core: primary flow within an urban cluster of 10,000 to 49,999",5184,Level 4 Vascular Procedures,41.0,56.0,13924.0369642857,4455.78,3550.11999999999,0.0,0.0
10005,Marshall Medical Centers South Campus,2505 U S Highway 431 North,Boaz,AL,1,35957,4.0,"Micropolitan area core: primary flow within an urban cluster of 10,000 to 49,999",5191,Level 1 Endovascular Procedures,20.0,20.0,12328.8185,2388.693,1627.713,0.0,0.0
10005,Marshall Medical Centers South Campus,2505 U S Highway 431 North,Boaz,AL,1,35957,4.0,"Micropolitan area core: primary flow within an urban cluster of 10,000 to 49,999",5192,Level 2 Endovascular Procedures,42.0,50.0,20769.3866,4449.3828,3526.3978,0.0,0.0
10005,Marshall Medical Centers South Campus,2505 U S Highway 431 North,Boaz,AL,1,35957,4.0,"Micropolitan area core: primary flow within an urban cluster of 10,000 to 49,999",5193,Level 3 Endovascular Procedures,45.0,46.0,37692.9499999999,8866.93478260869,7266.93478260869,0.0,0.0
10005,Marshall Medical Centers South Campus,2505 U S Highway 431 North,Boaz,AL,1,35957,4.0,"Micropolitan area core: primary flow within an urban cluster of 10,000 to 49,999",5194,Level 4 Endovascular Procedures,31.0,36.0,74081.2447222222,14863.13,13263.13,,
10005,Marshall Medical Centers South Campus,2505 U S Highway 431 North,Boaz,AL,1,35957,4.0,"Micropolitan area core: primary flow within an urban cluster of 10,000 to 49,999",5222,Level 2 Pacemaker and Similar Procedures,,,,,,,
10005,Marshall Medical Centers South Campus,2505 U S Highway 431 North,Boaz,AL,1,35957,4.0,"Micropolitan area core: primary flow within an urban cluster of 10,000 to 49,999",5223,Level 3 Pacemaker and Similar Procedures,,,,,,,
10005,Marshall Medical Centers South Campus,2505 U S Highway 431 North,Boaz,AL,1,35957,4.0,"Micropolitan area core: primary flow within an urban cluster of 10,000 to 49,999",5231,Level 1 ICD and Similar Procedures,,,,,,,
10005,Marshall Medical Centers South Campus,2505 U S Highway 431 North,Boaz,AL,1,35957,4.0,"Micropolitan area core: primary flow within an urban cluster of 10,000 to 49,999",5232,Level 2 ICD and Similar Procedures,,,,,,,
10005,Marshall Medical Centers South Campus,2505 U S Highway 431 North,Boaz,AL,1,35957,4.0,"Micropolitan area core: primary flow within an urban cluster of 10,000 to 49,999",5302,Level 2 Upper GI Procedures,85.0,97.0,5385.64927835051,1481.91835051546,1175.39453608247,0.0,0.0
10005,Marshall Medical Centers South Campus,2505 U S Highway 431 North,Boaz,AL,1,35957,4.0,"Micropolitan area core: primary flow within an urban cluster of 10,000 to 49,999",5303,Level 3 Upper GI Procedures,,,,,,,
10005,Marshall Medical Centers South Campus,2505 U S Highway 431 North,Boaz,AL,1,35957,4.0,"Micropolitan area core: primary flow within an urban cluster of 10,000 to 49,999",5313,Level 3 Lower GI Procedures,11.0,11.0,8364.58909090909,2066.18636363636,1613.43636363636,0.0,0.0
10005,Marshall Medical Centers South Campus,2505 U S Highway 431 North,Boaz,AL,1,35957,4.0,"Micropolitan area core: primary flow within an urban cluster of 10,000 to 49,999",5331,Complex GI Procedures,,,,,,,
10005,Marshall Medical Centers South Campus,2505 U S Highway 431 North,Boaz,AL,1,35957,4.0,"Micropolitan area core: primary flow within an urban cluster of 10,000 to 49,999",5341,Abdominal/Peritoneal/Biliary and Related Procedures,24.0,24.0,9783.39291666666,3070.58,2446.48,0.0,0.0
10005,Marshall Medical Centers South Campus,2505 U S Highway 431 North,Boaz,AL,1,35957,4.0,"Micropolitan area core: primary flow within an urban cluster of 10,000 to 49,999",5361,Level 1 Laparoscopy and Related Services,84.0,84.0,11637.0051190475,4389.96619047618,3471.43404761905,0.0,0.0
10005,Marshall Medical Centers South Campus,2505 U S Highway 431 North,Boaz,AL,1,35957,4.0,"Micropolitan area core: primary flow within an urban cluster of 10,000 to 49,999",5362,Level 2 Laparoscopy and Related Services,,,,,,,
10005,Marshall Medical Centers South Campus,2505 U S Highway 431 North,Boaz,AL,1,35957,4.0,"Micropolitan area core: primary flow within an urban cluster of 10,000 to 49,999",5372,Level 2 Urology and Related Services,,,,,,,
10005,Marshall Medical Centers South Campus,2505 U S Highway 431 North,Boaz,AL,1,35957,4.0,"Micropolitan area core: primary flow within an urban cluster of 10,000 to 49,999",5373,Level 3 Urology and Related Services,47.0,54.0,5985.41740740741,1608.10925925925,1277.81425925925,0.0,0.0
10005,Marshall Medical Centers South Campus,2505 U S Highway 431 North,Boaz,AL,1,35957,4.0,"Micropolitan area core: primary flow within an urban cluster of 10,000 to 49,999",5374,Level 4 Urology and Related Services,39.0,46.0,7427.60586956523,2730.48956521738,2164.41739130434,0.0,0.0
10005,Marshall Medical Centers South Campus,2505 U S Highway 431 North,Boaz,AL,1,35957,4.0,"Micropolitan area core: primary flow within an urban cluster of 10,000 to 49,999",5375,Level 5 Urology and Related Services,36.0,46.0,9007.41695652176,4076.42999999999,3247.89,0.0,0.0
10005,Marshall Medical Centers South Campus,2505 U S Highway 431 North,Boaz,AL,1,35957,4.0,"Micropolitan area core: primary flow within an urban cluster of 10,000 to 49,999",5376,Level 6 Urology and Related Services,,,,,,,
10005,Marshall Medical Centers South Campus,2505 U S Highway 431 North,Boaz,AL,1,35957,4.0,"Micropolitan area core: primary flow within an urban cluster of 10,000 to 49,999",5377,Level 7 Urology and Related Services,,,,,,,
10005,Marshall Medical Centers South Campus,2505 U S Highway 431 North,Boaz,AL,1,35957,4.0,"Micropolitan area core: primary flow within an urban cluster of 10,000 to 49,999",5378,Level 8 Urology and Related Services,,,,,,,
10005,Marshall Medical Centers South Campus,2505 U S Highway 431 North,Boaz,AL,1,35957,4.0,"Micropolitan area core: primary flow within an urban cluster of 10,000 to 49,999",5414,Level 4 Gynecologic Procedures,,,,,,,
10005,Marshall Medical Centers South Campus,2505 U S Highway 431 North,Boaz,AL,1,35957,4.0,"Micropolitan area core: primary flow within an urban cluster of 10,000 to 49,999",5415,Level 5 Gynecologic Procedures,,,,,,,
10005,Marshall Medical Centers South Campus,2505 U S Highway 431 North,Boaz,AL,1,35957,4.0,"Micropolitan area core: primary flow within an urban cluster of 10,000 to 49,999",5431,Level 1 Nerve Procedures,,11.0,5922.17181818181,1558.63909090909,1225.47272727272,0.0,0.0
10005,Marshall Medical Centers South Campus,2505 U S Highway 431 North,Boaz,AL,1,35957,4.0,"Micropolitan area core: primary flow within an urban cluster of 10,000 to 49,999",5461,Level 1 Neurostimulator and Related Procedures,,,,,,,
10005,Marshall Medical Centers South Campus,2505 U S Highway 431 North,Boaz,AL,1,35957,4.0,"Micropolitan area core: primary flow within an urban cluster of 10,000 to 49,999",5462,Level 2 Neurostimulator and Related Procedures,,,,,,,
10005,Marshall Medical Centers South Campus,2505 U S Highway 431 North,Boaz,AL,1,35957,4.0,"Micropolitan area core: primary flow within an urban cluster of 10,000 to 49,999",5464,Level 4 Neurostimulator and Related Procedures,14.0,14.0,39410.775,17393.4678571428,15793.4678571428,0.0,0.0
10005,Marshall Medical Centers South Campus,2505 U S Highway 431 North,Boaz,AL,1,35957,4.0,"Micropolitan area core: primary flow within an urban cluster of 10,000 to 49,999",5465,Level 5 Neurostimulator and Related Procedures,,,,,,,
10005,Marshall Medical Centers South Campus,2505 U S Highway 431 North,Boaz,AL,1,35957,4.0,"Micropolitan area core: primary flow within an urban cluster of 10,000 to 49,999",5491,Level 1 Intraocular Procedures,36.0,58.0,5483.39465517242,1872.07,1491.57,0.0,0.0
10005,Marshall Medical Centers South Campus,2505 U S Highway 431 North,Boaz,AL,1,35957,4.0,"Micropolitan area core: primary flow within an urban cluster of 10,000 to 49,999",8011,Comprehensive Observation Services,106.0,107.0,8808.42345794387,2020.37186915888,1590.60186915887,0.0,0.0
10006,North Alabama Medical Center,1701 Veterans Drive,Florence,AL,1,35630,1.0,"Metropolitan area core: primary flow within an urbanized area of 50,000 and greater",5072,Level 2 Excision/ Biopsy/ Incision and Drainage,127.0,134.0,10734.976119403,1285.5345522388,1022.19634328358,0.0,0.0
10006,North Alabama Medical Center,1701 Veterans Drive,Florence,AL,1,35630,1.0,"Metropolitan area core: primary flow within an urbanized area of 50,000 and greater",5073,Level 3 Excision/ Biopsy/ Incision and Drainage,12.0,12.0,15113.8216666666,2222.70166666666,1755.925,0.0,0.0
10006,North Alabama Medical Center,1701 Veterans Drive,Florence,AL,1,35630,1.0,"Metropolitan area core: primary flow within an urbanized area of 50,000 and greater",5091,Level 1 Breast/Lymphatic Surgery and Related Procedures,,,,,,,
10006,North Alabama Medical Center,1701 Veterans Drive,Florence,AL,1,35630,1.0,"Metropolitan area core: primary flow within an urbanized area of 50,000 and greater",5092,Level 2 Breast/Lymphatic Surgery and Related Procedures,15.0,15.0,32259.9479999999,5112.96,4073.73999999999,0.0,0.0
10006,North Alabama Medical Center,1701 Veterans Drive,Florence,AL,1,35630,1.0,"Metropolitan area core: primary flow within an urbanized area of 50,000 and greater",5094,Level 4 Breast/Lymphatic Surgery and Related Procedures,,,,,,,
10006,North Alabama Medical Center,1701 Veterans Drive,Florence,AL,1,35630,1.0,"Metropolitan area core: primary flow within an urbanized area of 50,000 and greater",5112,Level 2 Musculoskeletal Procedures,17.0,17.0,7492.21235294117,1234.13,983.28,0.0,0.0
10006,North Alabama Medical Center,1701 Veterans Drive,Florence,AL,1,35630,1.0,"Metropolitan area core: primary flow within an urbanized area of 50,000 and greater",5113,Level 3 Musculoskeletal Procedures,26.0,26.0,17020.8311538461,2560.98923076923,2033.52538461538,0.0,0.0
10006,North Alabama Medical Center,1701 Veterans Drive,Florence,AL,1,35630,1.0,"Metropolitan area core: primary flow within an urbanized area of 50,000 and greater",5114,Level 4 Musculoskeletal Procedures,57.0,58.0,29213.8031034486,5612.46741379311,4455.8374137931,0.0,0.0
10006,North Alabama Medical Center,1701 Veterans Drive,Florence,AL,1,35630,1.0,"Metropolitan area core: primary flow within an urbanized area of 50,000 and greater",5115,Level 5 Musculoskeletal Procedures,171.0,175.0,53212.3925714276,11109.9196,9508.62817142859,0.0,0.0
10006,North Alabama Medical Center,1701 Veterans Drive,Florence,AL,1,35630,1.0,"Metropolitan area core: primary flow within an urbanized area of 50,000 and greater",5116,Level 6 Musculoskeletal Procedures,,,,,,,
10006,North Alabama Medical Center,1701 Veterans Drive,Florence,AL,1,35630,1.0,"Metropolitan area core: primary flow within an urbanized area of 50,000 and greater",5153,Level 3 Airway Endoscopy,,,,,,,
10006,North Alabama Medical Center,1701 Veterans Drive,Florence,AL,1,35630,1.0,"Metropolitan area core: primary flow within an urbanized area of 50,000 and greater",5154,Level 4 Airway Endoscopy,29.0,29.0,20207.1386206896,2867.98,2285.05999999999,0.0,0.0
10006,North Alabama Medical Center,1701 Veterans Drive,Florence,AL,1,35630,1.0,"Metropolitan area core: primary flow within an urbanized area of 50,000 and greater",5155,Level 5 Airway Endoscopy,,,,,,,
10006,North Alabama Medical Center,1701 Veterans Drive,Florence,AL,1,35630,1.0,"Metropolitan area core: primary flow within an urbanized area of 50,000 and greater",5163,Level 3 ENT Procedures,,,,,,,
10006,North Alabama Medical Center,1701 Veterans Drive,Florence,AL,1,35630,1.0,"Metropolitan area core: primary flow within an urbanized area of 50,000 and greater",5165,Level 5 ENT Procedures,,,,,,,
10006,North Alabama Medical Center,1701 Veterans Drive,Florence,AL,1,35630,1.0,"Metropolitan area core: primary flow within an urbanized area of 50,000 and greater",5182,Level 2 Vascular Procedures,25.0,26.0,5981.11346153845,1280.33846153846,1004.2223076923,0.0,0.0
10006,North Alabama Medical Center,1701 Veterans Drive,Florence,AL,1,35630,1.0,"Metropolitan area core: primary flow within an urbanized area of 50,000 and greater",5183,Level 3 Vascular Procedures,54.0,58.0,19065.2136206897,2527.69655172413,2003.66931034482,0.0,0.0
10006,North Alabama Medical Center,1701 Veterans Drive,Florence,AL,1,35630,1.0,"Metropolitan area core: primary flow within an urbanized area of 50,000 and greater",5184,Level 4 Vascular Procedures,27.0,29.0,38098.9413793105,4422.03965517241,3510.82068965517,0.0,0.0
10006,North Alabama Medical Center,1701 Veterans Drive,Florence,AL,1,35630,1.0,"Metropolitan area core: primary flow within an urbanized area of 50,000 and greater",5191,Level 1 Endovascular Procedures,167.0,171.0,22398.4664327487,2502.93883040936,1744.01590643274,0.0,0.0
10006,North Alabama Medical Center,1701 Veterans Drive,Florence,AL,1,35630,1.0,"Metropolitan area core: primary flow within an urbanized area of 50,000 and greater",5192,Level 2 Endovascular Procedures,43.0,45.0,37670.4500000001,4407.47955555555,3492.44244444444,0.0,0.0
10006,North Alabama Medical Center,1701 Veterans Drive,Florence,AL,1,35630,1.0,"Metropolitan area core: primary flow within an urbanized area of 50,000 and greater",5193,Level 3 Endovascular Procedures,90.0,103.0,67881.2820388349,8206.45543689319,6723.48029126212,,
10006,North Alabama Medical Center,1701 Veterans Drive,Florence,AL,1,35630,1.0,"Metropolitan area core: primary flow within an urbanized area of 50,000 and greater",5194,Level 4 Endovascular Procedures,23.0,24.0,90910.7879166669,14135.6145833333,12592.8645833333,,
10006,North Alabama Medical Center,1701 Veterans Drive,Florence,AL,1,35630,1.0,"Metropolitan area core: primary flow within an urbanized area of 50,000 and greater",5212,Level 2 Electrophysiologic Procedures,,,,,,,
10006,North Alabama Medical Center,1701 Veterans Drive,Florence,AL,1,35630,1.0,"Metropolitan area core: primary flow within an urbanized area of 50,000 and greater",5213,Level 3 Electrophysiologic Procedures,29.0,30.0,94088.9440000002,20151.0999999999,18551.0999999999,0.0,0.0
10006,North Alabama Medical Center,1701 Veterans Drive,Florence,AL,1,35630,1.0,"Metropolitan area core: primary flow within an urbanized area of 50,000 and greater",5222,Level 2 Pacemaker and Similar Procedures,20.0,20.0,45892.0755000001,6742.768,5315.1045,0.0,0.0
10006,North Alabama Medical Center,1701 Veterans Drive,Florence,AL,1,35630,1.0,"Metropolitan area core: primary flow within an urbanized area of 50,000 and greater",5223,Level 3 Pacemaker and Similar Procedures,36.0,36.0,60868.9061111114,8881.95555555555,7275.67777777777,0.0,0.0
10006,North Alabama Medical Center,1701 Veterans Drive,Florence,AL,1,35630,1.0,"Metropolitan area core: primary flow within an urbanized area of 50,000 and greater",5224,Level 4 Pacemaker and Similar Procedures,,,,,,,
10006,North Alabama Medical Center,1701 Veterans Drive,Florence,AL,1,35630,1.0,"Metropolitan area core: primary flow within an urbanized area of 50,000 and greater",5231,Level 1 ICD and Similar Procedures,,,,,,,
10006,North Alabama Medical Center,1701 Veterans Drive,Florence,AL,1,35630,1.0,"Metropolitan area core: primary flow within an urbanized area of 50,000 and greater",5232,Level 2 ICD and Similar Procedures,,,,,,,
10006,North Alabama Medical Center,1701 Veterans Drive,Florence,AL,1,35630,1.0,"Metropolitan area core: primary flow within an urbanized area of 50,000 and greater",5302,Level 2 Upper GI Procedures,132.0,146.0,10345.3675342466,1491.66993150684,1188.32109589041,0.0,0.0
10006,North Alabama Medical Center,1701 Veterans Drive,Florence,AL,1,35630,1.0,"Metropolitan area core: primary flow within an urbanized area of 50,000 and greater",5303,Level 3 Upper GI Procedures,,,,,,,
10006,North Alabama Medical Center,1701 Veterans Drive,Florence,AL,1,35630,1.0,"Metropolitan area core: primary flow within an urbanized area of 50,000 and greater",5313,Level 3 Lower GI Procedures,,,,,,,
10006,North Alabama Medical Center,1701 Veterans Drive,Florence,AL,1,35630,1.0,"Metropolitan area core: primary flow within an urbanized area of 50,000 and greater",5331,Complex GI Procedures,,,,,,,
10006,North Alabama Medical Center,1701 Veterans Drive,Florence,AL,1,35630,1.0,"Metropolitan area core: primary flow within an urbanized area of 50,000 and greater",5341,Abdominal/Peritoneal/Biliary and Related Procedures,47.0,47.0,21492.6785106384,3047.16042553191,2427.80361702127,0.0,0.0
10006,North Alabama Medical Center,1701 Veterans Drive,Florence,AL,1,35630,1.0,"Metropolitan area core: primary flow within an urbanized area of 50,000 and greater",5361,Level 1 Laparoscopy and Related Services,90.0,90.0,24115.0434444448,4387.03088888889,3470.42122222222,0.0,0.0
10006,North Alabama Medical Center,1701 Veterans Drive,Florence,AL,1,35630,1.0,"Metropolitan area core: primary flow within an urbanized area of 50,000 and greater",5362,Level 2 Laparoscopy and Related Services,22.0,22.0,36261.6086363637,7537.67363636364,5948.66363636363,0.0,0.0
10006,North Alabama Medical Center,1701 Veterans Drive,Florence,AL,1,35630,1.0,"Metropolitan area core: primary flow within an urbanized area of 50,000 and greater",5372,Level 2 Urology and Related Services,,,,,,,
10006,North Alabama Medical Center,1701 Veterans Drive,Florence,AL,1,35630,1.0,"Metropolitan area core: primary flow within an urbanized area of 50,000 and greater",5373,Level 3 Urology and Related Services,54.0,55.0,15517.9445454546,1595.83581818181,1268.20854545454,0.0,0.0
10006,North Alabama Medical Center,1701 Veterans Drive,Florence,AL,1,35630,1.0,"Metropolitan area core: primary flow within an urbanized area of 50,000 and greater",5374,Level 4 Urology and Related Services,52.0,55.0,22452.8765454547,2726.7329090909,2153.24727272727,0.0,0.0
10006,North Alabama Medical Center,1701 Veterans Drive,Florence,AL,1,35630,1.0,"Metropolitan area core: primary flow within an urbanized area of 50,000 and greater",5375,Level 5 Urology and Related Services,42.0,45.0,19794.7631111112,3973.7151111111,3151.4951111111,0.0,0.0
10006,North Alabama Medical Center,1701 Veterans Drive,Florence,AL,1,35630,1.0,"Metropolitan area core: primary flow within an urbanized area of 50,000 and greater",5414,Level 4 Gynecologic Procedures,,,,,,,
10006,North Alabama Medical Center,1701 Veterans Drive,Florence,AL,1,35630,1.0,"Metropolitan area core: primary flow within an urbanized area of 50,000 and greater",5415,Level 5 Gynecologic Procedures,,,,,,,
10006,North Alabama Medical Center,1701 Veterans Drive,Florence,AL,1,35630,1.0,"Metropolitan area core: primary flow within an urbanized area of 50,000 and greater",5416,Level 6 Gynecologic Procedures,,,,,,,
10006,North Alabama Medical Center,1701 Veterans Drive,Florence,AL,1,35630,1.0,"Metropolitan area core: primary flow within an urbanized area of 50,000 and greater",5431,Level 1 Nerve Procedures,,,,,,,
10006,North Alabama Medical Center,1701 Veterans Drive,Florence,AL,1,35630,1.0,"Metropolitan area core: primary flow within an urbanized area of 50,000 and greater",5627,Level 7 Radiation Therapy,,,,,,,
10006,North Alabama Medical Center,1701 Veterans Drive,Florence,AL,1,35630,1.0,"Metropolitan area core: primary flow within an urbanized area of 50,000 and greater",8011,Comprehensive Observation Services,185.0,188.0,15222.9704787234,2022.58872340426,1594.34249999999,0.0,0.0
10007,Mizell Memorial Hospital,702 N Main St,Opp,AL,1,36467,7.0,"Small town core: primary flow within an urban cluster of 2,500 to 9,999",5072,Level 2 Excision/ Biopsy/ Incision and Drainage,12.0,12.0,3219.62333333333,1170.04,915.31,0.0,0.0
10007,Mizell Memorial Hospital,702 N Main St,Opp,AL,1,36467,7.0,"Small town core: primary flow within an urban cluster of 2,500 to 9,999",5073,Level 3 Excision/ Biopsy/ Incision and Drainage,,,,,,,
10007,Mizell Memorial Hospital,702 N Main St,Opp,AL,1,36467,7.0,"Small town core: primary flow within an urban cluster of 2,500 to 9,999",5091,Level 1 Breast/Lymphatic Surgery and Related Procedures,,,,,,,
10007,Mizell Memorial Hospital,702 N Main St,Opp,AL,1,36467,7.0,"Small town core: primary flow within an urban cluster of 2,500 to 9,999",5112,Level 2 Musculoskeletal Procedures,,,,,,,
10007,Mizell Memorial Hospital,702 N Main St,Opp,AL,1,36467,7.0,"Small town core: primary flow within an urban cluster of 2,500 to 9,999",5113,Level 3 Musculoskeletal Procedures,11.0,14.0,7837.31071428571,1954.66071428571,1557.36428571428,0.0,0.0
10007,Mizell Memorial Hospital,702 N Main St,Opp,AL,1,36467,7.0,"Small town core: primary flow within an urban cluster of 2,500 to 9,999",5114,Level 4 Musculoskeletal Procedures,,,,,,,
10007,Mizell Memorial Hospital,702 N Main St,Opp,AL,1,36467,7.0,"Small town core: primary flow within an urban cluster of 2,500 to 9,999",5182,Level 2 Vascular Procedures,,,,,,,
10007,Mizell Memorial Hospital,702 N Main St,Opp,AL,1,36467,7.0,"Small town core: primary flow within an urban cluster of 2,500 to 9,999",5183,Level 3 Vascular Procedures,,,,,,,
10007,Mizell Memorial Hospital,702 N Main St,Opp,AL,1,36467,7.0,"Small town core: primary flow within an urban cluster of 2,500 to 9,999",5302,Level 2 Upper GI Procedures,,,,,,,
10007,Mizell Memorial Hospital,702 N Main St,Opp,AL,1,36467,7.0,"Small town core: primary flow within an urban cluster of 2,500 to 9,999",5313,Level 3 Lower GI Procedures,,,,,,,
10007,Mizell Memorial Hospital,702 N Main St,Opp,AL,1,36467,7.0,"Small town core: primary flow within an urban cluster of 2,500 to 9,999",5341,Abdominal/Peritoneal/Biliary and Related Procedures,,,,,,,
10007,Mizell Memorial Hospital,702 N Main St,Opp,AL,1,36467,7.0,"Small town core: primary flow within an urban cluster of 2,500 to 9,999",5361,Level 1 Laparoscopy and Related Services,,,,,,,
10007,Mizell Memorial Hospital,702 N Main St,Opp,AL,1,36467,7.0,"Small town core: primary flow within an urban cluster of 2,500 to 9,999",5431,Level 1 Nerve Procedures,,,,,,,
10007,Mizell Memorial Hospital,702 N Main St,Opp,AL,1,36467,7.0,"Small town core: primary flow within an urban cluster of 2,500 to 9,999",5491,Level 1 Intraocular Procedures,48.0,77.0,4223.75012987013,1804.75,1437.92999999999,0.0,0.0
10007,Mizell Memorial Hospital,702 N Main St,Opp,AL,1,36467,7.0,"Small town core: primary flow within an urban cluster of 2,500 to 9,999",5503,"Level 3 Extraocular, Repair, and Plastic Eye Procedures",,,,,,,
10007,Mizell Memorial Hospital,702 N Main St,Opp,AL,1,36467,7.0,"Small town core: primary flow within an urban cluster of 2,500 to 9,999",8011,Comprehensive Observation Services,77.0,82.0,7247.34756097561,2038.42670731707,1623.77073170731,0.0,0.0
10008,Crenshaw Community Hospital,101 Hospital Circle,Luverne,AL,1,36049,3.0,"Metropolitan area low commuting: primary flow 10% to <30% to a urbanized area of 50,000 and greater",5112,Level 2 Musculoskeletal Procedures,,,,,,,
10008,Crenshaw Community Hospital,101 Hospital Circle,Luverne,AL,1,36049,3.0,"Metropolitan area low commuting: primary flow 10% to <30% to a urbanized area of 50,000 and greater",5182,Level 2 Vascular Procedures,,,,,,,
10008,Crenshaw Community Hospital,101 Hospital Circle,Luverne,AL,1,36049,3.0,"Metropolitan area low commuting: primary flow 10% to <30% to a urbanized area of 50,000 and greater",5183,Level 3 Vascular Procedures,,,,,,,
10008,Crenshaw Community Hospital,101 Hospital Circle,Luverne,AL,1,36049,3.0,"Metropolitan area low commuting: primary flow 10% to <30% to a urbanized area of 50,000 and greater",5431,Level 1 Nerve Procedures,,,,,,,
10008,Crenshaw Community Hospital,101 Hospital Circle,Luverne,AL,1,36049,3.0,"Metropolitan area low commuting: primary flow 10% to <30% to a urbanized area of 50,000 and greater",8011,Comprehensive Observation Services,29.0,34.0,10981.6685294117,1942.88470588235,1528.56470588235,0.0,0.0
10011,St Vincent's East,50 Medical Park East Drive,Birmingham,AL,1,35235,1.0,"Metropolitan area core: primary flow within an urbanized area of 50,000 and greater",5072,Level 2 Excision/ Biopsy/ Incision and Drainage,20.0,20.0,17524.9655,1219.524,952.594,0.0,0.0
10011,St Vincent's East,50 Medical Park East Drive,Birmingham,AL,1,35235,1.0,"Metropolitan area core: primary flow within an urbanized area of 50,000 and greater",5073,Level 3 Excision/ Biopsy/ Incision and Drainage,17.0,18.0,16088.7827777777,2262.34999999999,1802.52,0.0,0.0
10011,St Vincent's East,50 Medical Park East Drive,Birmingham,AL,1,35235,1.0,"Metropolitan area core: primary flow within an urbanized area of 50,000 and greater",5091,Level 1 Breast/Lymphatic Surgery and Related Procedures,,,,,,,
10011,St Vincent's East,50 Medical Park East Drive,Birmingham,AL,1,35235,1.0,"Metropolitan area core: primary flow within an urbanized area of 50,000 and greater",5092,Level 2 Breast/Lymphatic Surgery and Related Procedures,,,,,,,
10011,St Vincent's East,50 Medical Park East Drive,Birmingham,AL,1,35235,1.0,"Metropolitan area core: primary flow within an urbanized area of 50,000 and greater",5094,Level 4 Breast/Lymphatic Surgery and Related Procedures,,,,,,,
10011,St Vincent's East,50 Medical Park East Drive,Birmingham,AL,1,35235,1.0,"Metropolitan area core: primary flow within an urbanized area of 50,000 and greater",5112,Level 2 Musculoskeletal Procedures,11.0,13.0,17074.9461538461,1256.59846153846,987.331538461538,0.0,0.0
10011,St Vincent's East,50 Medical Park East Drive,Birmingham,AL,1,35235,1.0,"Metropolitan area core: primary flow within an urbanized area of 50,000 and greater",5113,Level 3 Musculoskeletal Procedures,,,,,,,
10011,St Vincent's East,50 Medical Park East Drive,Birmingham,AL,1,35235,1.0,"Metropolitan area core: primary flow within an urbanized area of 50,000 and greater",5114,Level 4 Musculoskeletal Procedures,20.0,21.0,37673.2152380952,5792.96,4615.53,0.0,0.0
10011,St Vincent's East,50 Medical Park East Drive,Birmingham,AL,1,35235,1.0,"Metropolitan area core: primary flow within an urbanized area of 50,000 and greater",5115,Level 5 Musculoskeletal Procedures,78.0,79.0,48594.7768354429,11040.1524050633,9440.15240506329,0.0,0.0
10011,St Vincent's East,50 Medical Park East Drive,Birmingham,AL,1,35235,1.0,"Metropolitan area core: primary flow within an urbanized area of 50,000 and greater",5153,Level 3 Airway Endoscopy,,,,,,,
10011,St Vincent's East,50 Medical Park East Drive,Birmingham,AL,1,35235,1.0,"Metropolitan area core: primary flow within an urbanized area of 50,000 and greater",5154,Level 4 Airway Endoscopy,12.0,12.0,16943.6275,2919.55,2326.15,0.0,0.0
10011,St Vincent's East,50 Medical Park East Drive,Birmingham,AL,1,35235,1.0,"Metropolitan area core: primary flow within an urbanized area of 50,000 and greater",5155,Level 5 Airway Endoscopy,,,,,,,
10011,St Vincent's East,50 Medical Park East Drive,Birmingham,AL,1,35235,1.0,"Metropolitan area core: primary flow within an urbanized area of 50,000 and greater",5164,Level 4 ENT Procedures,,,,,,,
10011,St Vincent's East,50 Medical Park East Drive,Birmingham,AL,1,35235,1.0,"Metropolitan area core: primary flow within an urbanized area of 50,000 and greater",5165,Level 5 ENT Procedures,,,,,,,
10011,St Vincent's East,50 Medical Park East Drive,Birmingham,AL,1,35235,1.0,"Metropolitan area core: primary flow within an urbanized area of 50,000 and greater",5182,Level 2 Vascular Procedures,,12.0,11832.6075,1216.51416666666,951.674166666667,0.0,0.0
10011,St Vincent's East,50 Medical Park East Drive,Birmingham,AL,1,35235,1.0,"Metropolitan area core: primary flow within an urbanized area of 50,000 and greater",5183,Level 3 Vascular Procedures,39.0,41.0,30020.577804878,2413.29243902438,1875.85487804878,0.0,0.0
10011,St Vincent's East,50 Medical Park East Drive,Birmingham,AL,1,35235,1.0,"Metropolitan area core: primary flow within an urbanized area of 50,000 and greater",5184,Level 4 Vascular Procedures,25.0,30.0,30107.665,4262.384,3338.623,0.0,0.0
10011,St Vincent's East,50 Medical Park East Drive,Birmingham,AL,1,35235,1.0,"Metropolitan area core: primary flow within an urbanized area of 50,000 and greater",5191,Level 1 Endovascular Procedures,192.0,192.0,46548.5728645832,2495.30739583332,1721.55161458332,,
10011,St Vincent's East,50 Medical Park East Drive,Birmingham,AL,1,35235,1.0,"Metropolitan area core: primary flow within an urbanized area of 50,000 and greater",5192,Level 2 Endovascular Procedures,27.0,28.0,42181.9064285714,4567.66928571428,3632.85214285714,0.0,0.0
10011,St Vincent's East,50 Medical Park East Drive,Birmingham,AL,1,35235,1.0,"Metropolitan area core: primary flow within an urbanized area of 50,000 and greater",5193,Level 3 Endovascular Procedures,79.0,91.0,92081.8261538458,8732.78989010989,7139.09758241758,,
10011,St Vincent's East,50 Medical Park East Drive,Birmingham,AL,1,35235,1.0,"Metropolitan area core: primary flow within an urbanized area of 50,000 and greater",5194,Level 4 Endovascular Procedures,36.0,39.0,96726.2912820512,15014.8717948718,13403.282051282,0.0,0.0
10011,St Vincent's East,50 Medical Park East Drive,Birmingham,AL,1,35235,1.0,"Metropolitan area core: primary flow within an urbanized area of 50,000 and greater",5212,Level 2 Electrophysiologic Procedures,,,,,,,
10011,St Vincent's East,50 Medical Park East Drive,Birmingham,AL,1,35235,1.0,"Metropolitan area core: primary flow within an urbanized area of 50,000 and greater",5213,Level 3 Electrophysiologic Procedures,65.0,67.0,91490.334328358,19385.99,17785.99,0.0,0.0
10011,St Vincent's East,50 Medical Park East Drive,Birmingham,AL,1,35235,1.0,"Metropolitan area core: primary flow within an urbanized area of 50,000 and greater",5222,Level 2 Pacemaker and Similar Procedures,,,,,,,
10011,St Vincent's East,50 Medical Park East Drive,Birmingham,AL,1,35235,1.0,"Metropolitan area core: primary flow within an urbanized area of 50,000 and greater",5223,Level 3 Pacemaker and Similar Procedures,46.0,46.0,91129.101521739,8750.64043478261,7150.17195652174,0.0,0.0
10011,St Vincent's East,50 Medical Park East Drive,Birmingham,AL,1,35235,1.0,"Metropolitan area core: primary flow within an urbanized area of 50,000 and greater",5224,Level 4 Pacemaker and Similar Procedures,,,,,,,
10011,St Vincent's East,50 Medical Park East Drive,Birmingham,AL,1,35235,1.0,"Metropolitan area core: primary flow within an urbanized area of 50,000 and greater",5232,Level 2 ICD and Similar Procedures,22.0,22.0,262942.24590909,28009.6099999999,26409.6099999999,,
10011,St Vincent's East,50 Medical Park East Drive,Birmingham,AL,1,35235,1.0,"Metropolitan area core: primary flow within an urbanized area of 50,000 and greater",5302,Level 2 Upper GI Procedures,23.0,23.0,16167.3013043478,1525.25,1215.24,0.0,0.0
10011,St Vincent's East,50 Medical Park East Drive,Birmingham,AL,1,35235,1.0,"Metropolitan area core: primary flow within an urbanized area of 50,000 and greater",5303,Level 3 Upper GI Procedures,,,,,,,
10011,St Vincent's East,50 Medical Park East Drive,Birmingham,AL,1,35235,1.0,"Metropolitan area core: primary flow within an urbanized area of 50,000 and greater",5313,Level 3 Lower GI Procedures,13.0,13.0,24718.4369230769,1974.45769230769,1517.07769230769,0.0,0.0
10011,St Vincent's East,50 Medical Park East Drive,Birmingham,AL,1,35235,1.0,"Metropolitan area core: primary flow within an urbanized area of 50,000 and greater",5341,Abdominal/Peritoneal/Biliary and Related Procedures,11.0,11.0,48040.5327272727,2652.59181818181,2022.11181818181,0.0,0.0
10011,St Vincent's East,50 Medical Park East Drive,Birmingham,AL,1,35235,1.0,"Metropolitan area core: primary flow within an urbanized area of 50,000 and greater",5361,Level 1 Laparoscopy and Related Services,65.0,65.0,35142.746,4455.64076923077,3521.84969230769,,
10011,St Vincent's East,50 Medical Park East Drive,Birmingham,AL,1,35235,1.0,"Metropolitan area core: primary flow within an urbanized area of 50,000 and greater",5362,Level 2 Laparoscopy and Related Services,33.0,33.0,52162.1618181818,7578.71878787878,5978.71878787878,0.0,0.0
10011,St Vincent's East,50 Medical Park East Drive,Birmingham,AL,1,35235,1.0,"Metropolitan area core: primary flow within an urbanized area of 50,000 and greater",5372,Level 2 Urology and Related Services,,,,,,,
10011,St Vincent's East,50 Medical Park East Drive,Birmingham,AL,1,35235,1.0,"Metropolitan area core: primary flow within an urbanized area of 50,000 and greater",5373,Level 3 Urology and Related Services,,,,,,,
10011,St Vincent's East,50 Medical Park East Drive,Birmingham,AL,1,35235,1.0,"Metropolitan area core: primary flow within an urbanized area of 50,000 and greater",5374,Level 4 Urology and Related Services,21.0,22.0,24251.7686363636,2705.45363636363,2134.79318181818,0.0,0.0
10011,St Vincent's East,50 Medical Park East Drive,Birmingham,AL,1,35235,1.0,"Metropolitan area core: primary flow within an urbanized area of 50,000 and greater",5375,Level 5 Urology and Related Services,19.0,19.0,25604.1531578947,4089.72315789473,3252.71315789473,0.0,0.0
10011,St Vincent's East,50 Medical Park East Drive,Birmingham,AL,1,35235,1.0,"Metropolitan area core: primary flow within an urbanized area of 50,000 and greater",5376,Level 6 Urology and Related Services,,,,,,,
10011,St Vincent's East,50 Medical Park East Drive,Birmingham,AL,1,35235,1.0,"Metropolitan area core: primary flow within an urbanized area of 50,000 and greater",5415,Level 5 Gynecologic Procedures,,,,,,,
10011,St Vincent's East,50 Medical Park East Drive,Birmingham,AL,1,35235,1.0,"Metropolitan area core: primary flow within an urbanized area of 50,000 and greater",5431,Level 1 Nerve Procedures,,,,,,,
10011,St Vincent's East,50 Medical Park East Drive,Birmingham,AL,1,35235,1.0,"Metropolitan area core: primary flow within an urbanized area of 50,000 and greater",5432,Level 2 Nerve Procedures,,,,,,,
10011,St Vincent's East,50 Medical Park East Drive,Birmingham,AL,1,35235,1.0,"Metropolitan area core: primary flow within an urbanized area of 50,000 and greater",5465,Level 5 Neurostimulator and Related Procedures,,,,,,,
10011,St Vincent's East,50 Medical Park East Drive,Birmingham,AL,1,35235,1.0,"Metropolitan area core: primary flow within an urbanized area of 50,000 and greater",8011,Comprehensive Observation Services,91.0,93.0,16752.0570967742,2002.06999999999,1566.32817204301,0.0,0.0
10012,Dekalb Regional Medical Center,200 Med Center Drive,Fort Payne,AL,1,35968,10.0,"Rural areas: primary flow to a tract outside a urbanized area of 50,000 and greater or UC",5072,Level 2 Excision/ Biopsy/ Incision and Drainage,19.0,19.0,17253.7726315789,1342.44894736842,1058.73052631578,0.0,0.0
10012,Dekalb Regional Medical Center,200 Med Center Drive,Fort Payne,AL,1,35968,10.0,"Rural areas: primary flow to a tract outside a urbanized area of 50,000 and greater or UC",5073,Level 3 Excision/ Biopsy/ Incision and Drainage,17.0,17.0,18343.4094117647,2312.46705882352,1831.14882352941,0.0,0.0
10012,Dekalb Regional Medical Center,200 Med Center Drive,Fort Payne,AL,1,35968,10.0,"Rural areas: primary flow to a tract outside a urbanized area of 50,000 and greater or UC",5091,Level 1 Breast/Lymphatic Surgery and Related Procedures,,,,,,,
10012,Dekalb Regional Medical Center,200 Med Center Drive,Fort Payne,AL,1,35968,10.0,"Rural areas: primary flow to a tract outside a urbanized area of 50,000 and greater or UC",5092,Level 2 Breast/Lymphatic Surgery and Related Procedures,,,,,,,
10012,Dekalb Regional Medical Center,200 Med Center Drive,Fort Payne,AL,1,35968,10.0,"Rural areas: primary flow to a tract outside a urbanized area of 50,000 and greater or UC",5112,Level 2 Musculoskeletal Procedures,18.0,18.0,17892.3022222222,1241.36722222222,965.244444444444,0.0,0.0
10012,Dekalb Regional Medical Center,200 Med Center Drive,Fort Payne,AL,1,35968,10.0,"Rural areas: primary flow to a tract outside a urbanized area of 50,000 and greater or UC",5113,Level 3 Musculoskeletal Procedures,19.0,19.0,30067.5415789474,2664.59052631578,2112.49526315789,0.0,0.0
10012,Dekalb Regional Medical Center,200 Med Center Drive,Fort Payne,AL,1,35968,10.0,"Rural areas: primary flow to a tract outside a urbanized area of 50,000 and greater or UC",5114,Level 4 Musculoskeletal Procedures,23.0,23.0,73579.6134782608,5324.01652173912,4120.62652173912,0.0,0.0
10012,Dekalb Regional Medical Center,200 Med Center Drive,Fort Payne,AL,1,35968,10.0,"Rural areas: primary flow to a tract outside a urbanized area of 50,000 and greater or UC",5115,Level 5 Musculoskeletal Procedures,,,,,,,
10012,Dekalb Regional Medical Center,200 Med Center Drive,Fort Payne,AL,1,35968,10.0,"Rural areas: primary flow to a tract outside a urbanized area of 50,000 and greater or UC",5153,Level 3 Airway Endoscopy,,,,,,,
10012,Dekalb Regional Medical Center,200 Med Center Drive,Fort Payne,AL,1,35968,10.0,"Rural areas: primary flow to a tract outside a urbanized area of 50,000 and greater or UC",5154,Level 4 Airway Endoscopy,,,,,,,
10012,Dekalb Regional Medical Center,200 Med Center Drive,Fort Payne,AL,1,35968,10.0,"Rural areas: primary flow to a tract outside a urbanized area of 50,000 and greater or UC",5163,Level 3 ENT Procedures,,,,,,,
10012,Dekalb Regional Medical Center,200 Med Center Drive,Fort Payne,AL,1,35968,10.0,"Rural areas: primary flow to a tract outside a urbanized area of 50,000 and greater or UC",5164,Level 4 ENT Procedures,,,,,,,
10012,Dekalb Regional Medical Center,200 Med Center Drive,Fort Payne,AL,1,35968,10.0,"Rural areas: primary flow to a tract outside a urbanized area of 50,000 and greater or UC",5165,Level 5 ENT Procedures,,,,,,,
10012,Dekalb Regional Medical Center,200 Med Center Drive,Fort Payne,AL,1,35968,10.0,"Rural areas: primary flow to a tract outside a urbanized area of 50,000 and greater or UC",5182,Level 2 Vascular Procedures,,,,,,,
10012,Dekalb Regional Medical Center,200 Med Center Drive,Fort Payne,AL,1,35968,10.0,"Rural areas: primary flow to a tract outside a urbanized area of 50,000 and greater or UC",5183,Level 3 Vascular Procedures,14.0,14.0,28087.7214285714,2412.94785714285,1870.97785714285,0.0,0.0
10012,Dekalb Regional Medical Center,200 Med Center Drive,Fort Payne,AL,1,35968,10.0,"Rural areas: primary flow to a tract outside a urbanized area of 50,000 and greater or UC",5184,Level 4 Vascular Procedures,,,,,,,
10012,Dekalb Regional Medical Center,200 Med Center Drive,Fort Payne,AL,1,35968,10.0,"Rural areas: primary flow to a tract outside a urbanized area of 50,000 and greater or UC",5191,Level 1 Endovascular Procedures,58.0,59.0,33586.7340677964,2621.38033898305,1835.68033898305,0.0,0.0
10012,Dekalb Regional Medical Center,200 Med Center Drive,Fort Payne,AL,1,35968,10.0,"Rural areas: primary flow to a tract outside a urbanized area of 50,000 and greater or UC",5192,Level 2 Endovascular Procedures,,,,,,,
10012,Dekalb Regional Medical Center,200 Med Center Drive,Fort Payne,AL,1,35968,10.0,"Rural areas: primary flow to a tract outside a urbanized area of 50,000 and greater or UC",5193,Level 3 Endovascular Procedures,,13.0,115244.259230769,8764.64307692307,7287.72,0.0,0.0
10012,Dekalb Regional Medical Center,200 Med Center Drive,Fort Payne,AL,1,35968,10.0,"Rural areas: primary flow to a tract outside a urbanized area of 50,000 and greater or UC",5194,Level 4 Endovascular Procedures,,,,,,,
10012,Dekalb Regional Medical Center,200 Med Center Drive,Fort Payne,AL,1,35968,10.0,"Rural areas: primary flow to a tract outside a urbanized area of 50,000 and greater or UC",5223,Level 3 Pacemaker and Similar Procedures,,,,,,,
10012,Dekalb Regional Medical Center,200 Med Center Drive,Fort Payne,AL,1,35968,10.0,"Rural areas: primary flow to a tract outside a urbanized area of 50,000 and greater or UC",5302,Level 2 Upper GI Procedures,82.0,85.0,16429.1163529412,1546.34058823529,1229.59894117647,0.0,0.0
10012,Dekalb Regional Medical Center,200 Med Center Drive,Fort Payne,AL,1,35968,10.0,"Rural areas: primary flow to a tract outside a urbanized area of 50,000 and greater or UC",5313,Level 3 Lower GI Procedures,,,,,,,
10012,Dekalb Regional Medical Center,200 Med Center Drive,Fort Payne,AL,1,35968,10.0,"Rural areas: primary flow to a tract outside a urbanized area of 50,000 and greater or UC",5341,Abdominal/Peritoneal/Biliary and Related Procedures,,,,,,,
10012,Dekalb Regional Medical Center,200 Med Center Drive,Fort Payne,AL,1,35968,10.0,"Rural areas: primary flow to a tract outside a urbanized area of 50,000 and greater or UC",5361,Level 1 Laparoscopy and Related Services,40.0,41.0,37714.0719512196,4594.88609756097,3643.56341463414,0.0,0.0
10012,Dekalb Regional Medical Center,200 Med Center Drive,Fort Payne,AL,1,35968,10.0,"Rural areas: primary flow to a tract outside a urbanized area of 50,000 and greater or UC",5362,Level 2 Laparoscopy and Related Services,,,,,,,
10012,Dekalb Regional Medical Center,200 Med Center Drive,Fort Payne,AL,1,35968,10.0,"Rural areas: primary flow to a tract outside a urbanized area of 50,000 and greater or UC",5372,Level 2 Urology and Related Services,,,,,,,
10012,Dekalb Regional Medical Center,200 Med Center Drive,Fort Payne,AL,1,35968,10.0,"Rural areas: primary flow to a tract outside a urbanized area of 50,000 and greater or UC",5373,Level 3 Urology and Related Services,,,,,,,
10012,Dekalb Regional Medical Center,200 Med Center Drive,Fort Payne,AL,1,35968,10.0,"Rural areas: primary flow to a tract outside a urbanized area of 50,000 and greater or UC",5414,Level 4 Gynecologic Procedures,,,,,,,
10012,Dekalb Regional Medical Center,200 Med Center Drive,Fort Payne,AL,1,35968,10.0,"Rural areas: primary flow to a tract outside a urbanized area of 50,000 and greater or UC",5415,Level 5 Gynecologic Procedures,,,,,,,
10012,Dekalb Regional Medical Center,200 Med Center Drive,Fort Payne,AL,1,35968,10.0,"Rural areas: primary flow to a tract outside a urbanized area of 50,000 and greater or UC",5431,Level 1 Nerve Procedures,,11.0,14980.4354545454,1608.94,1281.92,0.0,0.0
10012,Dekalb Regional Medical Center,200 Med Center Drive,Fort Payne,AL,1,35968,10.0,"Rural areas: primary flow to a tract outside a urbanized area of 50,000 and greater or UC",5491,Level 1 Intraocular Procedures,57.0,89.0,12101.0326966292,1932.89,1540.02999999999,0.0,0.0
10012,Dekalb Regional Medical Center,200 Med Center Drive,Fort Payne,AL,1,35968,10.0,"Rural areas: primary flow to a tract outside a urbanized area of 50,000 and greater or UC",5492,Level 2 Intraocular Procedures,,,,,,,
10012,Dekalb Regional Medical Center,200 Med Center Drive,Fort Payne,AL,1,35968,10.0,"Rural areas: primary flow to a tract outside a urbanized area of 50,000 and greater or UC",8011,Comprehensive Observation Services,63.0,65.0,24726.6939999999,2084.81692307692,1638.38292307692,0.0,0.0
10016,Shelby Baptist Medical Center,1000 First Street North,Alabaster,AL,1,35007,1.0,"Metropolitan area core: primary flow within an urbanized area of 50,000 and greater",5072,Level 2 Excision/ Biopsy/ Incision and Drainage,34.0,36.0,21592.3422222221,1120.74833333333,852.50361111111,0.0,0.0
10016,Shelby Baptist Medical Center,1000 First Street North,Alabaster,AL,1,35007,1.0,"Metropolitan area core: primary flow within an urbanized area of 50,000 and greater",5073,Level 3 Excision/ Biopsy/ Incision and Drainage,18.0,18.0,25343.9949999999,2170.37666666666,1710.54666666666,0.0,0.0
10016,Shelby Baptist Medical Center,1000 First Street North,Alabaster,AL,1,35007,1.0,"Metropolitan area core: primary flow within an urbanized area of 50,000 and greater",5091,Level 1 Breast/Lymphatic Surgery and Related Procedures,14.0,14.0,38705.165,2839.40642857142,2227.46642857142,0.0,0.0
10016,Shelby Baptist Medical Center,1000 First Street North,Alabaster,AL,1,35007,1.0,"Metropolitan area core: primary flow within an urbanized area of 50,000 and greater",5092,Level 2 Breast/Lymphatic Surgery and Related Procedures,,,,,,,
10016,Shelby Baptist Medical Center,1000 First Street North,Alabaster,AL,1,35007,1.0,"Metropolitan area core: primary flow within an urbanized area of 50,000 and greater",5094,Level 4 Breast/Lymphatic Surgery and Related Procedures,,,,,,,
10016,Shelby Baptist Medical Center,1000 First Street North,Alabaster,AL,1,35007,1.0,"Metropolitan area core: primary flow within an urbanized area of 50,000 and greater",5112,Level 2 Musculoskeletal Procedures,11.0,11.0,25947.8663636363,1165.65272727272,893.857272727272,0.0,0.0
10016,Shelby Baptist Medical Center,1000 First Street North,Alabaster,AL,1,35007,1.0,"Metropolitan area core: primary flow within an urbanized area of 50,000 and greater",5113,Level 3 Musculoskeletal Procedures,20.0,20.0,37881.1844999999,1889.9205,1351.0105,0.0,0.0
10016,Shelby Baptist Medical Center,1000 First Street North,Alabaster,AL,1,35007,1.0,"Metropolitan area core: primary flow within an urbanized area of 50,000 and greater",5114,Level 4 Musculoskeletal Procedures,24.0,25.0,63678.4403999998,5054.4752,3877.0452,0.0,0.0
10016,Shelby Baptist Medical Center,1000 First Street North,Alabaster,AL,1,35007,1.0,"Metropolitan area core: primary flow within an urbanized area of 50,000 and greater",5115,Level 5 Musculoskeletal Procedures,54.0,56.0,137970.115178572,9835.84142857142,8230.49624999999,0.0,0.0
10016,Shelby Baptist Medical Center,1000 First Street North,Alabaster,AL,1,35007,1.0,"Metropolitan area core: primary flow within an urbanized area of 50,000 and greater",5153,Level 3 Airway Endoscopy,,,,,,,
10016,Shelby Baptist Medical Center,1000 First Street North,Alabaster,AL,1,35007,1.0,"Metropolitan area core: primary flow within an urbanized area of 50,000 and greater",5154,Level 4 Airway Endoscopy,,,,,,,
10016,Shelby Baptist Medical Center,1000 First Street North,Alabaster,AL,1,35007,1.0,"Metropolitan area core: primary flow within an urbanized area of 50,000 and greater",5182,Level 2 Vascular Procedures,13.0,13.0,20428.903076923,1143.30846153846,878.468461538462,0.0,0.0
10016,Shelby Baptist Medical Center,1000 First Street North,Alabaster,AL,1,35007,1.0,"Metropolitan area core: primary flow within an urbanized area of 50,000 and greater",5183,Level 3 Vascular Procedures,25.0,26.0,33795.3026923076,2129.23153846153,1598.96153846153,0.0,0.0
10016,Shelby Baptist Medical Center,1000 First Street North,Alabaster,AL,1,35007,1.0,"Metropolitan area core: primary flow within an urbanized area of 50,000 and greater",5184,Level 4 Vascular Procedures,,13.0,51766.7915384615,4501.3,3586.39,0.0,0.0
10016,Shelby Baptist Medical Center,1000 First Street North,Alabaster,AL,1,35007,1.0,"Metropolitan area core: primary flow within an urbanized area of 50,000 and greater",5191,Level 1 Endovascular Procedures,166.0,167.0,43360.6404790421,2388.92029940119,1617.71041916167,0.0,0.0
10016,Shelby Baptist Medical Center,1000 First Street North,Alabaster,AL,1,35007,1.0,"Metropolitan area core: primary flow within an urbanized area of 50,000 and greater",5192,Level 2 Endovascular Procedures,,,,,,,
10016,Shelby Baptist Medical Center,1000 First Street North,Alabaster,AL,1,35007,1.0,"Metropolitan area core: primary flow within an urbanized area of 50,000 and greater",5193,Level 3 Endovascular Procedures,31.0,32.0,175144.0775,7852.6396875,6248.84,,
10016,Shelby Baptist Medical Center,1000 First Street North,Alabaster,AL,1,35007,1.0,"Metropolitan area core: primary flow within an urbanized area of 50,000 and greater",5194,Level 4 Endovascular Procedures,,,,,,,
10016,Shelby Baptist Medical Center,1000 First Street North,Alabaster,AL,1,35007,1.0,"Metropolitan area core: primary flow within an urbanized area of 50,000 and greater",5200,Implantation Wireless PA Pressure Monitor,,,,,,,
10016,Shelby Baptist Medical Center,1000 First Street North,Alabaster,AL,1,35007,1.0,"Metropolitan area core: primary flow within an urbanized area of 50,000 and greater",5212,Level 2 Electrophysiologic Procedures,,,,,,,
10016,Shelby Baptist Medical Center,1000 First Street North,Alabaster,AL,1,35007,1.0,"Metropolitan area core: primary flow within an urbanized area of 50,000 and greater",5213,Level 3 Electrophysiologic Procedures,25.0,25.0,188149.9104,17486.7856,15886.7856,0.0,0.0
10016,Shelby Baptist Medical Center,1000 First Street North,Alabaster,AL,1,35007,1.0,"Metropolitan area core: primary flow within an urbanized area of 50,000 and greater",5222,Level 2 Pacemaker and Similar Procedures,,,,,,,
10016,Shelby Baptist Medical Center,1000 First Street North,Alabaster,AL,1,35007,1.0,"Metropolitan area core: primary flow within an urbanized area of 50,000 and greater",5223,Level 3 Pacemaker and Similar Procedures,41.0,41.0,96962.6568292683,7407.58414634146,5806.92268292683,0.0,0.0
10016,Shelby Baptist Medical Center,1000 First Street North,Alabaster,AL,1,35007,1.0,"Metropolitan area core: primary flow within an urbanized area of 50,000 and greater",5224,Level 4 Pacemaker and Similar Procedures,,,,,,,
10016,Shelby Baptist Medical Center,1000 First Street North,Alabaster,AL,1,35007,1.0,"Metropolitan area core: primary flow within an urbanized area of 50,000 and greater",5232,Level 2 ICD and Similar Procedures,14.0,14.0,235472.587142857,28009.6099999999,26409.6099999999,0.0,0.0
10016,Shelby Baptist Medical Center,1000 First Street North,Alabaster,AL,1,35007,1.0,"Metropolitan area core: primary flow within an urbanized area of 50,000 and greater",5302,Level 2 Upper GI Procedures,,,,,,,
10016,Shelby Baptist Medical Center,1000 First Street North,Alabaster,AL,1,35007,1.0,"Metropolitan area core: primary flow within an urbanized area of 50,000 and greater",5313,Level 3 Lower GI Procedures,,,,,,,
10016,Shelby Baptist Medical Center,1000 First Street North,Alabaster,AL,1,35007,1.0,"Metropolitan area core: primary flow within an urbanized area of 50,000 and greater",5331,Complex GI Procedures,,,,,,,
10016,Shelby Baptist Medical Center,1000 First Street North,Alabaster,AL,1,35007,1.0,"Metropolitan area core: primary flow within an urbanized area of 50,000 and greater",5341,Abdominal/Peritoneal/Biliary and Related Procedures,13.0,13.0,38062.8415384615,3101.95,2471.47,0.0,0.0
10016,Shelby Baptist Medical Center,1000 First Street North,Alabaster,AL,1,35007,1.0,"Metropolitan area core: primary flow within an urbanized area of 50,000 and greater",5361,Level 1 Laparoscopy and Related Services,37.0,37.0,44938.2386486484,3974.92918918918,3047.14918918918,0.0,0.0
10016,Shelby Baptist Medical Center,1000 First Street North,Alabaster,AL,1,35007,1.0,"Metropolitan area core: primary flow within an urbanized area of 50,000 and greater",5362,Level 2 Laparoscopy and Related Services,,,,,,,
10016,Shelby Baptist Medical Center,1000 First Street North,Alabaster,AL,1,35007,1.0,"Metropolitan area core: primary flow within an urbanized area of 50,000 and greater",5372,Level 2 Urology and Related Services,,,,,,,
10016,Shelby Baptist Medical Center,1000 First Street North,Alabaster,AL,1,35007,1.0,"Metropolitan area core: primary flow within an urbanized area of 50,000 and greater",5373,Level 3 Urology and Related Services,13.0,16.0,24694.365,1543.576875,1213.396875,0.0,0.0
10016,Shelby Baptist Medical Center,1000 First Street North,Alabaster,AL,1,35007,1.0,"Metropolitan area core: primary flow within an urbanized area of 50,000 and greater",5374,Level 4 Urology and Related Services,37.0,43.0,30647.158604651,2595.57627906976,2033.90906976744,0.0,0.0
10016,Shelby Baptist Medical Center,1000 First Street North,Alabaster,AL,1,35007,1.0,"Metropolitan area core: primary flow within an urbanized area of 50,000 and greater",5375,Level 5 Urology and Related Services,33.0,36.0,36385.1074999998,4027.03,3184.99777777777,0.0,0.0
10016,Shelby Baptist Medical Center,1000 First Street North,Alabaster,AL,1,35007,1.0,"Metropolitan area core: primary flow within an urbanized area of 50,000 and greater",5376,Level 6 Urology and Related Services,,,,,,,
10016,Shelby Baptist Medical Center,1000 First Street North,Alabaster,AL,1,35007,1.0,"Metropolitan area core: primary flow within an urbanized area of 50,000 and greater",5414,Level 4 Gynecologic Procedures,,,,,,,
10016,Shelby Baptist Medical Center,1000 First Street North,Alabaster,AL,1,35007,1.0,"Metropolitan area core: primary flow within an urbanized area of 50,000 and greater",5431,Level 1 Nerve Procedures,,,,,,,
10016,Shelby Baptist Medical Center,1000 First Street North,Alabaster,AL,1,35007,1.0,"Metropolitan area core: primary flow within an urbanized area of 50,000 and greater",5465,Level 5 Neurostimulator and Related Procedures,,,,,,,
10016,Shelby Baptist Medical Center,1000 First Street North,Alabaster,AL,1,35007,1.0,"Metropolitan area core: primary flow within an urbanized area of 50,000 and greater",8011,Comprehensive Observation Services,21.0,21.0,34700.2323809523,1762.1919047619,1319.42238095238,0.0,0.0
10018,Uab Callahan Eye Hospital Authority,1720 University Blvd Ste 305,Birmingham,AL,1,35233,1.0,"Metropolitan area core: primary flow within an urbanized area of 50,000 and greater",5072,Level 2 Excision/ Biopsy/ Incision and Drainage,16.0,17.0,7929.47058823529,1313.31235294117,1044.74705882352,0.0,0.0
10018,Uab Callahan Eye Hospital Authority,1720 University Blvd Ste 305,Birmingham,AL,1,35233,1.0,"Metropolitan area core: primary flow within an urbanized area of 50,000 and greater",5073,Level 3 Excision/ Biopsy/ Incision and Drainage,,,,,,,
10018,Uab Callahan Eye Hospital Authority,1720 University Blvd Ste 305,Birmingham,AL,1,35233,1.0,"Metropolitan area core: primary flow within an urbanized area of 50,000 and greater",5091,Level 1 Breast/Lymphatic Surgery and Related Procedures,57.0,59.0,11392.3389830508,2939.9933898305,2324.98898305084,0.0,0.0
10018,Uab Callahan Eye Hospital Authority,1720 University Blvd Ste 305,Birmingham,AL,1,35233,1.0,"Metropolitan area core: primary flow within an urbanized area of 50,000 and greater",5092,Level 2 Breast/Lymphatic Surgery and Related Procedures,26.0,26.0,13488.1538461538,5204.89,4146.99,0.0,0.0
10018,Uab Callahan Eye Hospital Authority,1720 University Blvd Ste 305,Birmingham,AL,1,35233,1.0,"Metropolitan area core: primary flow within an urbanized area of 50,000 and greater",5093,Level 3 Breast/Lymphatic Surgery and Related Procedures,,,,,,,
10018,Uab Callahan Eye Hospital Authority,1720 University Blvd Ste 305,Birmingham,AL,1,35233,1.0,"Metropolitan area core: primary flow within an urbanized area of 50,000 and greater",5112,Level 2 Musculoskeletal Procedures,,,,,,,
10018,Uab Callahan Eye Hospital Authority,1720 University Blvd Ste 305,Birmingham,AL,1,35233,1.0,"Metropolitan area core: primary flow within an urbanized area of 50,000 and greater",5113,Level 3 Musculoskeletal Procedures,,,,,,,
10018,Uab Callahan Eye Hospital Authority,1720 University Blvd Ste 305,Birmingham,AL,1,35233,1.0,"Metropolitan area core: primary flow within an urbanized area of 50,000 and greater",5114,Level 4 Musculoskeletal Procedures,,,,,,,
10018,Uab Callahan Eye Hospital Authority,1720 University Blvd Ste 305,Birmingham,AL,1,35233,1.0,"Metropolitan area core: primary flow within an urbanized area of 50,000 and greater",5153,Level 3 Airway Endoscopy,,,,,,,
10018,Uab Callahan Eye Hospital Authority,1720 University Blvd Ste 305,Birmingham,AL,1,35233,1.0,"Metropolitan area core: primary flow within an urbanized area of 50,000 and greater",5154,Level 4 Airway Endoscopy,,,,,,,
10018,Uab Callahan Eye Hospital Authority,1720 University Blvd Ste 305,Birmingham,AL,1,35233,1.0,"Metropolitan area core: primary flow within an urbanized area of 50,000 and greater",5155,Level 5 Airway Endoscopy,,,,,,,
10018,Uab Callahan Eye Hospital Authority,1720 University Blvd Ste 305,Birmingham,AL,1,35233,1.0,"Metropolitan area core: primary flow within an urbanized area of 50,000 and greater",5163,Level 3 ENT Procedures,,,,,,,
10018,Uab Callahan Eye Hospital Authority,1720 University Blvd Ste 305,Birmingham,AL,1,35233,1.0,"Metropolitan area core: primary flow within an urbanized area of 50,000 and greater",5164,Level 4 ENT Procedures,,,,,,,
10018,Uab Callahan Eye Hospital Authority,1720 University Blvd Ste 305,Birmingham,AL,1,35233,1.0,"Metropolitan area core: primary flow within an urbanized area of 50,000 and greater",5165,Level 5 ENT Procedures,50.0,50.0,14055.26,4676.36999999999,3725.88,0.0,0.0
10018,Uab Callahan Eye Hospital Authority,1720 University Blvd Ste 305,Birmingham,AL,1,35233,1.0,"Metropolitan area core: primary flow within an urbanized area of 50,000 and greater",5182,Level 2 Vascular Procedures,,,,,,,
10018,Uab Callahan Eye Hospital Authority,1720 University Blvd Ste 305,Birmingham,AL,1,35233,1.0,"Metropolitan area core: primary flow within an urbanized area of 50,000 and greater",5183,Level 3 Vascular Procedures,,,,,,,
10018,Uab Callahan Eye Hospital Authority,1720 University Blvd Ste 305,Birmingham,AL,1,35233,1.0,"Metropolitan area core: primary flow within an urbanized area of 50,000 and greater",5361,Level 1 Laparoscopy and Related Services,,11.0,13472.1818181818,4234.0709090909,3306.2909090909,0.0,0.0
10018,Uab Callahan Eye Hospital Authority,1720 University Blvd Ste 305,Birmingham,AL,1,35233,1.0,"Metropolitan area core: primary flow within an urbanized area of 50,000 and greater",5362,Level 2 Laparoscopy and Related Services,,,,,,,
10018,Uab Callahan Eye Hospital Authority,1720 University Blvd Ste 305,Birmingham,AL,1,35233,1.0,"Metropolitan area core: primary flow within an urbanized area of 50,000 and greater",5431,Level 1 Nerve Procedures,,,,,,,
10018,Uab Callahan Eye Hospital Authority,1720 University Blvd Ste 305,Birmingham,AL,1,35233,1.0,"Metropolitan area core: primary flow within an urbanized area of 50,000 and greater",5432,Level 2 Nerve Procedures,,,,,,,
10018,Uab Callahan Eye Hospital Authority,1720 University Blvd Ste 305,Birmingham,AL,1,35233,1.0,"Metropolitan area core: primary flow within an urbanized area of 50,000 and greater",5461,Level 1 Neurostimulator and Related Procedures,,,,,,,
10018,Uab Callahan Eye Hospital Authority,1720 University Blvd Ste 305,Birmingham,AL,1,35233,1.0,"Metropolitan area core: primary flow within an urbanized area of 50,000 and greater",5462,Level 2 Neurostimulator and Related Procedures,,,,,,,
10018,Uab Callahan Eye Hospital Authority,1720 University Blvd Ste 305,Birmingham,AL,1,35233,1.0,"Metropolitan area core: primary flow within an urbanized area of 50,000 and greater",5464,Level 4 Neurostimulator and Related Procedures,109.0,115.0,54627.2086956521,18648.5711304348,17048.5711304348,0.0,0.0
10018,Uab Callahan Eye Hospital Authority,1720 University Blvd Ste 305,Birmingham,AL,1,35233,1.0,"Metropolitan area core: primary flow within an urbanized area of 50,000 and greater",5465,Level 5 Neurostimulator and Related Procedures,,,,,,,
10018,Uab Callahan Eye Hospital Authority,1720 University Blvd Ste 305,Birmingham,AL,1,35233,1.0,"Metropolitan area core: primary flow within an urbanized area of 50,000 and greater",5491,Level 1 Intraocular Procedures,951.0,1440.0,9652.78786111111,1854.34741666662,1466.59130555558,0.0,0.0
10018,Uab Callahan Eye Hospital Authority,1720 University Blvd Ste 305,Birmingham,AL,1,35233,1.0,"Metropolitan area core: primary flow within an urbanized area of 50,000 and greater",5492,Level 2 Intraocular Procedures,835.0,989.0,17245.8680485338,3413.82326592517,2700.83530839233,0.0,0.0
10018,Uab Callahan Eye Hospital Authority,1720 University Blvd Ste 305,Birmingham,AL,1,35233,1.0,"Metropolitan area core: primary flow within an urbanized area of 50,000 and greater",5493,Level 3 Intraocular Procedures,,,,,,,
10018,Uab Callahan Eye Hospital Authority,1720 University Blvd Ste 305,Birmingham,AL,1,35233,1.0,"Metropolitan area core: primary flow within an urbanized area of 50,000 and greater",5494,Level 4 Intraocular Procedures,,,,,,,
10018,Uab Callahan Eye Hospital Authority,1720 University Blvd Ste 305,Birmingham,AL,1,35233,1.0,"Metropolitan area core: primary flow within an urbanized area of 50,000 and greater",5503,"Level 3 Extraocular, Repair, and Plastic Eye Procedures",399.0,414.0,7922.21014492753,1838.02830917874,1459.16256038646,0.0,0.0
10018,Uab Callahan Eye Hospital Authority,1720 University Blvd Ste 305,Birmingham,AL,1,35233,1.0,"Metropolitan area core: primary flow within an urbanized area of 50,000 and greater",5504,"Level 4 Extraocular, Repair, and Plastic Eye Procedures",57.0,57.0,9986.71052631579,2977.59824561403,2353.48859649123,0.0,0.0
10019,Helen Keller Memorial Hospital,1300 South Montgomery Avenue,Sheffield,AL,1,35660,1.0,"Metropolitan area core: primary flow within an urbanized area of 50,000 and greater",5072,Level 2 Excision/ Biopsy/ Incision and Drainage,26.0,28.0,4720.85035714285,1281.75464285714,1017.02357142857,0.0,0.0
10019,Helen Keller Memorial Hospital,1300 South Montgomery Avenue,Sheffield,AL,1,35660,1.0,"Metropolitan area core: primary flow within an urbanized area of 50,000 and greater",5073,Level 3 Excision/ Biopsy/ Incision and Drainage,,,,,,,
10019,Helen Keller Memorial Hospital,1300 South Montgomery Avenue,Sheffield,AL,1,35660,1.0,"Metropolitan area core: primary flow within an urbanized area of 50,000 and greater",5091,Level 1 Breast/Lymphatic Surgery and Related Procedures,,,,,,,
10019,Helen Keller Memorial Hospital,1300 South Montgomery Avenue,Sheffield,AL,1,35660,1.0,"Metropolitan area core: primary flow within an urbanized area of 50,000 and greater",5092,Level 2 Breast/Lymphatic Surgery and Related Procedures,,,,,,,
10019,Helen Keller Memorial Hospital,1300 South Montgomery Avenue,Sheffield,AL,1,35660,1.0,"Metropolitan area core: primary flow within an urbanized area of 50,000 and greater",5093,Level 3 Breast/Lymphatic Surgery and Related Procedures,,,,,,,
10019,Helen Keller Memorial Hospital,1300 South Montgomery Avenue,Sheffield,AL,1,35660,1.0,"Metropolitan area core: primary flow within an urbanized area of 50,000 and greater",5112,Level 2 Musculoskeletal Procedures,12.0,12.0,5201.09583333333,1226.08,976.87,0.0,0.0
10019,Helen Keller Memorial Hospital,1300 South Montgomery Avenue,Sheffield,AL,1,35660,1.0,"Metropolitan area core: primary flow within an urbanized area of 50,000 and greater",5113,Level 3 Musculoskeletal Procedures,,,,,,,
10019,Helen Keller Memorial Hospital,1300 South Montgomery Avenue,Sheffield,AL,1,35660,1.0,"Metropolitan area core: primary flow within an urbanized area of 50,000 and greater",5114,Level 4 Musculoskeletal Procedures,19.0,19.0,13507.36,5653.73052631578,4495.1247368421,0.0,0.0
10019,Helen Keller Memorial Hospital,1300 South Montgomery Avenue,Sheffield,AL,1,35660,1.0,"Metropolitan area core: primary flow within an urbanized area of 50,000 and greater",5115,Level 5 Musculoskeletal Procedures,126.0,131.0,30194.2056488551,10712.8745038167,9107.69893129771,0.0,0.0
10019,Helen Keller Memorial Hospital,1300 South Montgomery Avenue,Sheffield,AL,1,35660,1.0,"Metropolitan area core: primary flow within an urbanized area of 50,000 and greater",5153,Level 3 Airway Endoscopy,,,,,,,
10019,Helen Keller Memorial Hospital,1300 South Montgomery Avenue,Sheffield,AL,1,35660,1.0,"Metropolitan area core: primary flow within an urbanized area of 50,000 and greater",5154,Level 4 Airway Endoscopy,,,,,,,
10019,Helen Keller Memorial Hospital,1300 South Montgomery Avenue,Sheffield,AL,1,35660,1.0,"Metropolitan area core: primary flow within an urbanized area of 50,000 and greater",5155,Level 5 Airway Endoscopy,,,,,,,
10019,Helen Keller Memorial Hospital,1300 South Montgomery Avenue,Sheffield,AL,1,35660,1.0,"Metropolitan area core: primary flow within an urbanized area of 50,000 and greater",5163,Level 3 ENT Procedures,,,,,,,
10019,Helen Keller Memorial Hospital,1300 South Montgomery Avenue,Sheffield,AL,1,35660,1.0,"Metropolitan area core: primary flow within an urbanized area of 50,000 and greater",5164,Level 4 ENT Procedures,,,,,,,
10019,Helen Keller Memorial Hospital,1300 South Montgomery Avenue,Sheffield,AL,1,35660,1.0,"Metropolitan area core: primary flow within an urbanized area of 50,000 and greater",5165,Level 5 ENT Procedures,,,,,,,
10019,Helen Keller Memorial Hospital,1300 South Montgomery Avenue,Sheffield,AL,1,35660,1.0,"Metropolitan area core: primary flow within an urbanized area of 50,000 and greater",5182,Level 2 Vascular Procedures,89.0,103.0,9885.17048543691,1263.65514563106,1000.10427184465,,
10019,Helen Keller Memorial Hospital,1300 South Montgomery Avenue,Sheffield,AL,1,35660,1.0,"Metropolitan area core: primary flow within an urbanized area of 50,000 and greater",5183,Level 3 Vascular Procedures,20.0,21.0,8194.41047619047,2449.70142857142,1923.5819047619,0.0,0.0
10019,Helen Keller Memorial Hospital,1300 South Montgomery Avenue,Sheffield,AL,1,35660,1.0,"Metropolitan area core: primary flow within an urbanized area of 50,000 and greater",5184,Level 4 Vascular Procedures,,,,,,,
10019,Helen Keller Memorial Hospital,1300 South Montgomery Avenue,Sheffield,AL,1,35660,1.0,"Metropolitan area core: primary flow within an urbanized area of 50,000 and greater",5191,Level 1 Endovascular Procedures,,,,,,,
10019,Helen Keller Memorial Hospital,1300 South Montgomery Avenue,Sheffield,AL,1,35660,1.0,"Metropolitan area core: primary flow within an urbanized area of 50,000 and greater",5222,Level 2 Pacemaker and Similar Procedures,,,,,,,
10019,Helen Keller Memorial Hospital,1300 South Montgomery Avenue,Sheffield,AL,1,35660,1.0,"Metropolitan area core: primary flow within an urbanized area of 50,000 and greater",5302,Level 2 Upper GI Procedures,68.0,74.0,8085.54621621622,1440.54675675675,1134.09391891891,0.0,0.0
10019,Helen Keller Memorial Hospital,1300 South Montgomery Avenue,Sheffield,AL,1,35660,1.0,"Metropolitan area core: primary flow within an urbanized area of 50,000 and greater",5331,Complex GI Procedures,,,,,,,
10019,Helen Keller Memorial Hospital,1300 South Montgomery Avenue,Sheffield,AL,1,35660,1.0,"Metropolitan area core: primary flow within an urbanized area of 50,000 and greater",5341,Abdominal/Peritoneal/Biliary and Related Procedures,16.0,16.0,10407.704375,2876.55,2261.25,0.0,0.0
10019,Helen Keller Memorial Hospital,1300 South Montgomery Avenue,Sheffield,AL,1,35660,1.0,"Metropolitan area core: primary flow within an urbanized area of 50,000 and greater",5361,Level 1 Laparoscopy and Related Services,43.0,43.0,20011.6258139534,4382.97511627906,3472.61139534883,0.0,0.0
10019,Helen Keller Memorial Hospital,1300 South Montgomery Avenue,Sheffield,AL,1,35660,1.0,"Metropolitan area core: primary flow within an urbanized area of 50,000 and greater",5362,Level 2 Laparoscopy and Related Services,,,,,,,
10019,Helen Keller Memorial Hospital,1300 South Montgomery Avenue,Sheffield,AL,1,35660,1.0,"Metropolitan area core: primary flow within an urbanized area of 50,000 and greater",5373,Level 3 Urology and Related Services,35.0,39.0,8834.92358974359,1455.91,1129.0441025641,0.0,0.0
10019,Helen Keller Memorial Hospital,1300 South Montgomery Avenue,Sheffield,AL,1,35660,1.0,"Metropolitan area core: primary flow within an urbanized area of 50,000 and greater",5374,Level 4 Urology and Related Services,67.0,78.0,12266.1383333333,2667.64705128204,2106.21115384615,0.0,0.0
10019,Helen Keller Memorial Hospital,1300 South Montgomery Avenue,Sheffield,AL,1,35660,1.0,"Metropolitan area core: primary flow within an urbanized area of 50,000 and greater",5375,Level 5 Urology and Related Services,57.0,59.0,12331.8776271186,3910.42593220338,3092.97796610169,0.0,0.0
10019,Helen Keller Memorial Hospital,1300 South Montgomery Avenue,Sheffield,AL,1,35660,1.0,"Metropolitan area core: primary flow within an urbanized area of 50,000 and greater",5376,Level 6 Urology and Related Services,25.0,25.0,14416.882,7314.14,5827.53,0.0,0.0
10019,Helen Keller Memorial Hospital,1300 South Montgomery Avenue,Sheffield,AL,1,35660,1.0,"Metropolitan area core: primary flow within an urbanized area of 50,000 and greater",5378,Level 8 Urology and Related Services,,,,,,,
10019,Helen Keller Memorial Hospital,1300 South Montgomery Avenue,Sheffield,AL,1,35660,1.0,"Metropolitan area core: primary flow within an urbanized area of 50,000 and greater",5414,Level 4 Gynecologic Procedures,,,,,,,
10019,Helen Keller Memorial Hospital,1300 South Montgomery Avenue,Sheffield,AL,1,35660,1.0,"Metropolitan area core: primary flow within an urbanized area of 50,000 and greater",5415,Level 5 Gynecologic Procedures,,,,,,,
10019,Helen Keller Memorial Hospital,1300 South Montgomery Avenue,Sheffield,AL,1,35660,1.0,"Metropolitan area core: primary flow within an urbanized area of 50,000 and greater",5431,Level 1 Nerve Procedures,,,,,,,
10019,Helen Keller Memorial Hospital,1300 South Montgomery Avenue,Sheffield,AL,1,35660,1.0,"Metropolitan area core: primary flow within an urbanized area of 50,000 and greater",5464,Level 4 Neurostimulator and Related Procedures,,,,,,,
10019,Helen Keller Memorial Hospital,1300 South Montgomery Avenue,Sheffield,AL,1,35660,1.0,"Metropolitan area core: primary flow within an urbanized area of 50,000 and greater",5491,Level 1 Intraocular Procedures,87.0,149.0,5299.08449664432,1826.03812080536,1446.0444295302,0.0,0.0
10019,Helen Keller Memorial Hospital,1300 South Montgomery Avenue,Sheffield,AL,1,35660,1.0,"Metropolitan area core: primary flow within an urbanized area of 50,000 and greater",5492,Level 2 Intraocular Procedures,18.0,27.0,13640.2611111111,3415.28111111111,2708.62777777777,0.0,0.0
10019,Helen Keller Memorial Hospital,1300 South Montgomery Avenue,Sheffield,AL,1,35660,1.0,"Metropolitan area core: primary flow within an urbanized area of 50,000 and greater",5503,"Level 3 Extraocular, Repair, and Plastic Eye Procedures",,,,,,,
10019,Helen Keller Memorial Hospital,1300 South Montgomery Avenue,Sheffield,AL,1,35660,1.0,"Metropolitan area core: primary flow within an urbanized area of 50,000 and greater",8011,Comprehensive Observation Services,167.0,180.0,11910.8017777777,2018.92372222222,1594.23588888889,0.0,0.0
10021,Dale Medical Center,126 Hospital Ave,Ozark,AL,1,36360,4.1,"Secondary flow 30% to <50% to a urbanized area of 50,000 and greater",5072,Level 2 Excision/ Biopsy/ Incision and Drainage,,,,,,,
10021,Dale Medical Center,126 Hospital Ave,Ozark,AL,1,36360,4.1,"Secondary flow 30% to <50% to a urbanized area of 50,000 and greater",5073,Level 3 Excision/ Biopsy/ Incision and Drainage,,,,,,,
10021,Dale Medical Center,126 Hospital Ave,Ozark,AL,1,36360,4.1,"Secondary flow 30% to <50% to a urbanized area of 50,000 and greater",5112,Level 2 Musculoskeletal Procedures,,,,,,,
10021,Dale Medical Center,126 Hospital Ave,Ozark,AL,1,36360,4.1,"Secondary flow 30% to <50% to a urbanized area of 50,000 and greater",5113,Level 3 Musculoskeletal Procedures,,,,,,,
10021,Dale Medical Center,126 Hospital Ave,Ozark,AL,1,36360,4.1,"Secondary flow 30% to <50% to a urbanized area of 50,000 and greater",5114,Level 4 Musculoskeletal Procedures,,,,,,,
10021,Dale Medical Center,126 Hospital Ave,Ozark,AL,1,36360,4.1,"Secondary flow 30% to <50% to a urbanized area of 50,000 and greater",5115,Level 5 Musculoskeletal Procedures,,,,,,,
10021,Dale Medical Center,126 Hospital Ave,Ozark,AL,1,36360,4.1,"Secondary flow 30% to <50% to a urbanized area of 50,000 and greater",5163,Level 3 ENT Procedures,,,,,,,
10021,Dale Medical Center,126 Hospital Ave,Ozark,AL,1,36360,4.1,"Secondary flow 30% to <50% to a urbanized area of 50,000 and greater",5164,Level 4 ENT Procedures,,,,,,,
10021,Dale Medical Center,126 Hospital Ave,Ozark,AL,1,36360,4.1,"Secondary flow 30% to <50% to a urbanized area of 50,000 and greater",5183,Level 3 Vascular Procedures,,,,,,,
10021,Dale Medical Center,126 Hospital Ave,Ozark,AL,1,36360,4.1,"Secondary flow 30% to <50% to a urbanized area of 50,000 and greater",5184,Level 4 Vascular Procedures,,,,,,,
10021,Dale Medical Center,126 Hospital Ave,Ozark,AL,1,36360,4.1,"Secondary flow 30% to <50% to a urbanized area of 50,000 and greater",5191,Level 1 Endovascular Procedures,,,,,,,
10021,Dale Medical Center,126 Hospital Ave,Ozark,AL,1,36360,4.1,"Secondary flow 30% to <50% to a urbanized area of 50,000 and greater",5222,Level 2 Pacemaker and Similar Procedures,,,,,,,
10021,Dale Medical Center,126 Hospital Ave,Ozark,AL,1,36360,4.1,"Secondary flow 30% to <50% to a urbanized area of 50,000 and greater",5223,Level 3 Pacemaker and Similar Procedures,,,,,,,
10021,Dale Medical Center,126 Hospital Ave,Ozark,AL,1,36360,4.1,"Secondary flow 30% to <50% to a urbanized area of 50,000 and greater",5302,Level 2 Upper GI Procedures,12.0,14.0,6121.98214285714,1406.62428571428,1110.78428571428,0.0,0.0
10021,Dale Medical Center,126 Hospital Ave,Ozark,AL,1,36360,4.1,"Secondary flow 30% to <50% to a urbanized area of 50,000 and greater",5313,Level 3 Lower GI Procedures,,,,,,,
10021,Dale Medical Center,126 Hospital Ave,Ozark,AL,1,36360,4.1,"Secondary flow 30% to <50% to a urbanized area of 50,000 and greater",5341,Abdominal/Peritoneal/Biliary and Related Procedures,,,,,,,
10021,Dale Medical Center,126 Hospital Ave,Ozark,AL,1,36360,4.1,"Secondary flow 30% to <50% to a urbanized area of 50,000 and greater",5361,Level 1 Laparoscopy and Related Services,,,,,,,
10021,Dale Medical Center,126 Hospital Ave,Ozark,AL,1,36360,4.1,"Secondary flow 30% to <50% to a urbanized area of 50,000 and greater",5362,Level 2 Laparoscopy and Related Services,,,,,,,
10021,Dale Medical Center,126 Hospital Ave,Ozark,AL,1,36360,4.1,"Secondary flow 30% to <50% to a urbanized area of 50,000 and greater",5373,Level 3 Urology and Related Services,,,,,,,
10021,Dale Medical Center,126 Hospital Ave,Ozark,AL,1,36360,4.1,"Secondary flow 30% to <50% to a urbanized area of 50,000 and greater",5431,Level 1 Nerve Procedures,,,,,,,
10021,Dale Medical Center,126 Hospital Ave,Ozark,AL,1,36360,4.1,"Secondary flow 30% to <50% to a urbanized area of 50,000 and greater",5465,Level 5 Neurostimulator and Related Procedures,12.0,12.0,92696.2841666666,22562.9016666666,20962.9016666666,0.0,0.0
10021,Dale Medical Center,126 Hospital Ave,Ozark,AL,1,36360,4.1,"Secondary flow 30% to <50% to a urbanized area of 50,000 and greater",8011,Comprehensive Observation Services,151.0,163.0,13666.1352147239,2003.46098159509,1593.41858895705,0.0,0.0
10022,Floyd Cherokee Medical Center,400 Northwood Dr,Centre,AL,1,35960,3.0,"Metropolitan area low commuting: primary flow 10% to <30% to a urbanized area of 50,000 and greater",8011,Comprehensive Observation Services,33.0,35.0,40637.8091428571,2094.79628571428,1675.79057142857,0.0,0.0
10023,Baptist Medical Center South,2105 East South Boulevard,Montgomery,AL,1,36116,1.0,"Metropolitan area core: primary flow within an urbanized area of 50,000 and greater",5072,Level 2 Excision/ Biopsy/ Incision and Drainage,217.0,240.0,4471.47170833332,1267.41145833333,1003.22233333333,0.0,0.0
10023,Baptist Medical Center South,2105 East South Boulevard,Montgomery,AL,1,36116,1.0,"Metropolitan area core: primary flow within an urbanized area of 50,000 and greater",5073,Level 3 Excision/ Biopsy/ Incision and Drainage,39.0,39.0,12240.9697435897,2042.14487179487,1582.55512820512,0.0,0.0
10023,Baptist Medical Center South,2105 East South Boulevard,Montgomery,AL,1,36116,1.0,"Metropolitan area core: primary flow within an urbanized area of 50,000 and greater",5091,Level 1 Breast/Lymphatic Surgery and Related Procedures,11.0,11.0,12268.7445454545,2949.25,2349.81,0.0,0.0
10023,Baptist Medical Center South,2105 East South Boulevard,Montgomery,AL,1,36116,1.0,"Metropolitan area core: primary flow within an urbanized area of 50,000 and greater",5092,Level 2 Breast/Lymphatic Surgery and Related Procedures,44.0,45.0,21263.0893333332,4737.64888888888,3693.31333333333,,
10023,Baptist Medical Center South,2105 East South Boulevard,Montgomery,AL,1,36116,1.0,"Metropolitan area core: primary flow within an urbanized area of 50,000 and greater",5093,Level 3 Breast/Lymphatic Surgery and Related Procedures,,,,,,,
10023,Baptist Medical Center South,2105 East South Boulevard,Montgomery,AL,1,36116,1.0,"Metropolitan area core: primary flow within an urbanized area of 50,000 and greater",5094,Level 4 Breast/Lymphatic Surgery and Related Procedures,,,,,,,
10023,Baptist Medical Center South,2105 East South Boulevard,Montgomery,AL,1,36116,1.0,"Metropolitan area core: primary flow within an urbanized area of 50,000 and greater",5112,Level 2 Musculoskeletal Procedures,,,,,,,
10023,Baptist Medical Center South,2105 East South Boulevard,Montgomery,AL,1,36116,1.0,"Metropolitan area core: primary flow within an urbanized area of 50,000 and greater",5113,Level 3 Musculoskeletal Procedures,,,,,,,
10023,Baptist Medical Center South,2105 East South Boulevard,Montgomery,AL,1,36116,1.0,"Metropolitan area core: primary flow within an urbanized area of 50,000 and greater",5114,Level 4 Musculoskeletal Procedures,33.0,33.0,23669.1354545454,5541.15606060606,4384.24242424242,0.0,0.0
10023,Baptist Medical Center South,2105 East South Boulevard,Montgomery,AL,1,36116,1.0,"Metropolitan area core: primary flow within an urbanized area of 50,000 and greater",5115,Level 5 Musculoskeletal Procedures,272.0,283.0,36125.5726855122,10862.5536042402,9262.55360424026,0.0,0.0
10023,Baptist Medical Center South,2105 East South Boulevard,Montgomery,AL,1,36116,1.0,"Metropolitan area core: primary flow within an urbanized area of 50,000 and greater",5116,Level 6 Musculoskeletal Procedures,27.0,30.0,46860.7253333332,17598.6493333333,15998.6493333333,0.0,0.0
10023,Baptist Medical Center South,2105 East South Boulevard,Montgomery,AL,1,36116,1.0,"Metropolitan area core: primary flow within an urbanized area of 50,000 and greater",5153,Level 3 Airway Endoscopy,14.0,15.0,3524.46133333333,1371.38999999999,1092.65,0.0,0.0
10023,Baptist Medical Center South,2105 East South Boulevard,Montgomery,AL,1,36116,1.0,"Metropolitan area core: primary flow within an urbanized area of 50,000 and greater",5154,Level 4 Airway Endoscopy,20.0,22.0,10541.0395454545,2453.635,1872.355,0.0,0.0
10023,Baptist Medical Center South,2105 East South Boulevard,Montgomery,AL,1,36116,1.0,"Metropolitan area core: primary flow within an urbanized area of 50,000 and greater",5155,Level 5 Airway Endoscopy,,,,,,,
10023,Baptist Medical Center South,2105 East South Boulevard,Montgomery,AL,1,36116,1.0,"Metropolitan area core: primary flow within an urbanized area of 50,000 and greater",5164,Level 4 ENT Procedures,,,,,,,
10023,Baptist Medical Center South,2105 East South Boulevard,Montgomery,AL,1,36116,1.0,"Metropolitan area core: primary flow within an urbanized area of 50,000 and greater",5165,Level 5 ENT Procedures,16.0,17.0,17509.9099999999,4366.37,3424.66470588235,0.0,0.0
10023,Baptist Medical Center South,2105 East South Boulevard,Montgomery,AL,1,36116,1.0,"Metropolitan area core: primary flow within an urbanized area of 50,000 and greater",5182,Level 2 Vascular Procedures,18.0,18.0,3589.99166666666,1276.44722222222,1015.63055555555,0.0,0.0
10023,Baptist Medical Center South,2105 East South Boulevard,Montgomery,AL,1,36116,1.0,"Metropolitan area core: primary flow within an urbanized area of 50,000 and greater",5183,Level 3 Vascular Procedures,91.0,98.0,10641.1871428571,2488.09693877551,1968.97693877551,,
10023,Baptist Medical Center South,2105 East South Boulevard,Montgomery,AL,1,36116,1.0,"Metropolitan area core: primary flow within an urbanized area of 50,000 and greater",5184,Level 4 Vascular Procedures,35.0,40.0,15840.2635,4409.531,3504.271,0.0,0.0
10023,Baptist Medical Center South,2105 East South Boulevard,Montgomery,AL,1,36116,1.0,"Metropolitan area core: primary flow within an urbanized area of 50,000 and greater",5191,Level 1 Endovascular Procedures,155.0,156.0,11888.2328205128,2362.69858974359,1605.54551282051,0.0,0.0
10023,Baptist Medical Center South,2105 East South Boulevard,Montgomery,AL,1,36116,1.0,"Metropolitan area core: primary flow within an urbanized area of 50,000 and greater",5192,Level 2 Endovascular Procedures,34.0,34.0,20969.8761764706,4232.81735294117,3316.17588235294,0.0,0.0
10023,Baptist Medical Center South,2105 East South Boulevard,Montgomery,AL,1,36116,1.0,"Metropolitan area core: primary flow within an urbanized area of 50,000 and greater",5193,Level 3 Endovascular Procedures,112.0,113.0,36823.9882300885,8703.96300884955,7097.78123893805,,
10023,Baptist Medical Center South,2105 East South Boulevard,Montgomery,AL,1,36116,1.0,"Metropolitan area core: primary flow within an urbanized area of 50,000 and greater",5194,Level 4 Endovascular Procedures,20.0,21.0,53202.0038095238,13467.3771428571,11856.6152380952,0.0,0.0
10023,Baptist Medical Center South,2105 East South Boulevard,Montgomery,AL,1,36116,1.0,"Metropolitan area core: primary flow within an urbanized area of 50,000 and greater",5200,Implantation Wireless PA Pressure Monitor,,,,,,,
10023,Baptist Medical Center South,2105 East South Boulevard,Montgomery,AL,1,36116,1.0,"Metropolitan area core: primary flow within an urbanized area of 50,000 and greater",5212,Level 2 Electrophysiologic Procedures,,,,,,,
10023,Baptist Medical Center South,2105 East South Boulevard,Montgomery,AL,1,36116,1.0,"Metropolitan area core: primary flow within an urbanized area of 50,000 and greater",5213,Level 3 Electrophysiologic Procedures,29.0,30.0,60421.4723333332,19478.0069999999,17878.0069999999,0.0,0.0
10023,Baptist Medical Center South,2105 East South Boulevard,Montgomery,AL,1,36116,1.0,"Metropolitan area core: primary flow within an urbanized area of 50,000 and greater",5222,Level 2 Pacemaker and Similar Procedures,11.0,11.0,23941.2227272727,7002.76,5579.43,0.0,0.0
10023,Baptist Medical Center South,2105 East South Boulevard,Montgomery,AL,1,36116,1.0,"Metropolitan area core: primary flow within an urbanized area of 50,000 and greater",5223,Level 3 Pacemaker and Similar Procedures,93.0,93.0,29840.1743010751,8623.93903225807,7021.45182795699,0.0,0.0
10023,Baptist Medical Center South,2105 East South Boulevard,Montgomery,AL,1,36116,1.0,"Metropolitan area core: primary flow within an urbanized area of 50,000 and greater",5224,Level 4 Pacemaker and Similar Procedures,,,,,,,
10023,Baptist Medical Center South,2105 East South Boulevard,Montgomery,AL,1,36116,1.0,"Metropolitan area core: primary flow within an urbanized area of 50,000 and greater",5231,Level 1 ICD and Similar Procedures,,,,,,,
10023,Baptist Medical Center South,2105 East South Boulevard,Montgomery,AL,1,36116,1.0,"Metropolitan area core: primary flow within an urbanized area of 50,000 and greater",5232,Level 2 ICD and Similar Procedures,26.0,26.0,117452.645,26444.425,24840.485,0.0,0.0
10023,Baptist Medical Center South,2105 East South Boulevard,Montgomery,AL,1,36116,1.0,"Metropolitan area core: primary flow within an urbanized area of 50,000 and greater",5302,Level 2 Upper GI Procedures,26.0,31.0,4907.09806451613,1494.2164516129,1184.70419354838,0.0,0.0
10023,Baptist Medical Center South,2105 East South Boulevard,Montgomery,AL,1,36116,1.0,"Metropolitan area core: primary flow within an urbanized area of 50,000 and greater",5303,Level 3 Upper GI Procedures,,,,,,,
10023,Baptist Medical Center South,2105 East South Boulevard,Montgomery,AL,1,36116,1.0,"Metropolitan area core: primary flow within an urbanized area of 50,000 and greater",5313,Level 3 Lower GI Procedures,,,,,,,
10023,Baptist Medical Center South,2105 East South Boulevard,Montgomery,AL,1,36116,1.0,"Metropolitan area core: primary flow within an urbanized area of 50,000 and greater",5331,Complex GI Procedures,,,,,,,
10023,Baptist Medical Center South,2105 East South Boulevard,Montgomery,AL,1,36116,1.0,"Metropolitan area core: primary flow within an urbanized area of 50,000 and greater",5341,Abdominal/Peritoneal/Biliary and Related Procedures,12.0,12.0,13162.7691666666,3038.64666666666,2418.22416666666,0.0,0.0
10023,Baptist Medical Center South,2105 East South Boulevard,Montgomery,AL,1,36116,1.0,"Metropolitan area core: primary flow within an urbanized area of 50,000 and greater",5361,Level 1 Laparoscopy and Related Services,27.0,27.0,18232.4796296296,4075.71259259259,3161.43481481481,0.0,0.0
10023,Baptist Medical Center South,2105 East South Boulevard,Montgomery,AL,1,36116,1.0,"Metropolitan area core: primary flow within an urbanized area of 50,000 and greater",5362,Level 2 Laparoscopy and Related Services,,,,,,,
10023,Baptist Medical Center South,2105 East South Boulevard,Montgomery,AL,1,36116,1.0,"Metropolitan area core: primary flow within an urbanized area of 50,000 and greater",5373,Level 3 Urology and Related Services,33.0,34.0,10942.4982352941,1591.29,1267.86,0.0,0.0
10023,Baptist Medical Center South,2105 East South Boulevard,Montgomery,AL,1,36116,1.0,"Metropolitan area core: primary flow within an urbanized area of 50,000 and greater",5374,Level 4 Urology and Related Services,24.0,27.0,12826.2433333333,2674.90666666666,2109.33037037037,0.0,0.0
10023,Baptist Medical Center South,2105 East South Boulevard,Montgomery,AL,1,36116,1.0,"Metropolitan area core: primary flow within an urbanized area of 50,000 and greater",5375,Level 5 Urology and Related Services,41.0,45.0,15480.1164444444,3891.19355555555,3067.26577777777,0.0,0.0
10023,Baptist Medical Center South,2105 East South Boulevard,Montgomery,AL,1,36116,1.0,"Metropolitan area core: primary flow within an urbanized area of 50,000 and greater",5414,Level 4 Gynecologic Procedures,,,,,,,
10023,Baptist Medical Center South,2105 East South Boulevard,Montgomery,AL,1,36116,1.0,"Metropolitan area core: primary flow within an urbanized area of 50,000 and greater",5431,Level 1 Nerve Procedures,,,,,,,
10023,Baptist Medical Center South,2105 East South Boulevard,Montgomery,AL,1,36116,1.0,"Metropolitan area core: primary flow within an urbanized area of 50,000 and greater",5464,Level 4 Neurostimulator and Related Procedures,,,,,,,
10023,Baptist Medical Center South,2105 East South Boulevard,Montgomery,AL,1,36116,1.0,"Metropolitan area core: primary flow within an urbanized area of 50,000 and greater",5465,Level 5 Neurostimulator and Related Procedures,13.0,14.0,74457.7414285714,25115.98,23515.98,0.0,0.0
10023,Baptist Medical Center South,2105 East South Boulevard,Montgomery,AL,1,36116,1.0,"Metropolitan area core: primary flow within an urbanized area of 50,000 and greater",5492,Level 2 Intraocular Procedures,104.0,113.0,15145.83539823,3234.41991150442,2537.71991150443,0.0,0.0
10023,Baptist Medical Center South,2105 East South Boulevard,Montgomery,AL,1,36116,1.0,"Metropolitan area core: primary flow within an urbanized area of 50,000 and greater",5503,"Level 3 Extraocular, Repair, and Plastic Eye Procedures",,,,,,,
10023,Baptist Medical Center South,2105 East South Boulevard,Montgomery,AL,1,36116,1.0,"Metropolitan area core: primary flow within an urbanized area of 50,000 and greater",5504,"Level 4 Extraocular, Repair, and Plastic Eye Procedures",,,,,,,
10023,Baptist Medical Center South,2105 East South Boulevard,Montgomery,AL,1,36116,1.0,"Metropolitan area core: primary flow within an urbanized area of 50,000 and greater",5881,Ancillary Outpatient Services When Patient Dies,,,,,,,
10023,Baptist Medical Center South,2105 East South Boulevard,Montgomery,AL,1,36116,1.0,"Metropolitan area core: primary flow within an urbanized area of 50,000 and greater",8011,Comprehensive Observation Services,212.0,229.0,9257.79973799122,2010.48991266375,1609.35637554585,,
10024,Jackson Hospital & Clinic Inc,1725 Pine Street,Montgomery,AL,1,36106,1.0,"Metropolitan area core: primary flow within an urbanized area of 50,000 and greater",5072,Level 2 Excision/ Biopsy/ Incision and Drainage,65.0,66.0,9537.24515151515,1272.35227272727,1006.28772727272,0.0,0.0
10024,Jackson Hospital & Clinic Inc,1725 Pine Street,Montgomery,AL,1,36106,1.0,"Metropolitan area core: primary flow within an urbanized area of 50,000 and greater",5073,Level 3 Excision/ Biopsy/ Incision and Drainage,14.0,14.0,16111.8042857142,2239.61642857142,1777.60714285714,0.0,0.0
10024,Jackson Hospital & Clinic Inc,1725 Pine Street,Montgomery,AL,1,36106,1.0,"Metropolitan area core: primary flow within an urbanized area of 50,000 and greater",5091,Level 1 Breast/Lymphatic Surgery and Related Procedures,,,,,,,
10024,Jackson Hospital & Clinic Inc,1725 Pine Street,Montgomery,AL,1,36106,1.0,"Metropolitan area core: primary flow within an urbanized area of 50,000 and greater",5092,Level 2 Breast/Lymphatic Surgery and Related Procedures,,,,,,,
10024,Jackson Hospital & Clinic Inc,1725 Pine Street,Montgomery,AL,1,36106,1.0,"Metropolitan area core: primary flow within an urbanized area of 50,000 and greater",5112,Level 2 Musculoskeletal Procedures,,,,,,,
10024,Jackson Hospital & Clinic Inc,1725 Pine Street,Montgomery,AL,1,36106,1.0,"Metropolitan area core: primary flow within an urbanized area of 50,000 and greater",5113,Level 3 Musculoskeletal Procedures,,,,,,,
10024,Jackson Hospital & Clinic Inc,1725 Pine Street,Montgomery,AL,1,36106,1.0,"Metropolitan area core: primary flow within an urbanized area of 50,000 and greater",5114,Level 4 Musculoskeletal Procedures,87.0,88.0,23763.5581818181,5583.75068181818,4418.11477272726,0.0,0.0
10024,Jackson Hospital & Clinic Inc,1725 Pine Street,Montgomery,AL,1,36106,1.0,"Metropolitan area core: primary flow within an urbanized area of 50,000 and greater",5115,Level 5 Musculoskeletal Procedures,145.0,147.0,45871.5797278911,11058.9436054421,9458.94360544216,0.0,0.0
10024,Jackson Hospital & Clinic Inc,1725 Pine Street,Montgomery,AL,1,36106,1.0,"Metropolitan area core: primary flow within an urbanized area of 50,000 and greater",5116,Level 6 Musculoskeletal Procedures,,,,,,,
10024,Jackson Hospital & Clinic Inc,1725 Pine Street,Montgomery,AL,1,36106,1.0,"Metropolitan area core: primary flow within an urbanized area of 50,000 and greater",5153,Level 3 Airway Endoscopy,,,,,,,
10024,Jackson Hospital & Clinic Inc,1725 Pine Street,Montgomery,AL,1,36106,1.0,"Metropolitan area core: primary flow within an urbanized area of 50,000 and greater",5154,Level 4 Airway Endoscopy,,,,,,,
10024,Jackson Hospital & Clinic Inc,1725 Pine Street,Montgomery,AL,1,36106,1.0,"Metropolitan area core: primary flow within an urbanized area of 50,000 and greater",5163,Level 3 ENT Procedures,,,,,,,
10024,Jackson Hospital & Clinic Inc,1725 Pine Street,Montgomery,AL,1,36106,1.0,"Metropolitan area core: primary flow within an urbanized area of 50,000 and greater",5164,Level 4 ENT Procedures,,,,,,,
10024,Jackson Hospital & Clinic Inc,1725 Pine Street,Montgomery,AL,1,36106,1.0,"Metropolitan area core: primary flow within an urbanized area of 50,000 and greater",5165,Level 5 ENT Procedures,15.0,15.0,21505.1353333333,4383.20933333333,3442.32933333333,0.0,0.0
10024,Jackson Hospital & Clinic Inc,1725 Pine Street,Montgomery,AL,1,36106,1.0,"Metropolitan area core: primary flow within an urbanized area of 50,000 and greater",5182,Level 2 Vascular Procedures,68.0,93.0,12866.894516129,1239.25440860215,972.726881720431,0.0,0.0
10024,Jackson Hospital & Clinic Inc,1725 Pine Street,Montgomery,AL,1,36106,1.0,"Metropolitan area core: primary flow within an urbanized area of 50,000 and greater",5183,Level 3 Vascular Procedures,58.0,64.0,18620.81765625,2480.42609374999,1963.35296875,0.0,0.0
10024,Jackson Hospital & Clinic Inc,1725 Pine Street,Montgomery,AL,1,36106,1.0,"Metropolitan area core: primary flow within an urbanized area of 50,000 and greater",5184,Level 4 Vascular Procedures,27.0,27.0,22661.7588888889,4455.9137037037,3543.55777777777,0.0,0.0
10024,Jackson Hospital & Clinic Inc,1725 Pine Street,Montgomery,AL,1,36106,1.0,"Metropolitan area core: primary flow within an urbanized area of 50,000 and greater",5191,Level 1 Endovascular Procedures,123.0,125.0,27825.42872,2542.87175999999,1773.46496,,
10024,Jackson Hospital & Clinic Inc,1725 Pine Street,Montgomery,AL,1,36106,1.0,"Metropolitan area core: primary flow within an urbanized area of 50,000 and greater",5192,Level 2 Endovascular Procedures,51.0,55.0,40029.6963636363,4272.79163636364,3350.53436363636,0.0,0.0
10024,Jackson Hospital & Clinic Inc,1725 Pine Street,Montgomery,AL,1,36106,1.0,"Metropolitan area core: primary flow within an urbanized area of 50,000 and greater",5193,Level 3 Endovascular Procedures,79.0,88.0,72173.71875,8815.84056818182,7238.02102272727,0.0,0.0
10024,Jackson Hospital & Clinic Inc,1725 Pine Street,Montgomery,AL,1,36106,1.0,"Metropolitan area core: primary flow within an urbanized area of 50,000 and greater",5194,Level 4 Endovascular Procedures,12.0,12.0,102371.135833333,14863.13,13263.13,0.0,0.0
10024,Jackson Hospital & Clinic Inc,1725 Pine Street,Montgomery,AL,1,36106,1.0,"Metropolitan area core: primary flow within an urbanized area of 50,000 and greater",5212,Level 2 Electrophysiologic Procedures,,,,,,,
10024,Jackson Hospital & Clinic Inc,1725 Pine Street,Montgomery,AL,1,36106,1.0,"Metropolitan area core: primary flow within an urbanized area of 50,000 and greater",5213,Level 3 Electrophysiologic Procedures,15.0,15.0,110641.336,20305.74,18705.74,0.0,0.0
10024,Jackson Hospital & Clinic Inc,1725 Pine Street,Montgomery,AL,1,36106,1.0,"Metropolitan area core: primary flow within an urbanized area of 50,000 and greater",5222,Level 2 Pacemaker and Similar Procedures,,,,,,,
10024,Jackson Hospital & Clinic Inc,1725 Pine Street,Montgomery,AL,1,36106,1.0,"Metropolitan area core: primary flow within an urbanized area of 50,000 and greater",5223,Level 3 Pacemaker and Similar Procedures,35.0,35.0,44823.7088571428,8949.87428571428,7348.65885714286,0.0,0.0
10024,Jackson Hospital & Clinic Inc,1725 Pine Street,Montgomery,AL,1,36106,1.0,"Metropolitan area core: primary flow within an urbanized area of 50,000 and greater",5224,Level 4 Pacemaker and Similar Procedures,,,,,,,
10024,Jackson Hospital & Clinic Inc,1725 Pine Street,Montgomery,AL,1,36106,1.0,"Metropolitan area core: primary flow within an urbanized area of 50,000 and greater",5231,Level 1 ICD and Similar Procedures,,,,,,,
10024,Jackson Hospital & Clinic Inc,1725 Pine Street,Montgomery,AL,1,36106,1.0,"Metropolitan area core: primary flow within an urbanized area of 50,000 and greater",5232,Level 2 ICD and Similar Procedures,,,,,,,
10024,Jackson Hospital & Clinic Inc,1725 Pine Street,Montgomery,AL,1,36106,1.0,"Metropolitan area core: primary flow within an urbanized area of 50,000 and greater",5302,Level 2 Upper GI Procedures,54.0,62.0,7811.08129032258,1473.39322580645,1166.6743548387,0.0,0.0
10024,Jackson Hospital & Clinic Inc,1725 Pine Street,Montgomery,AL,1,36106,1.0,"Metropolitan area core: primary flow within an urbanized area of 50,000 and greater",5303,Level 3 Upper GI Procedures,,,,,,,
10024,Jackson Hospital & Clinic Inc,1725 Pine Street,Montgomery,AL,1,36106,1.0,"Metropolitan area core: primary flow within an urbanized area of 50,000 and greater",5313,Level 3 Lower GI Procedures,,,,,,,
10024,Jackson Hospital & Clinic Inc,1725 Pine Street,Montgomery,AL,1,36106,1.0,"Metropolitan area core: primary flow within an urbanized area of 50,000 and greater",5331,Complex GI Procedures,,,,,,,
10024,Jackson Hospital & Clinic Inc,1725 Pine Street,Montgomery,AL,1,36106,1.0,"Metropolitan area core: primary flow within an urbanized area of 50,000 and greater",5341,Abdominal/Peritoneal/Biliary and Related Procedures,21.0,21.0,19249.3061904761,2954.08095238095,2329.98095238095,0.0,0.0
10024,Jackson Hospital & Clinic Inc,1725 Pine Street,Montgomery,AL,1,36106,1.0,"Metropolitan area core: primary flow within an urbanized area of 50,000 and greater",5361,Level 1 Laparoscopy and Related Services,71.0,73.0,20477.4115068493,4246.59315068493,3325.49739726028,0.0,0.0
10024,Jackson Hospital & Clinic Inc,1725 Pine Street,Montgomery,AL,1,36106,1.0,"Metropolitan area core: primary flow within an urbanized area of 50,000 and greater",5362,Level 2 Laparoscopy and Related Services,29.0,29.0,27388.4968965517,7228.5248275862,5628.5248275862,0.0,0.0
10024,Jackson Hospital & Clinic Inc,1725 Pine Street,Montgomery,AL,1,36106,1.0,"Metropolitan area core: primary flow within an urbanized area of 50,000 and greater",5372,Level 2 Urology and Related Services,458.0,741.0,877.184264507422,469.798825910928,368.966774628875,0.0,0.0
10024,Jackson Hospital & Clinic Inc,1725 Pine Street,Montgomery,AL,1,36106,1.0,"Metropolitan area core: primary flow within an urbanized area of 50,000 and greater",5373,Level 3 Urology and Related Services,231.0,262.0,6406.93133587786,1481.24137404579,1175.38832061069,0.0,0.0
10024,Jackson Hospital & Clinic Inc,1725 Pine Street,Montgomery,AL,1,36106,1.0,"Metropolitan area core: primary flow within an urbanized area of 50,000 and greater",5374,Level 4 Urology and Related Services,100.0,120.0,17731.364,2676.14091666666,2109.58749999999,0.0,0.0
10024,Jackson Hospital & Clinic Inc,1725 Pine Street,Montgomery,AL,1,36106,1.0,"Metropolitan area core: primary flow within an urbanized area of 50,000 and greater",5375,Level 5 Urology and Related Services,107.0,114.0,16890.1228947368,3881.63807017543,3050.67359649123,0.0,0.0
10024,Jackson Hospital & Clinic Inc,1725 Pine Street,Montgomery,AL,1,36106,1.0,"Metropolitan area core: primary flow within an urbanized area of 50,000 and greater",5376,Level 6 Urology and Related Services,11.0,12.0,27782.5624999999,6926.15833333333,5418.28833333333,0.0,0.0
10024,Jackson Hospital & Clinic Inc,1725 Pine Street,Montgomery,AL,1,36106,1.0,"Metropolitan area core: primary flow within an urbanized area of 50,000 and greater",5377,Level 7 Urology and Related Services,,,,,,,
10024,Jackson Hospital & Clinic Inc,1725 Pine Street,Montgomery,AL,1,36106,1.0,"Metropolitan area core: primary flow within an urbanized area of 50,000 and greater",5378,Level 8 Urology and Related Services,,,,,,,
10024,Jackson Hospital & Clinic Inc,1725 Pine Street,Montgomery,AL,1,36106,1.0,"Metropolitan area core: primary flow within an urbanized area of 50,000 and greater",5414,Level 4 Gynecologic Procedures,,,,,,,
10024,Jackson Hospital & Clinic Inc,1725 Pine Street,Montgomery,AL,1,36106,1.0,"Metropolitan area core: primary flow within an urbanized area of 50,000 and greater",5415,Level 5 Gynecologic Procedures,,,,,,,
10024,Jackson Hospital & Clinic Inc,1725 Pine Street,Montgomery,AL,1,36106,1.0,"Metropolitan area core: primary flow within an urbanized area of 50,000 and greater",5416,Level 6 Gynecologic Procedures,13.0,13.0,14593.9853846153,6004.27,4767.18,0.0,0.0
10024,Jackson Hospital & Clinic Inc,1725 Pine Street,Montgomery,AL,1,36106,1.0,"Metropolitan area core: primary flow within an urbanized area of 50,000 and greater",5431,Level 1 Nerve Procedures,,,,,,,
10024,Jackson Hospital & Clinic Inc,1725 Pine Street,Montgomery,AL,1,36106,1.0,"Metropolitan area core: primary flow within an urbanized area of 50,000 and greater",5461,Level 1 Neurostimulator and Related Procedures,,,,,,,
10024,Jackson Hospital & Clinic Inc,1725 Pine Street,Montgomery,AL,1,36106,1.0,"Metropolitan area core: primary flow within an urbanized area of 50,000 and greater",5464,Level 4 Neurostimulator and Related Procedures,,,,,,,
10024,Jackson Hospital & Clinic Inc,1725 Pine Street,Montgomery,AL,1,36106,1.0,"Metropolitan area core: primary flow within an urbanized area of 50,000 and greater",5465,Level 5 Neurostimulator and Related Procedures,23.0,23.0,92700.85,24346.1826086956,22746.1826086956,0.0,0.0
10024,Jackson Hospital & Clinic Inc,1725 Pine Street,Montgomery,AL,1,36106,1.0,"Metropolitan area core: primary flow within an urbanized area of 50,000 and greater",5491,Level 1 Intraocular Procedures,,,,,,,
10024,Jackson Hospital & Clinic Inc,1725 Pine Street,Montgomery,AL,1,36106,1.0,"Metropolitan area core: primary flow within an urbanized area of 50,000 and greater",5492,Level 2 Intraocular Procedures,,,,,,,
10024,Jackson Hospital & Clinic Inc,1725 Pine Street,Montgomery,AL,1,36106,1.0,"Metropolitan area core: primary flow within an urbanized area of 50,000 and greater",5504,"Level 4 Extraocular, Repair, and Plastic Eye Procedures",,,,,,,
10024,Jackson Hospital & Clinic Inc,1725 Pine Street,Montgomery,AL,1,36106,1.0,"Metropolitan area core: primary flow within an urbanized area of 50,000 and greater",8011,Comprehensive Observation Services,133.0,139.0,13357.4735251798,1937.3064028777,1503.75201438848,0.0,0.0
10029,East Alabama Medical Center,2000 Pepperell Parkway,Opelika,AL,1,36801,1.0,"Metropolitan area core: primary flow within an urbanized area of 50,000 and greater",5072,Level 2 Excision/ Biopsy/ Incision and Drainage,122.0,132.0,5998.94946969696,1221.34159090909,967.958409090911,0.0,0.0
10029,East Alabama Medical Center,2000 Pepperell Parkway,Opelika,AL,1,36801,1.0,"Metropolitan area core: primary flow within an urbanized area of 50,000 and greater",5073,Level 3 Excision/ Biopsy/ Incision and Drainage,28.0,29.0,9786.19241379311,2398.8,1911.24,0.0,0.0
10029,East Alabama Medical Center,2000 Pepperell Parkway,Opelika,AL,1,36801,1.0,"Metropolitan area core: primary flow within an urbanized area of 50,000 and greater",5091,Level 1 Breast/Lymphatic Surgery and Related Procedures,,,,,,,
10029,East Alabama Medical Center,2000 Pepperell Parkway,Opelika,AL,1,36801,1.0,"Metropolitan area core: primary flow within an urbanized area of 50,000 and greater",5092,Level 2 Breast/Lymphatic Surgery and Related Procedures,18.0,18.0,15392.3172222222,5518.80999999999,4397.1,0.0,0.0
10029,East Alabama Medical Center,2000 Pepperell Parkway,Opelika,AL,1,36801,1.0,"Metropolitan area core: primary flow within an urbanized area of 50,000 and greater",5094,Level 4 Breast/Lymphatic Surgery and Related Procedures,,,,,,,
10029,East Alabama Medical Center,2000 Pepperell Parkway,Opelika,AL,1,36801,1.0,"Metropolitan area core: primary flow within an urbanized area of 50,000 and greater",5112,Level 2 Musculoskeletal Procedures,12.0,13.0,6557.14538461538,1332.1,1061.34,0.0,0.0
10029,East Alabama Medical Center,2000 Pepperell Parkway,Opelika,AL,1,36801,1.0,"Metropolitan area core: primary flow within an urbanized area of 50,000 and greater",5113,Level 3 Musculoskeletal Procedures,52.0,55.0,8485.57945454546,2764.34836363636,2191.12581818182,0.0,0.0
10029,East Alabama Medical Center,2000 Pepperell Parkway,Opelika,AL,1,36801,1.0,"Metropolitan area core: primary flow within an urbanized area of 50,000 and greater",5114,Level 4 Musculoskeletal Procedures,66.0,68.0,11878.7977941176,6097.23897058823,4855.31,0.0,0.0
10029,East Alabama Medical Center,2000 Pepperell Parkway,Opelika,AL,1,36801,1.0,"Metropolitan area core: primary flow within an urbanized area of 50,000 and greater",5115,Level 5 Musculoskeletal Procedures,59.0,59.0,23743.5379661016,11031.4937288135,9431.49372881356,0.0,0.0
10029,East Alabama Medical Center,2000 Pepperell Parkway,Opelika,AL,1,36801,1.0,"Metropolitan area core: primary flow within an urbanized area of 50,000 and greater",5116,Level 6 Musculoskeletal Procedures,,,,,,,
10029,East Alabama Medical Center,2000 Pepperell Parkway,Opelika,AL,1,36801,1.0,"Metropolitan area core: primary flow within an urbanized area of 50,000 and greater",5153,Level 3 Airway Endoscopy,23.0,23.0,5001.43478260869,1484.49391304347,1179.08956521739,0.0,0.0
10029,East Alabama Medical Center,2000 Pepperell Parkway,Opelika,AL,1,36801,1.0,"Metropolitan area core: primary flow within an urbanized area of 50,000 and greater",5154,Level 4 Airway Endoscopy,,,,,,,
10029,East Alabama Medical Center,2000 Pepperell Parkway,Opelika,AL,1,36801,1.0,"Metropolitan area core: primary flow within an urbanized area of 50,000 and greater",5155,Level 5 Airway Endoscopy,,,,,,,
10029,East Alabama Medical Center,2000 Pepperell Parkway,Opelika,AL,1,36801,1.0,"Metropolitan area core: primary flow within an urbanized area of 50,000 and greater",5163,Level 3 ENT Procedures,,,,,,,
10029,East Alabama Medical Center,2000 Pepperell Parkway,Opelika,AL,1,36801,1.0,"Metropolitan area core: primary flow within an urbanized area of 50,000 and greater",5164,Level 4 ENT Procedures,,,,,,,
10029,East Alabama Medical Center,2000 Pepperell Parkway,Opelika,AL,1,36801,1.0,"Metropolitan area core: primary flow within an urbanized area of 50,000 and greater",5165,Level 5 ENT Procedures,,,,,,,
10029,East Alabama Medical Center,2000 Pepperell Parkway,Opelika,AL,1,36801,1.0,"Metropolitan area core: primary flow within an urbanized area of 50,000 and greater",5166,Cochlear Implant Procedure,13.0,14.0,52695.7064285714,30862.99,29262.99,0.0,0.0
10029,East Alabama Medical Center,2000 Pepperell Parkway,Opelika,AL,1,36801,1.0,"Metropolitan area core: primary flow within an urbanized area of 50,000 and greater",5182,Level 2 Vascular Procedures,12.0,14.0,4134.32857142857,1381.61999999999,1100.79999999999,0.0,0.0
10029,East Alabama Medical Center,2000 Pepperell Parkway,Opelika,AL,1,36801,1.0,"Metropolitan area core: primary flow within an urbanized area of 50,000 and greater",5183,Level 3 Vascular Procedures,70.0,80.0,9279.546125,2712.68324999999,2144.48999999999,0.0,0.0
10029,East Alabama Medical Center,2000 Pepperell Parkway,Opelika,AL,1,36801,1.0,"Metropolitan area core: primary flow within an urbanized area of 50,000 and greater",5184,Level 4 Vascular Procedures,45.0,49.0,12889.0085714285,4773.01571428571,3791.16102040816,0.0,0.0
10029,East Alabama Medical Center,2000 Pepperell Parkway,Opelika,AL,1,36801,1.0,"Metropolitan area core: primary flow within an urbanized area of 50,000 and greater",5191,Level 1 Endovascular Procedures,251.0,254.0,7413.2213779527,2738.40468503935,1920.09838582676,0.0,0.0
10029,East Alabama Medical Center,2000 Pepperell Parkway,Opelika,AL,1,36801,1.0,"Metropolitan area core: primary flow within an urbanized area of 50,000 and greater",5192,Level 2 Endovascular Procedures,82.0,95.0,12394.6212631578,4843.13431578947,3853.07484210526,,
10029,East Alabama Medical Center,2000 Pepperell Parkway,Opelika,AL,1,36801,1.0,"Metropolitan area core: primary flow within an urbanized area of 50,000 and greater",5193,Level 3 Endovascular Procedures,150.0,157.0,30890.9977707007,9580.6821656051,7984.41573248407,,
10029,East Alabama Medical Center,2000 Pepperell Parkway,Opelika,AL,1,36801,1.0,"Metropolitan area core: primary flow within an urbanized area of 50,000 and greater",5194,Level 4 Endovascular Procedures,11.0,11.0,36375.1454545454,15918.31,14318.31,,
10029,East Alabama Medical Center,2000 Pepperell Parkway,Opelika,AL,1,36801,1.0,"Metropolitan area core: primary flow within an urbanized area of 50,000 and greater",5212,Level 2 Electrophysiologic Procedures,,,,,,,
10029,East Alabama Medical Center,2000 Pepperell Parkway,Opelika,AL,1,36801,1.0,"Metropolitan area core: primary flow within an urbanized area of 50,000 and greater",5213,Level 3 Electrophysiologic Procedures,11.0,11.0,53944.1618181818,21748.4481818181,20132.0609090909,0.0,0.0
10029,East Alabama Medical Center,2000 Pepperell Parkway,Opelika,AL,1,36801,1.0,"Metropolitan area core: primary flow within an urbanized area of 50,000 and greater",5222,Level 2 Pacemaker and Similar Procedures,15.0,15.0,17222.062,7579.97,6039.32,0.0,0.0
10029,East Alabama Medical Center,2000 Pepperell Parkway,Opelika,AL,1,36801,1.0,"Metropolitan area core: primary flow within an urbanized area of 50,000 and greater",5223,Level 3 Pacemaker and Similar Procedures,99.0,99.0,21896.6813131312,9513.61333333331,7909.76343434342,0.0,0.0
10029,East Alabama Medical Center,2000 Pepperell Parkway,Opelika,AL,1,36801,1.0,"Metropolitan area core: primary flow within an urbanized area of 50,000 and greater",5224,Level 4 Pacemaker and Similar Procedures,,,,,,,
10029,East Alabama Medical Center,2000 Pepperell Parkway,Opelika,AL,1,36801,1.0,"Metropolitan area core: primary flow within an urbanized area of 50,000 and greater",5231,Level 1 ICD and Similar Procedures,,,,,,,
10029,East Alabama Medical Center,2000 Pepperell Parkway,Opelika,AL,1,36801,1.0,"Metropolitan area core: primary flow within an urbanized area of 50,000 and greater",5232,Level 2 ICD and Similar Procedures,18.0,18.0,67379.5305555555,29697.05,28097.0499999999,0.0,0.0
10029,East Alabama Medical Center,2000 Pepperell Parkway,Opelika,AL,1,36801,1.0,"Metropolitan area core: primary flow within an urbanized area of 50,000 and greater",5302,Level 2 Upper GI Procedures,30.0,33.0,3960.4206060606,1617.1406060606,1293.41121212121,0.0,0.0
10029,East Alabama Medical Center,2000 Pepperell Parkway,Opelika,AL,1,36801,1.0,"Metropolitan area core: primary flow within an urbanized area of 50,000 and greater",5313,Level 3 Lower GI Procedures,,,,,,,
10029,East Alabama Medical Center,2000 Pepperell Parkway,Opelika,AL,1,36801,1.0,"Metropolitan area core: primary flow within an urbanized area of 50,000 and greater",5331,Complex GI Procedures,,,,,,,
10029,East Alabama Medical Center,2000 Pepperell Parkway,Opelika,AL,1,36801,1.0,"Metropolitan area core: primary flow within an urbanized area of 50,000 and greater",5341,Abdominal/Peritoneal/Biliary and Related Procedures,12.0,12.0,10410.5891666666,3289.05,2620.54,0.0,0.0
10029,East Alabama Medical Center,2000 Pepperell Parkway,Opelika,AL,1,36801,1.0,"Metropolitan area core: primary flow within an urbanized area of 50,000 and greater",5361,Level 1 Laparoscopy and Related Services,87.0,89.0,13825.9162921348,4807.76662921348,3820.98853932584,0.0,0.0
10029,East Alabama Medical Center,2000 Pepperell Parkway,Opelika,AL,1,36801,1.0,"Metropolitan area core: primary flow within an urbanized area of 50,000 and greater",5362,Level 2 Laparoscopy and Related Services,29.0,29.0,20079.7403448275,8200.45931034483,6600.45931034483,0.0,0.0
10029,East Alabama Medical Center,2000 Pepperell Parkway,Opelika,AL,1,36801,1.0,"Metropolitan area core: primary flow within an urbanized area of 50,000 and greater",5372,Level 2 Urology and Related Services,,,,,,,
10029,East Alabama Medical Center,2000 Pepperell Parkway,Opelika,AL,1,36801,1.0,"Metropolitan area core: primary flow within an urbanized area of 50,000 and greater",5373,Level 3 Urology and Related Services,79.0,84.0,6521.66714285715,1708.31892857142,1353.37309523809,0.0,0.0
10029,East Alabama Medical Center,2000 Pepperell Parkway,Opelika,AL,1,36801,1.0,"Metropolitan area core: primary flow within an urbanized area of 50,000 and greater",5374,Level 4 Urology and Related Services,94.0,105.0,8410.59495238094,2939.55742857143,2335.77619047618,0.0,0.0
10029,East Alabama Medical Center,2000 Pepperell Parkway,Opelika,AL,1,36801,1.0,"Metropolitan area core: primary flow within an urbanized area of 50,000 and greater",5375,Level 5 Urology and Related Services,99.0,107.0,10553.001588785,4301.4723364486,3411.04738317757,0.0,0.0
10029,East Alabama Medical Center,2000 Pepperell Parkway,Opelika,AL,1,36801,1.0,"Metropolitan area core: primary flow within an urbanized area of 50,000 and greater",5376,Level 6 Urology and Related Services,42.0,42.0,13578.4835714285,7946.22999999999,6346.23,0.0,0.0
10029,East Alabama Medical Center,2000 Pepperell Parkway,Opelika,AL,1,36801,1.0,"Metropolitan area core: primary flow within an urbanized area of 50,000 and greater",5377,Level 7 Urology and Related Services,,,,,,,
10029,East Alabama Medical Center,2000 Pepperell Parkway,Opelika,AL,1,36801,1.0,"Metropolitan area core: primary flow within an urbanized area of 50,000 and greater",5378,Level 8 Urology and Related Services,,,,,,,
10029,East Alabama Medical Center,2000 Pepperell Parkway,Opelika,AL,1,36801,1.0,"Metropolitan area core: primary flow within an urbanized area of 50,000 and greater",5414,Level 4 Gynecologic Procedures,21.0,21.0,9388.59952380954,2476.50761904761,1938.79333333333,0.0,0.0
10029,East Alabama Medical Center,2000 Pepperell Parkway,Opelika,AL,1,36801,1.0,"Metropolitan area core: primary flow within an urbanized area of 50,000 and greater",5415,Level 5 Gynecologic Procedures,12.0,13.0,10983.0223076923,4304.44846153846,3415.70076923077,0.0,0.0
10029,East Alabama Medical Center,2000 Pepperell Parkway,Opelika,AL,1,36801,1.0,"Metropolitan area core: primary flow within an urbanized area of 50,000 and greater",5416,Level 6 Gynecologic Procedures,,,,,,,
10029,East Alabama Medical Center,2000 Pepperell Parkway,Opelika,AL,1,36801,1.0,"Metropolitan area core: primary flow within an urbanized area of 50,000 and greater",5431,Level 1 Nerve Procedures,28.0,31.0,5604.69322580645,1669.2964516129,1324.19419354838,0.0,0.0
10029,East Alabama Medical Center,2000 Pepperell Parkway,Opelika,AL,1,36801,1.0,"Metropolitan area core: primary flow within an urbanized area of 50,000 and greater",5461,Level 1 Neurostimulator and Related Procedures,,,,,,,
10029,East Alabama Medical Center,2000 Pepperell Parkway,Opelika,AL,1,36801,1.0,"Metropolitan area core: primary flow within an urbanized area of 50,000 and greater",5462,Level 2 Neurostimulator and Related Procedures,14.0,17.0,10010.4335294117,6132.35,4885.94,0.0,0.0
10029,East Alabama Medical Center,2000 Pepperell Parkway,Opelika,AL,1,36801,1.0,"Metropolitan area core: primary flow within an urbanized area of 50,000 and greater",5463,Level 3 Neurostimulator and Related Procedures,,,,,,,
10029,East Alabama Medical Center,2000 Pepperell Parkway,Opelika,AL,1,36801,1.0,"Metropolitan area core: primary flow within an urbanized area of 50,000 and greater",5464,Level 4 Neurostimulator and Related Procedures,,,,,,,
10029,East Alabama Medical Center,2000 Pepperell Parkway,Opelika,AL,1,36801,1.0,"Metropolitan area core: primary flow within an urbanized area of 50,000 and greater",5465,Level 5 Neurostimulator and Related Procedures,21.0,21.0,38499.3838095237,27183.51,25583.51,0.0,0.0
10029,East Alabama Medical Center,2000 Pepperell Parkway,Opelika,AL,1,36801,1.0,"Metropolitan area core: primary flow within an urbanized area of 50,000 and greater",5491,Level 1 Intraocular Procedures,83.0,127.0,5292.82220472441,1972.85062992126,1564.02535433071,0.0,0.0
10029,East Alabama Medical Center,2000 Pepperell Parkway,Opelika,AL,1,36801,1.0,"Metropolitan area core: primary flow within an urbanized area of 50,000 and greater",5492,Level 2 Intraocular Procedures,,,,,,,
10029,East Alabama Medical Center,2000 Pepperell Parkway,Opelika,AL,1,36801,1.0,"Metropolitan area core: primary flow within an urbanized area of 50,000 and greater",5627,Level 7 Radiation Therapy,,,,,,,
10029,East Alabama Medical Center,2000 Pepperell Parkway,Opelika,AL,1,36801,1.0,"Metropolitan area core: primary flow within an urbanized area of 50,000 and greater",5881,Ancillary Outpatient Services When Patient Dies,,,,,,,
10029,East Alabama Medical Center,2000 Pepperell Parkway,Opelika,AL,1,36801,1.0,"Metropolitan area core: primary flow within an urbanized area of 50,000 and greater",8011,Comprehensive Observation Services,150.0,158.0,6967.66468354429,2250.53860759494,1793.44215189873,0.0,0.0
10033,University Of Alabama Hospital,619 South 19th Street,Birmingham,AL,1,35233,1.0,"Metropolitan area core: primary flow within an urbanized area of 50,000 and greater",5072,Level 2 Excision/ Biopsy/ Incision and Drainage,817.0,962.0,8692.27618503118,1282.13266112268,1013.686018711,,
10033,University Of Alabama Hospital,619 South 19th Street,Birmingham,AL,1,35233,1.0,"Metropolitan area core: primary flow within an urbanized area of 50,000 and greater",5073,Level 3 Excision/ Biopsy/ Incision and Drainage,139.0,145.0,22787.7912413792,2172.41813793103,1721.29475862068,,
10033,University Of Alabama Hospital,619 South 19th Street,Birmingham,AL,1,35233,1.0,"Metropolitan area core: primary flow within an urbanized area of 50,000 and greater",5091,Level 1 Breast/Lymphatic Surgery and Related Procedures,29.0,30.0,37747.56,3010.75,2398.80999999999,0.0,0.0
10033,University Of Alabama Hospital,619 South 19th Street,Birmingham,AL,1,35233,1.0,"Metropolitan area core: primary flow within an urbanized area of 50,000 and greater",5092,Level 2 Breast/Lymphatic Surgery and Related Procedures,42.0,43.0,57111.3888372093,5111.73627906977,4046.4276744186,0.0,0.0
10033,University Of Alabama Hospital,619 South 19th Street,Birmingham,AL,1,35233,1.0,"Metropolitan area core: primary flow within an urbanized area of 50,000 and greater",5093,Level 3 Breast/Lymphatic Surgery and Related Procedures,12.0,13.0,59999.4723076923,7711.88,6144.42,,
10033,University Of Alabama Hospital,619 South 19th Street,Birmingham,AL,1,35233,1.0,"Metropolitan area core: primary flow within an urbanized area of 50,000 and greater",5094,Level 4 Breast/Lymphatic Surgery and Related Procedures,,,,,,,
10033,University Of Alabama Hospital,619 South 19th Street,Birmingham,AL,1,35233,1.0,"Metropolitan area core: primary flow within an urbanized area of 50,000 and greater",5112,Level 2 Musculoskeletal Procedures,52.0,56.0,17931.4546428571,1216.07892857142,961.914107142856,0.0,0.0
10033,University Of Alabama Hospital,619 South 19th Street,Birmingham,AL,1,35233,1.0,"Metropolitan area core: primary flow within an urbanized area of 50,000 and greater",5113,Level 3 Musculoskeletal Procedures,85.0,86.0,29527.3102325581,2558.66825581395,2025.24023255813,,
10033,University Of Alabama Hospital,619 South 19th Street,Birmingham,AL,1,35233,1.0,"Metropolitan area core: primary flow within an urbanized area of 50,000 and greater",5114,Level 4 Musculoskeletal Procedures,137.0,140.0,51603.9139285715,5530.53264285713,4350.5197857143,,
10033,University Of Alabama Hospital,619 South 19th Street,Birmingham,AL,1,35233,1.0,"Metropolitan area core: primary flow within an urbanized area of 50,000 and greater",5115,Level 5 Musculoskeletal Procedures,164.0,170.0,65556.6064705879,11066.4562352941,9466.45623529414,,
10033,University Of Alabama Hospital,619 South 19th Street,Birmingham,AL,1,35233,1.0,"Metropolitan area core: primary flow within an urbanized area of 50,000 and greater",5116,Level 6 Musculoskeletal Procedures,,,,,,,
10033,University Of Alabama Hospital,619 South 19th Street,Birmingham,AL,1,35233,1.0,"Metropolitan area core: primary flow within an urbanized area of 50,000 and greater",5153,Level 3 Airway Endoscopy,246.0,407.0,7234.40766584766,1391.89808353807,1106.25972972972,0.0,0.0
10033,University Of Alabama Hospital,619 South 19th Street,Birmingham,AL,1,35233,1.0,"Metropolitan area core: primary flow within an urbanized area of 50,000 and greater",5154,Level 4 Airway Endoscopy,187.0,245.0,26890.9810204081,2863.03677551021,2267.42289795919,,
10033,University Of Alabama Hospital,619 South 19th Street,Birmingham,AL,1,35233,1.0,"Metropolitan area core: primary flow within an urbanized area of 50,000 and greater",5155,Level 5 Airway Endoscopy,123.0,127.0,46100.3354330711,5418.52858267717,4316.28023622047,0.0,0.0
10033,University Of Alabama Hospital,619 South 19th Street,Birmingham,AL,1,35233,1.0,"Metropolitan area core: primary flow within an urbanized area of 50,000 and greater",5163,Level 3 ENT Procedures,29.0,31.0,7676.00903225806,1184.51677419354,934.325161290323,0.0,0.0
10033,University Of Alabama Hospital,619 South 19th Street,Birmingham,AL,1,35233,1.0,"Metropolitan area core: primary flow within an urbanized area of 50,000 and greater",5164,Level 4 ENT Procedures,61.0,77.0,19251.5709090909,2433.50415584415,1932.42441558441,,
10033,University Of Alabama Hospital,619 South 19th Street,Birmingham,AL,1,35233,1.0,"Metropolitan area core: primary flow within an urbanized area of 50,000 and greater",5165,Level 5 ENT Procedures,205.0,215.0,41197.1006511627,4560.02088372092,3606.8483255814,,
10033,University Of Alabama Hospital,619 South 19th Street,Birmingham,AL,1,35233,1.0,"Metropolitan area core: primary flow within an urbanized area of 50,000 and greater",5166,Cochlear Implant Procedure,,,,,,,
10033,University Of Alabama Hospital,619 South 19th Street,Birmingham,AL,1,35233,1.0,"Metropolitan area core: primary flow within an urbanized area of 50,000 and greater",5182,Level 2 Vascular Procedures,102.0,105.0,8935.51152380954,1285.01552380952,1018.56752380952,,
10033,University Of Alabama Hospital,619 South 19th Street,Birmingham,AL,1,35233,1.0,"Metropolitan area core: primary flow within an urbanized area of 50,000 and greater",5183,Level 3 Vascular Procedures,328.0,398.0,19087.3079396984,2525.31396984926,1993.1013316583,11.0,4244.78714545454
10033,University Of Alabama Hospital,619 South 19th Street,Birmingham,AL,1,35233,1.0,"Metropolitan area core: primary flow within an urbanized area of 50,000 and greater",5184,Level 4 Vascular Procedures,107.0,135.0,38838.4942962962,3949.51814814814,3108.20466666667,,
10033,University Of Alabama Hospital,619 South 19th Street,Birmingham,AL,1,35233,1.0,"Metropolitan area core: primary flow within an urbanized area of 50,000 and greater",5191,Level 1 Endovascular Procedures,674.0,704.0,33716.0021022727,2542.35137784093,1773.07484375002,,
10033,University Of Alabama Hospital,619 South 19th Street,Birmingham,AL,1,35233,1.0,"Metropolitan area core: primary flow within an urbanized area of 50,000 and greater",5192,Level 2 Endovascular Procedures,101.0,111.0,35367.3945045044,4474.26396396395,3545.39189189188,,
10033,University Of Alabama Hospital,619 South 19th Street,Birmingham,AL,1,35233,1.0,"Metropolitan area core: primary flow within an urbanized area of 50,000 and greater",5193,Level 3 Endovascular Procedures,198.0,229.0,66472.9368122269,8923.44882096065,7320.17786026197,13.0,1463.66693846153
10033,University Of Alabama Hospital,619 South 19th Street,Birmingham,AL,1,35233,1.0,"Metropolitan area core: primary flow within an urbanized area of 50,000 and greater",5194,Level 4 Endovascular Procedures,40.0,40.0,98998.1379999999,15014.64,13414.64,0.0,0.0
10033,University Of Alabama Hospital,619 South 19th Street,Birmingham,AL,1,35233,1.0,"Metropolitan area core: primary flow within an urbanized area of 50,000 and greater",5212,Level 2 Electrophysiologic Procedures,18.0,18.0,65877.4561111111,5896.39999999999,4697.94,0.0,0.0
10033,University Of Alabama Hospital,619 South 19th Street,Birmingham,AL,1,35233,1.0,"Metropolitan area core: primary flow within an urbanized area of 50,000 and greater",5213,Level 3 Electrophysiologic Procedures,279.0,287.0,153840.675679444,20052.5248780487,18451.8902439023,18.0,1555.78266666666
10033,University Of Alabama Hospital,619 South 19th Street,Birmingham,AL,1,35233,1.0,"Metropolitan area core: primary flow within an urbanized area of 50,000 and greater",5222,Level 2 Pacemaker and Similar Procedures,31.0,31.0,26213.35,6781.32032258064,5328.31032258064,0.0,0.0
10033,University Of Alabama Hospital,619 South 19th Street,Birmingham,AL,1,35233,1.0,"Metropolitan area core: primary flow within an urbanized area of 50,000 and greater",5223,Level 3 Pacemaker and Similar Procedures,37.0,37.0,52173.5813513514,8643.46918918919,7038.73648648649,0.0,0.0
10033,University Of Alabama Hospital,619 South 19th Street,Birmingham,AL,1,35233,1.0,"Metropolitan area core: primary flow within an urbanized area of 50,000 and greater",5224,Level 4 Pacemaker and Similar Procedures,21.0,21.0,70275.6095238095,16318.09,14718.09,0.0,0.0
10033,University Of Alabama Hospital,619 South 19th Street,Birmingham,AL,1,35233,1.0,"Metropolitan area core: primary flow within an urbanized area of 50,000 and greater",5231,Level 1 ICD and Similar Procedures,,,,,,,
10033,University Of Alabama Hospital,619 South 19th Street,Birmingham,AL,1,35233,1.0,"Metropolitan area core: primary flow within an urbanized area of 50,000 and greater",5232,Level 2 ICD and Similar Procedures,51.0,51.0,124916.480196078,26973.9390196078,25373.9390196078,0.0,0.0
10033,University Of Alabama Hospital,619 South 19th Street,Birmingham,AL,1,35233,1.0,"Metropolitan area core: primary flow within an urbanized area of 50,000 and greater",5302,Level 2 Upper GI Procedures,384.0,463.0,14665.8562634989,1466.25924406047,1157.736112311,,
10033,University Of Alabama Hospital,619 South 19th Street,Birmingham,AL,1,35233,1.0,"Metropolitan area core: primary flow within an urbanized area of 50,000 and greater",5303,Level 3 Upper GI Procedures,58.0,60.0,27463.1988333333,2712.22433333333,2141.47799999999,,
10033,University Of Alabama Hospital,619 South 19th Street,Birmingham,AL,1,35233,1.0,"Metropolitan area core: primary flow within an urbanized area of 50,000 and greater",5313,Level 3 Lower GI Procedures,75.0,82.0,20747.7032926828,2194.6737804878,1756.3643902439,0.0,0.0
10033,University Of Alabama Hospital,619 South 19th Street,Birmingham,AL,1,35233,1.0,"Metropolitan area core: primary flow within an urbanized area of 50,000 and greater",5331,Complex GI Procedures,60.0,87.0,36856.0320689654,4549.78287356321,3613.96356321839,,
10033,University Of Alabama Hospital,619 South 19th Street,Birmingham,AL,1,35233,1.0,"Metropolitan area core: primary flow within an urbanized area of 50,000 and greater",5341,Abdominal/Peritoneal/Biliary and Related Procedures,57.0,89.0,23674.3830337079,2965.23247191011,2327.84438202247,0.0,0.0
10033,University Of Alabama Hospital,619 South 19th Street,Birmingham,AL,1,35233,1.0,"Metropolitan area core: primary flow within an urbanized area of 50,000 and greater",5361,Level 1 Laparoscopy and Related Services,167.0,175.0,39732.593942857,4425.6561142857,3492.90788571428,,
10033,University Of Alabama Hospital,619 South 19th Street,Birmingham,AL,1,35233,1.0,"Metropolitan area core: primary flow within an urbanized area of 50,000 and greater",5362,Level 2 Laparoscopy and Related Services,133.0,134.0,61330.0032835821,7821.32246268656,6221.32246268656,,
10033,University Of Alabama Hospital,619 South 19th Street,Birmingham,AL,1,35233,1.0,"Metropolitan area core: primary flow within an urbanized area of 50,000 and greater",5372,Level 2 Urology and Related Services,529.0,747.0,3831.79336010709,547.695394912978,434.623480589021,,
10033,University Of Alabama Hospital,619 South 19th Street,Birmingham,AL,1,35233,1.0,"Metropolitan area core: primary flow within an urbanized area of 50,000 and greater",5373,Level 3 Urology and Related Services,294.0,339.0,12393.4626548672,1583.58569321532,1250.0033038348,0.0,0.0
10033,University Of Alabama Hospital,619 South 19th Street,Birmingham,AL,1,35233,1.0,"Metropolitan area core: primary flow within an urbanized area of 50,000 and greater",5374,Level 4 Urology and Related Services,133.0,172.0,23971.2826744184,2666.89796511627,2095.21284883721,0.0,0.0
10033,University Of Alabama Hospital,619 South 19th Street,Birmingham,AL,1,35233,1.0,"Metropolitan area core: primary flow within an urbanized area of 50,000 and greater",5375,Level 5 Urology and Related Services,139.0,154.0,38115.1001948051,4021.36805194805,3182.54025974025,,
10033,University Of Alabama Hospital,619 South 19th Street,Birmingham,AL,1,35233,1.0,"Metropolitan area core: primary flow within an urbanized area of 50,000 and greater",5376,Level 6 Urology and Related Services,15.0,18.0,48658.1661111111,6831.03888888889,5307.76888888889,,
10033,University Of Alabama Hospital,619 South 19th Street,Birmingham,AL,1,35233,1.0,"Metropolitan area core: primary flow within an urbanized area of 50,000 and greater",5377,Level 7 Urology and Related Services,,,,,,,
10033,University Of Alabama Hospital,619 South 19th Street,Birmingham,AL,1,35233,1.0,"Metropolitan area core: primary flow within an urbanized area of 50,000 and greater",5378,Level 8 Urology and Related Services,37.0,39.0,58778.0107692308,15317.5551282051,13717.4564102564,0.0,0.0
10033,University Of Alabama Hospital,619 South 19th Street,Birmingham,AL,1,35233,1.0,"Metropolitan area core: primary flow within an urbanized area of 50,000 and greater",5414,Level 4 Gynecologic Procedures,43.0,44.0,28430.4306818181,2476.22,1972.91999999999,,
10033,University Of Alabama Hospital,619 South 19th Street,Birmingham,AL,1,35233,1.0,"Metropolitan area core: primary flow within an urbanized area of 50,000 and greater",5415,Level 5 Gynecologic Procedures,48.0,48.0,35219.1435416666,3857.18937499999,3032.109375,0.0,0.0
10033,University Of Alabama Hospital,619 South 19th Street,Birmingham,AL,1,35233,1.0,"Metropolitan area core: primary flow within an urbanized area of 50,000 and greater",5416,Level 6 Gynecologic Procedures,65.0,65.0,41658.7538461538,5991.57476923076,4739.08276923077,0.0,0.0
10033,University Of Alabama Hospital,619 South 19th Street,Birmingham,AL,1,35233,1.0,"Metropolitan area core: primary flow within an urbanized area of 50,000 and greater",5431,Level 1 Nerve Procedures,87.0,93.0,14010.969032258,1508.41623655913,1186.50215053763,,
10033,University Of Alabama Hospital,619 South 19th Street,Birmingham,AL,1,35233,1.0,"Metropolitan area core: primary flow within an urbanized area of 50,000 and greater",5432,Level 2 Nerve Procedures,,,,,,,
10033,University Of Alabama Hospital,619 South 19th Street,Birmingham,AL,1,35233,1.0,"Metropolitan area core: primary flow within an urbanized area of 50,000 and greater",5461,Level 1 Neurostimulator and Related Procedures,,,,,,,
10033,University Of Alabama Hospital,619 South 19th Street,Birmingham,AL,1,35233,1.0,"Metropolitan area core: primary flow within an urbanized area of 50,000 and greater",5462,Level 2 Neurostimulator and Related Procedures,21.0,26.0,21617.6846153846,5338.63384615384,4253.54769230769,0.0,0.0
10033,University Of Alabama Hospital,619 South 19th Street,Birmingham,AL,1,35233,1.0,"Metropolitan area core: primary flow within an urbanized area of 50,000 and greater",5463,Level 3 Neurostimulator and Related Procedures,,,,,,,
10033,University Of Alabama Hospital,619 South 19th Street,Birmingham,AL,1,35233,1.0,"Metropolitan area core: primary flow within an urbanized area of 50,000 and greater",5464,Level 4 Neurostimulator and Related Procedures,23.0,25.0,59126.7568,18798.12,17198.12,0.0,0.0
10033,University Of Alabama Hospital,619 South 19th Street,Birmingham,AL,1,35233,1.0,"Metropolitan area core: primary flow within an urbanized area of 50,000 and greater",5465,Level 5 Neurostimulator and Related Procedures,42.0,42.0,90631.1304761902,23360.3695238095,21749.6076190476,0.0,0.0
10033,University Of Alabama Hospital,619 South 19th Street,Birmingham,AL,1,35233,1.0,"Metropolitan area core: primary flow within an urbanized area of 50,000 and greater",5471,Implantation of Drug Infusion Device,,,,,,,
10033,University Of Alabama Hospital,619 South 19th Street,Birmingham,AL,1,35233,1.0,"Metropolitan area core: primary flow within an urbanized area of 50,000 and greater",5491,Level 1 Intraocular Procedures,,,,,,,
10033,University Of Alabama Hospital,619 South 19th Street,Birmingham,AL,1,35233,1.0,"Metropolitan area core: primary flow within an urbanized area of 50,000 and greater",5492,Level 2 Intraocular Procedures,,,,,,,
10033,University Of Alabama Hospital,619 South 19th Street,Birmingham,AL,1,35233,1.0,"Metropolitan area core: primary flow within an urbanized area of 50,000 and greater",5503,"Level 3 Extraocular, Repair, and Plastic Eye Procedures",,,,,,,
10033,University Of Alabama Hospital,619 South 19th Street,Birmingham,AL,1,35233,1.0,"Metropolitan area core: primary flow within an urbanized area of 50,000 and greater",5504,"Level 4 Extraocular, Repair, and Plastic Eye Procedures",,,,,,,
10033,University Of Alabama Hospital,619 South 19th Street,Birmingham,AL,1,35233,1.0,"Metropolitan area core: primary flow within an urbanized area of 50,000 and greater",5627,Level 7 Radiation Therapy,42.0,43.0,70278.5813953488,6610.44279069767,5241.48279069767,0.0,0.0
10033,University Of Alabama Hospital,619 South 19th Street,Birmingham,AL,1,35233,1.0,"Metropolitan area core: primary flow within an urbanized area of 50,000 and greater",5881,Ancillary Outpatient Services When Patient Dies,,,,,,,
10033,University Of Alabama Hospital,619 South 19th Street,Birmingham,AL,1,35233,1.0,"Metropolitan area core: primary flow within an urbanized area of 50,000 and greater",8011,Comprehensive Observation Services,305.0,326.0,21487.6030368096,2074.47266871165,1664.3836809816,,
10034,Community Hospital Inc,805 Friendship Road,Tallassee,AL,1,36078,7.1,"Secondary flow 30% to <50% to a urbanized area of 50,000 and greater",5072,Level 2 Excision/ Biopsy/ Incision and Drainage,,,,,,,
10034,Community Hospital Inc,805 Friendship Road,Tallassee,AL,1,36078,7.1,"Secondary flow 30% to <50% to a urbanized area of 50,000 and greater",5112,Level 2 Musculoskeletal Procedures,,,,,,,
10034,Community Hospital Inc,805 Friendship Road,Tallassee,AL,1,36078,7.1,"Secondary flow 30% to <50% to a urbanized area of 50,000 and greater",5113,Level 3 Musculoskeletal Procedures,,,,,,,
10034,Community Hospital Inc,805 Friendship Road,Tallassee,AL,1,36078,7.1,"Secondary flow 30% to <50% to a urbanized area of 50,000 and greater",5302,Level 2 Upper GI Procedures,14.0,19.0,2554.47368421052,1446.01842105263,1139.24842105263,0.0,0.0
10034,Community Hospital Inc,805 Friendship Road,Tallassee,AL,1,36078,7.1,"Secondary flow 30% to <50% to a urbanized area of 50,000 and greater",5341,Abdominal/Peritoneal/Biliary and Related Procedures,,,,,,,
10034,Community Hospital Inc,805 Friendship Road,Tallassee,AL,1,36078,7.1,"Secondary flow 30% to <50% to a urbanized area of 50,000 and greater",5361,Level 1 Laparoscopy and Related Services,,,,,,,
10034,Community Hospital Inc,805 Friendship Road,Tallassee,AL,1,36078,7.1,"Secondary flow 30% to <50% to a urbanized area of 50,000 and greater",5491,Level 1 Intraocular Procedures,,,,,,,
10034,Community Hospital Inc,805 Friendship Road,Tallassee,AL,1,36078,7.1,"Secondary flow 30% to <50% to a urbanized area of 50,000 and greater",8011,Comprehensive Observation Services,,,,,,,
10035,Cullman Regional Medical Center,1912 Alabama Highway 157,Cullman,AL,1,35058,5.0,"Micropolitan high commuting: primary flow 30% or more to a urban cluster of 10,000 to 49,999",5072,Level 2 Excision/ Biopsy/ Incision and Drainage,60.0,65.0,6887.56938461538,1385.25292307692,1095.09123076923,0.0,0.0
10035,Cullman Regional Medical Center,1912 Alabama Highway 157,Cullman,AL,1,35058,5.0,"Micropolitan high commuting: primary flow 30% or more to a urban cluster of 10,000 to 49,999",5073,Level 3 Excision/ Biopsy/ Incision and Drainage,18.0,18.0,7729.35,2265.59388888888,1767.435,0.0,0.0
10035,Cullman Regional Medical Center,1912 Alabama Highway 157,Cullman,AL,1,35058,5.0,"Micropolitan high commuting: primary flow 30% or more to a urban cluster of 10,000 to 49,999",5091,Level 1 Breast/Lymphatic Surgery and Related Procedures,13.0,14.0,9695.72000000001,3251.47,2590.59999999999,0.0,0.0
10035,Cullman Regional Medical Center,1912 Alabama Highway 157,Cullman,AL,1,35058,5.0,"Micropolitan high commuting: primary flow 30% or more to a urban cluster of 10,000 to 49,999",5092,Level 2 Breast/Lymphatic Surgery and Related Procedures,15.0,16.0,14484.2962499999,5621.03,4478.54,0.0,0.0
10035,Cullman Regional Medical Center,1912 Alabama Highway 157,Cullman,AL,1,35058,5.0,"Micropolitan high commuting: primary flow 30% or more to a urban cluster of 10,000 to 49,999",5093,Level 3 Breast/Lymphatic Surgery and Related Procedures,,,,,,,
10035,Cullman Regional Medical Center,1912 Alabama Highway 157,Cullman,AL,1,35058,5.0,"Micropolitan high commuting: primary flow 30% or more to a urban cluster of 10,000 to 49,999",5094,Level 4 Breast/Lymphatic Surgery and Related Procedures,,,,,,,
10035,Cullman Regional Medical Center,1912 Alabama Highway 157,Cullman,AL,1,35058,5.0,"Micropolitan high commuting: primary flow 30% or more to a urban cluster of 10,000 to 49,999",5112,Level 2 Musculoskeletal Procedures,38.0,40.0,5945.97224999998,1302.82299999999,1021.88925,0.0,0.0
10035,Cullman Regional Medical Center,1912 Alabama Highway 157,Cullman,AL,1,35058,5.0,"Micropolitan high commuting: primary flow 30% or more to a urban cluster of 10,000 to 49,999",5113,Level 3 Musculoskeletal Procedures,48.0,48.0,10223.0474999999,2718.80916666667,2145.57124999999,0.0,0.0
10035,Cullman Regional Medical Center,1912 Alabama Highway 157,Cullman,AL,1,35058,5.0,"Micropolitan high commuting: primary flow 30% or more to a urban cluster of 10,000 to 49,999",5114,Level 4 Musculoskeletal Procedures,67.0,69.0,22098.1524637681,6111.69275362318,4837.50246376811,0.0,0.0
10035,Cullman Regional Medical Center,1912 Alabama Highway 157,Cullman,AL,1,35058,5.0,"Micropolitan high commuting: primary flow 30% or more to a urban cluster of 10,000 to 49,999",5115,Level 5 Musculoskeletal Procedures,86.0,88.0,79328.0163636363,12215.8413636363,10615.8413636363,0.0,0.0
10035,Cullman Regional Medical Center,1912 Alabama Highway 157,Cullman,AL,1,35058,5.0,"Micropolitan high commuting: primary flow 30% or more to a urban cluster of 10,000 to 49,999",5153,Level 3 Airway Endoscopy,,,,,,,
10035,Cullman Regional Medical Center,1912 Alabama Highway 157,Cullman,AL,1,35058,5.0,"Micropolitan high commuting: primary flow 30% or more to a urban cluster of 10,000 to 49,999",5154,Level 4 Airway Endoscopy,,,,,,,
10035,Cullman Regional Medical Center,1912 Alabama Highway 157,Cullman,AL,1,35058,5.0,"Micropolitan high commuting: primary flow 30% or more to a urban cluster of 10,000 to 49,999",5155,Level 5 Airway Endoscopy,,,,,,,
10035,Cullman Regional Medical Center,1912 Alabama Highway 157,Cullman,AL,1,35058,5.0,"Micropolitan high commuting: primary flow 30% or more to a urban cluster of 10,000 to 49,999",5163,Level 3 ENT Procedures,,,,,,,
10035,Cullman Regional Medical Center,1912 Alabama Highway 157,Cullman,AL,1,35058,5.0,"Micropolitan high commuting: primary flow 30% or more to a urban cluster of 10,000 to 49,999",5164,Level 4 ENT Procedures,,,,,,,
10035,Cullman Regional Medical Center,1912 Alabama Highway 157,Cullman,AL,1,35058,5.0,"Micropolitan high commuting: primary flow 30% or more to a urban cluster of 10,000 to 49,999",5165,Level 5 ENT Procedures,,,,,,,
10035,Cullman Regional Medical Center,1912 Alabama Highway 157,Cullman,AL,1,35058,5.0,"Micropolitan high commuting: primary flow 30% or more to a urban cluster of 10,000 to 49,999",5182,Level 2 Vascular Procedures,14.0,14.0,8677.89142857143,1336.80428571428,1037.87,0.0,0.0
10035,Cullman Regional Medical Center,1912 Alabama Highway 157,Cullman,AL,1,35058,5.0,"Micropolitan high commuting: primary flow 30% or more to a urban cluster of 10,000 to 49,999",5183,Level 3 Vascular Procedures,22.0,28.0,10590.0260714285,2580.79107142857,1995.20678571428,0.0,0.0
10035,Cullman Regional Medical Center,1912 Alabama Highway 157,Cullman,AL,1,35058,5.0,"Micropolitan high commuting: primary flow 30% or more to a urban cluster of 10,000 to 49,999",5184,Level 4 Vascular Procedures,,,,,,,
10035,Cullman Regional Medical Center,1912 Alabama Highway 157,Cullman,AL,1,35058,5.0,"Micropolitan high commuting: primary flow 30% or more to a urban cluster of 10,000 to 49,999",5191,Level 1 Endovascular Procedures,58.0,58.0,16730.8284482758,2740.7398275862,1907.76103448275,0.0,0.0
10035,Cullman Regional Medical Center,1912 Alabama Highway 157,Cullman,AL,1,35058,5.0,"Micropolitan high commuting: primary flow 30% or more to a urban cluster of 10,000 to 49,999",5193,Level 3 Endovascular Procedures,,,,,,,
10035,Cullman Regional Medical Center,1912 Alabama Highway 157,Cullman,AL,1,35058,5.0,"Micropolitan high commuting: primary flow 30% or more to a urban cluster of 10,000 to 49,999",5222,Level 2 Pacemaker and Similar Procedures,,,,,,,
10035,Cullman Regional Medical Center,1912 Alabama Highway 157,Cullman,AL,1,35058,5.0,"Micropolitan high commuting: primary flow 30% or more to a urban cluster of 10,000 to 49,999",5223,Level 3 Pacemaker and Similar Procedures,,,,,,,
10035,Cullman Regional Medical Center,1912 Alabama Highway 157,Cullman,AL,1,35058,5.0,"Micropolitan high commuting: primary flow 30% or more to a urban cluster of 10,000 to 49,999",5302,Level 2 Upper GI Procedures,16.0,17.0,6734.13647058824,1583.49647058823,1248.69647058823,0.0,0.0
10035,Cullman Regional Medical Center,1912 Alabama Highway 157,Cullman,AL,1,35058,5.0,"Micropolitan high commuting: primary flow 30% or more to a urban cluster of 10,000 to 49,999",5303,Level 3 Upper GI Procedures,,,,,,,
10035,Cullman Regional Medical Center,1912 Alabama Highway 157,Cullman,AL,1,35058,5.0,"Micropolitan high commuting: primary flow 30% or more to a urban cluster of 10,000 to 49,999",5341,Abdominal/Peritoneal/Biliary and Related Procedures,15.0,15.0,20122.4406666666,3349.96,2669.07,0.0,0.0
10035,Cullman Regional Medical Center,1912 Alabama Highway 157,Cullman,AL,1,35058,5.0,"Micropolitan high commuting: primary flow 30% or more to a urban cluster of 10,000 to 49,999",5361,Level 1 Laparoscopy and Related Services,42.0,42.0,18137.0273809523,4836.26023809523,3827.97785714285,0.0,0.0
10035,Cullman Regional Medical Center,1912 Alabama Highway 157,Cullman,AL,1,35058,5.0,"Micropolitan high commuting: primary flow 30% or more to a urban cluster of 10,000 to 49,999",5362,Level 2 Laparoscopy and Related Services,15.0,15.0,33196.9733333333,8140.63133333333,6540.63133333333,0.0,0.0
10035,Cullman Regional Medical Center,1912 Alabama Highway 157,Cullman,AL,1,35058,5.0,"Micropolitan high commuting: primary flow 30% or more to a urban cluster of 10,000 to 49,999",5372,Level 2 Urology and Related Services,,,,,,,
10035,Cullman Regional Medical Center,1912 Alabama Highway 157,Cullman,AL,1,35058,5.0,"Micropolitan high commuting: primary flow 30% or more to a urban cluster of 10,000 to 49,999",5373,Level 3 Urology and Related Services,13.0,14.0,6734.41214285714,1668.76785714285,1299.27357142857,0.0,0.0
10035,Cullman Regional Medical Center,1912 Alabama Highway 157,Cullman,AL,1,35058,5.0,"Micropolitan high commuting: primary flow 30% or more to a urban cluster of 10,000 to 49,999",5374,Level 4 Urology and Related Services,41.0,45.0,11003.4353333332,2977.72755555555,2361.58755555555,0.0,0.0
10035,Cullman Regional Medical Center,1912 Alabama Highway 157,Cullman,AL,1,35058,5.0,"Micropolitan high commuting: primary flow 30% or more to a urban cluster of 10,000 to 49,999",5375,Level 5 Urology and Related Services,42.0,47.0,13652.2368085106,4221.15553191489,3317.22553191489,0.0,0.0
10035,Cullman Regional Medical Center,1912 Alabama Highway 157,Cullman,AL,1,35058,5.0,"Micropolitan high commuting: primary flow 30% or more to a urban cluster of 10,000 to 49,999",5376,Level 6 Urology and Related Services,,,,,,,
10035,Cullman Regional Medical Center,1912 Alabama Highway 157,Cullman,AL,1,35058,5.0,"Micropolitan high commuting: primary flow 30% or more to a urban cluster of 10,000 to 49,999",5414,Level 4 Gynecologic Procedures,,,,,,,
10035,Cullman Regional Medical Center,1912 Alabama Highway 157,Cullman,AL,1,35058,5.0,"Micropolitan high commuting: primary flow 30% or more to a urban cluster of 10,000 to 49,999",5415,Level 5 Gynecologic Procedures,,,,,,,
10035,Cullman Regional Medical Center,1912 Alabama Highway 157,Cullman,AL,1,35058,5.0,"Micropolitan high commuting: primary flow 30% or more to a urban cluster of 10,000 to 49,999",5431,Level 1 Nerve Procedures,25.0,27.0,5956.98888888888,1700.09999999999,1354.55,0.0,0.0
10035,Cullman Regional Medical Center,1912 Alabama Highway 157,Cullman,AL,1,35058,5.0,"Micropolitan high commuting: primary flow 30% or more to a urban cluster of 10,000 to 49,999",5491,Level 1 Intraocular Procedures,302.0,516.0,6896.71765503867,1962.02577519381,1544.30279069769,0.0,0.0
10035,Cullman Regional Medical Center,1912 Alabama Highway 157,Cullman,AL,1,35058,5.0,"Micropolitan high commuting: primary flow 30% or more to a urban cluster of 10,000 to 49,999",5492,Level 2 Intraocular Procedures,,,,,,,
10035,Cullman Regional Medical Center,1912 Alabama Highway 157,Cullman,AL,1,35058,5.0,"Micropolitan high commuting: primary flow 30% or more to a urban cluster of 10,000 to 49,999",5503,"Level 3 Extraocular, Repair, and Plastic Eye Procedures",,,,,,,
10035,Cullman Regional Medical Center,1912 Alabama Highway 157,Cullman,AL,1,35058,5.0,"Micropolitan high commuting: primary flow 30% or more to a urban cluster of 10,000 to 49,999",8011,Comprehensive Observation Services,271.0,284.0,17685.7043661969,2266.10007042253,1796.76936619719,0.0,0.0
10036,Andalusia Health,849 South Three Notch Street,Andalusia,AL,1,36420,7.0,"Small town core: primary flow within an urban cluster of 2,500 to 9,999",5072,Level 2 Excision/ Biopsy/ Incision and Drainage,13.0,14.0,11310.4014285714,1317.72928571428,1031.01214285714,0.0,0.0
10036,Andalusia Health,849 South Three Notch Street,Andalusia,AL,1,36420,7.0,"Small town core: primary flow within an urban cluster of 2,500 to 9,999",5073,Level 3 Excision/ Biopsy/ Incision and Drainage,,,,,,,
10036,Andalusia Health,849 South Three Notch Street,Andalusia,AL,1,36420,7.0,"Small town core: primary flow within an urban cluster of 2,500 to 9,999",5091,Level 1 Breast/Lymphatic Surgery and Related Procedures,,,,,,,
10036,Andalusia Health,849 South Three Notch Street,Andalusia,AL,1,36420,7.0,"Small town core: primary flow within an urban cluster of 2,500 to 9,999",5092,Level 2 Breast/Lymphatic Surgery and Related Procedures,,,,,,,
10036,Andalusia Health,849 South Three Notch Street,Andalusia,AL,1,36420,7.0,"Small town core: primary flow within an urban cluster of 2,500 to 9,999",5112,Level 2 Musculoskeletal Procedures,15.0,16.0,12469.9175,1260.22,1004.07,0.0,0.0
10036,Andalusia Health,849 South Three Notch Street,Andalusia,AL,1,36420,7.0,"Small town core: primary flow within an urban cluster of 2,500 to 9,999",5113,Level 3 Musculoskeletal Procedures,13.0,13.0,19843.6461538461,2614.97999999999,2083.47,0.0,0.0
10036,Andalusia Health,849 South Three Notch Street,Andalusia,AL,1,36420,7.0,"Small town core: primary flow within an urban cluster of 2,500 to 9,999",5114,Level 4 Musculoskeletal Procedures,,,,,,,
10036,Andalusia Health,849 South Three Notch Street,Andalusia,AL,1,36420,7.0,"Small town core: primary flow within an urban cluster of 2,500 to 9,999",5115,Level 5 Musculoskeletal Procedures,,,,,,,
10036,Andalusia Health,849 South Three Notch Street,Andalusia,AL,1,36420,7.0,"Small town core: primary flow within an urban cluster of 2,500 to 9,999",5182,Level 2 Vascular Procedures,,,,,,,
10036,Andalusia Health,849 South Three Notch Street,Andalusia,AL,1,36420,7.0,"Small town core: primary flow within an urban cluster of 2,500 to 9,999",5183,Level 3 Vascular Procedures,15.0,15.0,11214.8526666666,2617.01,2085.09,0.0,0.0
10036,Andalusia Health,849 South Three Notch Street,Andalusia,AL,1,36420,7.0,"Small town core: primary flow within an urban cluster of 2,500 to 9,999",5191,Level 1 Endovascular Procedures,11.0,11.0,23966.0881818181,2447.93,1676.78999999999,0.0,0.0
10036,Andalusia Health,849 South Three Notch Street,Andalusia,AL,1,36420,7.0,"Small town core: primary flow within an urban cluster of 2,500 to 9,999",5222,Level 2 Pacemaker and Similar Procedures,,,,,,,
10036,Andalusia Health,849 South Three Notch Street,Andalusia,AL,1,36420,7.0,"Small town core: primary flow within an urban cluster of 2,500 to 9,999",5223,Level 3 Pacemaker and Similar Procedures,,,,,,,
10036,Andalusia Health,849 South Three Notch Street,Andalusia,AL,1,36420,7.0,"Small town core: primary flow within an urban cluster of 2,500 to 9,999",5231,Level 1 ICD and Similar Procedures,,,,,,,
10036,Andalusia Health,849 South Three Notch Street,Andalusia,AL,1,36420,7.0,"Small town core: primary flow within an urban cluster of 2,500 to 9,999",5302,Level 2 Upper GI Procedures,29.0,31.0,11289.0041935483,1495.41612903225,1183.58838709677,0.0,0.0
10036,Andalusia Health,849 South Three Notch Street,Andalusia,AL,1,36420,7.0,"Small town core: primary flow within an urban cluster of 2,500 to 9,999",5313,Level 3 Lower GI Procedures,,,,,,,
10036,Andalusia Health,849 South Three Notch Street,Andalusia,AL,1,36420,7.0,"Small town core: primary flow within an urban cluster of 2,500 to 9,999",5341,Abdominal/Peritoneal/Biliary and Related Procedures,11.0,11.0,14080.7227272727,3111.72363636363,2471.59,0.0,0.0
10036,Andalusia Health,849 South Three Notch Street,Andalusia,AL,1,36420,7.0,"Small town core: primary flow within an urban cluster of 2,500 to 9,999",5361,Level 1 Laparoscopy and Related Services,24.0,24.0,19604.52625,4442.18875,3507.49333333333,0.0,0.0
10036,Andalusia Health,849 South Three Notch Street,Andalusia,AL,1,36420,7.0,"Small town core: primary flow within an urban cluster of 2,500 to 9,999",5362,Level 2 Laparoscopy and Related Services,,,,,,,
10036,Andalusia Health,849 South Three Notch Street,Andalusia,AL,1,36420,7.0,"Small town core: primary flow within an urban cluster of 2,500 to 9,999",5372,Level 2 Urology and Related Services,11.0,11.0,13270.9927272727,549.394545454545,435.99909090909,0.0,0.0
10036,Andalusia Health,849 South Three Notch Street,Andalusia,AL,1,36420,7.0,"Small town core: primary flow within an urban cluster of 2,500 to 9,999",5373,Level 3 Urology and Related Services,21.0,22.0,13557.1718181818,1511.63727272727,1172.21909090909,0.0,0.0
10036,Andalusia Health,849 South Three Notch Street,Andalusia,AL,1,36420,7.0,"Small town core: primary flow within an urban cluster of 2,500 to 9,999",5374,Level 4 Urology and Related Services,68.0,84.0,27424.9524999999,2744.01119047619,2177.56369047619,0.0,0.0
10036,Andalusia Health,849 South Three Notch Street,Andalusia,AL,1,36420,7.0,"Small town core: primary flow within an urban cluster of 2,500 to 9,999",5375,Level 5 Urology and Related Services,19.0,19.0,24171.2005263157,3957.61684210526,3118.01684210526,0.0,0.0
10036,Andalusia Health,849 South Three Notch Street,Andalusia,AL,1,36420,7.0,"Small town core: primary flow within an urban cluster of 2,500 to 9,999",5414,Level 4 Gynecologic Procedures,,,,,,,
10036,Andalusia Health,849 South Three Notch Street,Andalusia,AL,1,36420,7.0,"Small town core: primary flow within an urban cluster of 2,500 to 9,999",5415,Level 5 Gynecologic Procedures,,,,,,,
10036,Andalusia Health,849 South Three Notch Street,Andalusia,AL,1,36420,7.0,"Small town core: primary flow within an urban cluster of 2,500 to 9,999",5431,Level 1 Nerve Procedures,,,,,,,
10036,Andalusia Health,849 South Three Notch Street,Andalusia,AL,1,36420,7.0,"Small town core: primary flow within an urban cluster of 2,500 to 9,999",5491,Level 1 Intraocular Procedures,126.0,196.0,10372.1115816326,1874.72280612244,1482.78897959183,0.0,0.0
10036,Andalusia Health,849 South Three Notch Street,Andalusia,AL,1,36420,7.0,"Small town core: primary flow within an urban cluster of 2,500 to 9,999",5492,Level 2 Intraocular Procedures,,,,,,,
10036,Andalusia Health,849 South Three Notch Street,Andalusia,AL,1,36420,7.0,"Small town core: primary flow within an urban cluster of 2,500 to 9,999",5503,"Level 3 Extraocular, Repair, and Plastic Eye Procedures",,,,,,,
10036,Andalusia Health,849 South Three Notch Street,Andalusia,AL,1,36420,7.0,"Small town core: primary flow within an urban cluster of 2,500 to 9,999",8011,Comprehensive Observation Services,75.0,77.0,20891.6598701298,2119.9335064935,1712.70337662337,,
10039,Huntsville Hospital,101 Sivley Rd,Huntsville,AL,1,35801,1.0,"Metropolitan area core: primary flow within an urbanized area of 50,000 and greater",5072,Level 2 Excision/ Biopsy/ Incision and Drainage,397.0,413.0,8664.27118644068,1302.09341404358,1028.21842615012,0.0,0.0
10039,Huntsville Hospital,101 Sivley Rd,Huntsville,AL,1,35801,1.0,"Metropolitan area core: primary flow within an urbanized area of 50,000 and greater",5073,Level 3 Excision/ Biopsy/ Incision and Drainage,148.0,155.0,20484.6841935483,2243.82677419354,1772.88090322581,0.0,0.0
10039,Huntsville Hospital,101 Sivley Rd,Huntsville,AL,1,35801,1.0,"Metropolitan area core: primary flow within an urbanized area of 50,000 and greater",5091,Level 1 Breast/Lymphatic Surgery and Related Procedures,70.0,72.0,19396.1281944444,3010.95805555555,2392.12805555555,0.0,0.0
10039,Huntsville Hospital,101 Sivley Rd,Huntsville,AL,1,35801,1.0,"Metropolitan area core: primary flow within an urbanized area of 50,000 and greater",5092,Level 2 Breast/Lymphatic Surgery and Related Procedures,77.0,78.0,31183.5975641025,5108.00897435897,4038.19897435897,0.0,0.0
10039,Huntsville Hospital,101 Sivley Rd,Huntsville,AL,1,35801,1.0,"Metropolitan area core: primary flow within an urbanized area of 50,000 and greater",5093,Level 3 Breast/Lymphatic Surgery and Related Procedures,,,,,,,
10039,Huntsville Hospital,101 Sivley Rd,Huntsville,AL,1,35801,1.0,"Metropolitan area core: primary flow within an urbanized area of 50,000 and greater",5094,Level 4 Breast/Lymphatic Surgery and Related Procedures,,,,,,,
10039,Huntsville Hospital,101 Sivley Rd,Huntsville,AL,1,35801,1.0,"Metropolitan area core: primary flow within an urbanized area of 50,000 and greater",5112,Level 2 Musculoskeletal Procedures,116.0,121.0,7457.07123966944,1262.23652892562,997.402396694216,0.0,0.0
10039,Huntsville Hospital,101 Sivley Rd,Huntsville,AL,1,35801,1.0,"Metropolitan area core: primary flow within an urbanized area of 50,000 and greater",5113,Level 3 Musculoskeletal Procedures,208.0,220.0,17547.5454545453,2531.72131818181,1995.04049999999,0.0,0.0
10039,Huntsville Hospital,101 Sivley Rd,Huntsville,AL,1,35801,1.0,"Metropolitan area core: primary flow within an urbanized area of 50,000 and greater",5114,Level 4 Musculoskeletal Procedures,451.0,464.0,33250.8818103446,5650.73310344828,4455.67512931033,,
10039,Huntsville Hospital,101 Sivley Rd,Huntsville,AL,1,35801,1.0,"Metropolitan area core: primary flow within an urbanized area of 50,000 and greater",5115,Level 5 Musculoskeletal Procedures,953.0,1000.0,72512.4868400049,11313.0300200001,9709.3830400001,,
10039,Huntsville Hospital,101 Sivley Rd,Huntsville,AL,1,35801,1.0,"Metropolitan area core: primary flow within an urbanized area of 50,000 and greater",5116,Level 6 Musculoskeletal Procedures,99.0,99.0,140334.121313131,18299.5104040404,16697.0675757575,,
10039,Huntsville Hospital,101 Sivley Rd,Huntsville,AL,1,35801,1.0,"Metropolitan area core: primary flow within an urbanized area of 50,000 and greater",5153,Level 3 Airway Endoscopy,45.0,45.0,12065.5153333333,1365.63622222222,1076.91866666666,0.0,0.0
10039,Huntsville Hospital,101 Sivley Rd,Huntsville,AL,1,35801,1.0,"Metropolitan area core: primary flow within an urbanized area of 50,000 and greater",5154,Level 4 Airway Endoscopy,73.0,78.0,20226.8274358974,2927.75730769231,2323.0414102564,,
10039,Huntsville Hospital,101 Sivley Rd,Huntsville,AL,1,35801,1.0,"Metropolitan area core: primary flow within an urbanized area of 50,000 and greater",5155,Level 5 Airway Endoscopy,,,,,,,
10039,Huntsville Hospital,101 Sivley Rd,Huntsville,AL,1,35801,1.0,"Metropolitan area core: primary flow within an urbanized area of 50,000 and greater",5163,Level 3 ENT Procedures,,,,,,,
10039,Huntsville Hospital,101 Sivley Rd,Huntsville,AL,1,35801,1.0,"Metropolitan area core: primary flow within an urbanized area of 50,000 and greater",5164,Level 4 ENT Procedures,16.0,16.0,12649.710625,2519.66999999999,2007.54,0.0,0.0
10039,Huntsville Hospital,101 Sivley Rd,Huntsville,AL,1,35801,1.0,"Metropolitan area core: primary flow within an urbanized area of 50,000 and greater",5165,Level 5 ENT Procedures,54.0,54.0,22902.0951851852,4729.06888888888,3765.93407407407,0.0,0.0
10039,Huntsville Hospital,101 Sivley Rd,Huntsville,AL,1,35801,1.0,"Metropolitan area core: primary flow within an urbanized area of 50,000 and greater",5182,Level 2 Vascular Procedures,84.0,85.0,6197.46317647059,1293.13717647058,1017.83058823529,0.0,0.0
10039,Huntsville Hospital,101 Sivley Rd,Huntsville,AL,1,35801,1.0,"Metropolitan area core: primary flow within an urbanized area of 50,000 and greater",5183,Level 3 Vascular Procedures,290.0,321.0,16479.4224922118,2579.97632398754,2040.22264797508,0.0,0.0
10039,Huntsville Hospital,101 Sivley Rd,Huntsville,AL,1,35801,1.0,"Metropolitan area core: primary flow within an urbanized area of 50,000 and greater",5184,Level 4 Vascular Procedures,99.0,110.0,44048.9626363635,4452.53027272726,3537.97427272727,0.0,0.0
10039,Huntsville Hospital,101 Sivley Rd,Huntsville,AL,1,35801,1.0,"Metropolitan area core: primary flow within an urbanized area of 50,000 and greater",5191,Level 1 Endovascular Procedures,748.0,752.0,12149.1828324469,2559.32776595745,1778.98698138299,0.0,0.0
10039,Huntsville Hospital,101 Sivley Rd,Huntsville,AL,1,35801,1.0,"Metropolitan area core: primary flow within an urbanized area of 50,000 and greater",5192,Level 2 Endovascular Procedures,75.0,78.0,27151.1375641025,4530.18025641026,3607.10615384615,0.0,0.0
10039,Huntsville Hospital,101 Sivley Rd,Huntsville,AL,1,35801,1.0,"Metropolitan area core: primary flow within an urbanized area of 50,000 and greater",5193,Level 3 Endovascular Procedures,320.0,349.0,56796.802578797,9108.67117478517,7503.61435530092,,
10039,Huntsville Hospital,101 Sivley Rd,Huntsville,AL,1,35801,1.0,"Metropolitan area core: primary flow within an urbanized area of 50,000 and greater",5194,Level 4 Endovascular Procedures,41.0,43.0,101724.697906976,14872.6846511627,13267.4288372093,,
10039,Huntsville Hospital,101 Sivley Rd,Huntsville,AL,1,35801,1.0,"Metropolitan area core: primary flow within an urbanized area of 50,000 and greater",5200,Implantation Wireless PA Pressure Monitor,,,,,,,
10039,Huntsville Hospital,101 Sivley Rd,Huntsville,AL,1,35801,1.0,"Metropolitan area core: primary flow within an urbanized area of 50,000 and greater",5212,Level 2 Electrophysiologic Procedures,,,,,,,
10039,Huntsville Hospital,101 Sivley Rd,Huntsville,AL,1,35801,1.0,"Metropolitan area core: primary flow within an urbanized area of 50,000 and greater",5213,Level 3 Electrophysiologic Procedures,182.0,185.0,115304.526324324,20330.854054054,18723.4215135134,0.0,0.0
10039,Huntsville Hospital,101 Sivley Rd,Huntsville,AL,1,35801,1.0,"Metropolitan area core: primary flow within an urbanized area of 50,000 and greater",5222,Level 2 Pacemaker and Similar Procedures,32.0,33.0,35033.6451515151,7055.05666666666,5569.2503030303,0.0,0.0
10039,Huntsville Hospital,101 Sivley Rd,Huntsville,AL,1,35801,1.0,"Metropolitan area core: primary flow within an urbanized area of 50,000 and greater",5223,Level 3 Pacemaker and Similar Procedures,202.0,202.0,47303.0202970294,9000.49430693065,7399.59034653462,,
10039,Huntsville Hospital,101 Sivley Rd,Huntsville,AL,1,35801,1.0,"Metropolitan area core: primary flow within an urbanized area of 50,000 and greater",5224,Level 4 Pacemaker and Similar Procedures,62.0,62.0,81441.0246774193,16020.9011290322,14413.7469354838,0.0,0.0
10039,Huntsville Hospital,101 Sivley Rd,Huntsville,AL,1,35801,1.0,"Metropolitan area core: primary flow within an urbanized area of 50,000 and greater",5231,Level 1 ICD and Similar Procedures,23.0,23.0,103174.983043478,19351.9486956521,17742.1226086956,0.0,0.0
10039,Huntsville Hospital,101 Sivley Rd,Huntsville,AL,1,35801,1.0,"Metropolitan area core: primary flow within an urbanized area of 50,000 and greater",5232,Level 2 ICD and Similar Procedures,54.0,55.0,144226.806363636,27352.8209090909,25750.6296363636,0.0,0.0
10039,Huntsville Hospital,101 Sivley Rd,Huntsville,AL,1,35801,1.0,"Metropolitan area core: primary flow within an urbanized area of 50,000 and greater",5302,Level 2 Upper GI Procedures,180.0,198.0,6943.35166666665,1526.06297979798,1215.78282828283,0.0,0.0
10039,Huntsville Hospital,101 Sivley Rd,Huntsville,AL,1,35801,1.0,"Metropolitan area core: primary flow within an urbanized area of 50,000 and greater",5303,Level 3 Upper GI Procedures,25.0,25.0,10146.476,2795.7564,2208.80639999999,0.0,0.0
10039,Huntsville Hospital,101 Sivley Rd,Huntsville,AL,1,35801,1.0,"Metropolitan area core: primary flow within an urbanized area of 50,000 and greater",5313,Level 3 Lower GI Procedures,73.0,73.0,14573.684109589,2248.59917808219,1791.51301369863,0.0,0.0
10039,Huntsville Hospital,101 Sivley Rd,Huntsville,AL,1,35801,1.0,"Metropolitan area core: primary flow within an urbanized area of 50,000 and greater",5331,Complex GI Procedures,16.0,16.0,22010.838125,4410.4625,3457.16375,0.0,0.0
10039,Huntsville Hospital,101 Sivley Rd,Huntsville,AL,1,35801,1.0,"Metropolitan area core: primary flow within an urbanized area of 50,000 and greater",5341,Abdominal/Peritoneal/Biliary and Related Procedures,106.0,106.0,24392.9494339622,3054.07773584905,2416.09386792453,,
10039,Huntsville Hospital,101 Sivley Rd,Huntsville,AL,1,35801,1.0,"Metropolitan area core: primary flow within an urbanized area of 50,000 and greater",5361,Level 1 Laparoscopy and Related Services,211.0,216.0,34927.6595370367,4366.58916666665,3424.5560185185,,
10039,Huntsville Hospital,101 Sivley Rd,Huntsville,AL,1,35801,1.0,"Metropolitan area core: primary flow within an urbanized area of 50,000 and greater",5362,Level 2 Laparoscopy and Related Services,108.0,111.0,88770.4353153149,7758.33270270269,6153.38405405404,20.0,2801.04678
10039,Huntsville Hospital,101 Sivley Rd,Huntsville,AL,1,35801,1.0,"Metropolitan area core: primary flow within an urbanized area of 50,000 and greater",5372,Level 2 Urology and Related Services,,,,,,,
10039,Huntsville Hospital,101 Sivley Rd,Huntsville,AL,1,35801,1.0,"Metropolitan area core: primary flow within an urbanized area of 50,000 and greater",5373,Level 3 Urology and Related Services,104.0,164.0,12598.5084146341,1603.25957317073,1262.10853658536,0.0,0.0
10039,Huntsville Hospital,101 Sivley Rd,Huntsville,AL,1,35801,1.0,"Metropolitan area core: primary flow within an urbanized area of 50,000 and greater",5374,Level 4 Urology and Related Services,247.0,285.0,19286.1247017541,2712.48435087718,2132.15414035088,0.0,0.0
10039,Huntsville Hospital,101 Sivley Rd,Huntsville,AL,1,35801,1.0,"Metropolitan area core: primary flow within an urbanized area of 50,000 and greater",5375,Level 5 Urology and Related Services,138.0,149.0,29705.9092617448,3972.36563758388,3126.34912751678,,
10039,Huntsville Hospital,101 Sivley Rd,Huntsville,AL,1,35801,1.0,"Metropolitan area core: primary flow within an urbanized area of 50,000 and greater",5376,Level 6 Urology and Related Services,,11.0,64082.2954545454,7578.89,6038.47,0.0,0.0
10039,Huntsville Hospital,101 Sivley Rd,Huntsville,AL,1,35801,1.0,"Metropolitan area core: primary flow within an urbanized area of 50,000 and greater",5377,Level 7 Urology and Related Services,,,,,,,
10039,Huntsville Hospital,101 Sivley Rd,Huntsville,AL,1,35801,1.0,"Metropolitan area core: primary flow within an urbanized area of 50,000 and greater",5378,Level 8 Urology and Related Services,13.0,13.0,94270.2076923077,14663.9553846153,13063.9553846153,0.0,0.0
10039,Huntsville Hospital,101 Sivley Rd,Huntsville,AL,1,35801,1.0,"Metropolitan area core: primary flow within an urbanized area of 50,000 and greater",5414,Level 4 Gynecologic Procedures,64.0,64.0,15199.7859375,2447.10468749999,1929.3509375,0.0,0.0
10039,Huntsville Hospital,101 Sivley Rd,Huntsville,AL,1,35801,1.0,"Metropolitan area core: primary flow within an urbanized area of 50,000 and greater",5415,Level 5 Gynecologic Procedures,17.0,17.0,25212.1882352941,3912.90411764705,3065.23470588235,0.0,0.0
10039,Huntsville Hospital,101 Sivley Rd,Huntsville,AL,1,35801,1.0,"Metropolitan area core: primary flow within an urbanized area of 50,000 and greater",5416,Level 6 Gynecologic Procedures,,,,,,,
10039,Huntsville Hospital,101 Sivley Rd,Huntsville,AL,1,35801,1.0,"Metropolitan area core: primary flow within an urbanized area of 50,000 and greater",5431,Level 1 Nerve Procedures,389.0,438.0,10653.0256392694,1520.7457305936,1189.63196347032,0.0,0.0
10039,Huntsville Hospital,101 Sivley Rd,Huntsville,AL,1,35801,1.0,"Metropolitan area core: primary flow within an urbanized area of 50,000 and greater",5432,Level 2 Nerve Procedures,,,,,,,
10039,Huntsville Hospital,101 Sivley Rd,Huntsville,AL,1,35801,1.0,"Metropolitan area core: primary flow within an urbanized area of 50,000 and greater",5461,Level 1 Neurostimulator and Related Procedures,14.0,14.0,27424.3857142857,2712.57999999999,2127.97,,
10039,Huntsville Hospital,101 Sivley Rd,Huntsville,AL,1,35801,1.0,"Metropolitan area core: primary flow within an urbanized area of 50,000 and greater",5462,Level 2 Neurostimulator and Related Procedures,22.0,23.0,37226.3260869565,5660.22782608695,4509.77130434782,0.0,0.0
10039,Huntsville Hospital,101 Sivley Rd,Huntsville,AL,1,35801,1.0,"Metropolitan area core: primary flow within an urbanized area of 50,000 and greater",5463,Level 3 Neurostimulator and Related Procedures,,,,,,,
10039,Huntsville Hospital,101 Sivley Rd,Huntsville,AL,1,35801,1.0,"Metropolitan area core: primary flow within an urbanized area of 50,000 and greater",5464,Level 4 Neurostimulator and Related Procedures,29.0,29.0,130474.153448275,17808.7424137931,16208.7424137931,0.0,0.0
10039,Huntsville Hospital,101 Sivley Rd,Huntsville,AL,1,35801,1.0,"Metropolitan area core: primary flow within an urbanized area of 50,000 and greater",5465,Level 5 Neurostimulator and Related Procedures,40.0,41.0,147056.250243902,24740.6309756097,23140.6309756097,0.0,0.0
10039,Huntsville Hospital,101 Sivley Rd,Huntsville,AL,1,35801,1.0,"Metropolitan area core: primary flow within an urbanized area of 50,000 and greater",5471,Implantation of Drug Infusion Device,12.0,12.0,88278.5108333333,14972.38,13372.38,0.0,0.0
10039,Huntsville Hospital,101 Sivley Rd,Huntsville,AL,1,35801,1.0,"Metropolitan area core: primary flow within an urbanized area of 50,000 and greater",5491,Level 1 Intraocular Procedures,55.0,86.0,9553.39209302325,1841.87744186046,1439.67441860464,0.0,0.0
10039,Huntsville Hospital,101 Sivley Rd,Huntsville,AL,1,35801,1.0,"Metropolitan area core: primary flow within an urbanized area of 50,000 and greater",5492,Level 2 Intraocular Procedures,26.0,30.0,31110.3436666666,3538.64733333333,2819.04866666666,0.0,0.0
10039,Huntsville Hospital,101 Sivley Rd,Huntsville,AL,1,35801,1.0,"Metropolitan area core: primary flow within an urbanized area of 50,000 and greater",5503,"Level 3 Extraocular, Repair, and Plastic Eye Procedures",66.0,69.0,9567.32985507248,1850.87231884057,1467.13420289855,0.0,0.0
10039,Huntsville Hospital,101 Sivley Rd,Huntsville,AL,1,35801,1.0,"Metropolitan area core: primary flow within an urbanized area of 50,000 and greater",5504,"Level 4 Extraocular, Repair, and Plastic Eye Procedures",12.0,12.0,13348.3808333333,3095.75,2466.53,0.0,0.0
10039,Huntsville Hospital,101 Sivley Rd,Huntsville,AL,1,35801,1.0,"Metropolitan area core: primary flow within an urbanized area of 50,000 and greater",5627,Level 7 Radiation Therapy,24.0,27.0,7268.17111111111,6811.07,5426.7,0.0,0.0
10039,Huntsville Hospital,101 Sivley Rd,Huntsville,AL,1,35801,1.0,"Metropolitan area core: primary flow within an urbanized area of 50,000 and greater",8011,Comprehensive Observation Services,940.0,1000.0,17585.2026099998,2101.48188000003,1657.10763000002,0.0,0.0
10040,Gadsden Regional Medical Center,1007 Goodyear Avenue,Gadsden,AL,1,35903,1.0,"Metropolitan area core: primary flow within an urbanized area of 50,000 and greater",5072,Level 2 Excision/ Biopsy/ Incision and Drainage,74.0,74.0,29073.1002702703,1265.65878378378,992.954054054054,0.0,0.0
10040,Gadsden Regional Medical Center,1007 Goodyear Avenue,Gadsden,AL,1,35903,1.0,"Metropolitan area core: primary flow within an urbanized area of 50,000 and greater",5073,Level 3 Excision/ Biopsy/ Incision and Drainage,19.0,19.0,56023.3336842105,2239.59894736842,1778.46842105263,0.0,0.0
10040,Gadsden Regional Medical Center,1007 Goodyear Avenue,Gadsden,AL,1,35903,1.0,"Metropolitan area core: primary flow within an urbanized area of 50,000 and greater",5091,Level 1 Breast/Lymphatic Surgery and Related Procedures,,,,,,,
10040,Gadsden Regional Medical Center,1007 Goodyear Avenue,Gadsden,AL,1,35903,1.0,"Metropolitan area core: primary flow within an urbanized area of 50,000 and greater",5092,Level 2 Breast/Lymphatic Surgery and Related Procedures,,,,,,,
10040,Gadsden Regional Medical Center,1007 Goodyear Avenue,Gadsden,AL,1,35903,1.0,"Metropolitan area core: primary flow within an urbanized area of 50,000 and greater",5112,Level 2 Musculoskeletal Procedures,,11.0,36748.3581818181,1243.94818181818,974.741818181818,0.0,0.0
10040,Gadsden Regional Medical Center,1007 Goodyear Avenue,Gadsden,AL,1,35903,1.0,"Metropolitan area core: primary flow within an urbanized area of 50,000 and greater",5113,Level 3 Musculoskeletal Procedures,43.0,45.0,74155.6462222223,2352.09222222222,1827.58222222222,0.0,0.0
10040,Gadsden Regional Medical Center,1007 Goodyear Avenue,Gadsden,AL,1,35903,1.0,"Metropolitan area core: primary flow within an urbanized area of 50,000 and greater",5114,Level 4 Musculoskeletal Procedures,61.0,63.0,113864.41079365,5641.22174603175,4472.83190476189,0.0,0.0
10040,Gadsden Regional Medical Center,1007 Goodyear Avenue,Gadsden,AL,1,35903,1.0,"Metropolitan area core: primary flow within an urbanized area of 50,000 and greater",5115,Level 5 Musculoskeletal Procedures,78.0,80.0,177711.88325,10570.4711249999,8966.00099999999,0.0,0.0
10040,Gadsden Regional Medical Center,1007 Goodyear Avenue,Gadsden,AL,1,35903,1.0,"Metropolitan area core: primary flow within an urbanized area of 50,000 and greater",5116,Level 6 Musculoskeletal Procedures,,,,,,,
10040,Gadsden Regional Medical Center,1007 Goodyear Avenue,Gadsden,AL,1,35903,1.0,"Metropolitan area core: primary flow within an urbanized area of 50,000 and greater",5153,Level 3 Airway Endoscopy,,,,,,,
10040,Gadsden Regional Medical Center,1007 Goodyear Avenue,Gadsden,AL,1,35903,1.0,"Metropolitan area core: primary flow within an urbanized area of 50,000 and greater",5154,Level 4 Airway Endoscopy,,,,,,,
10040,Gadsden Regional Medical Center,1007 Goodyear Avenue,Gadsden,AL,1,35903,1.0,"Metropolitan area core: primary flow within an urbanized area of 50,000 and greater",5164,Level 4 ENT Procedures,,,,,,,
10040,Gadsden Regional Medical Center,1007 Goodyear Avenue,Gadsden,AL,1,35903,1.0,"Metropolitan area core: primary flow within an urbanized area of 50,000 and greater",5165,Level 5 ENT Procedures,,,,,,,
10040,Gadsden Regional Medical Center,1007 Goodyear Avenue,Gadsden,AL,1,35903,1.0,"Metropolitan area core: primary flow within an urbanized area of 50,000 and greater",5182,Level 2 Vascular Procedures,14.0,17.0,17064.344117647,1290.10647058823,1015.59117647058,0.0,0.0
10040,Gadsden Regional Medical Center,1007 Goodyear Avenue,Gadsden,AL,1,35903,1.0,"Metropolitan area core: primary flow within an urbanized area of 50,000 and greater",5183,Level 3 Vascular Procedures,40.0,42.0,48976.0426190476,2484.64357142857,1955.42880952381,0.0,0.0
10040,Gadsden Regional Medical Center,1007 Goodyear Avenue,Gadsden,AL,1,35903,1.0,"Metropolitan area core: primary flow within an urbanized area of 50,000 and greater",5184,Level 4 Vascular Procedures,,,,,,,
10040,Gadsden Regional Medical Center,1007 Goodyear Avenue,Gadsden,AL,1,35903,1.0,"Metropolitan area core: primary flow within an urbanized area of 50,000 and greater",5191,Level 1 Endovascular Procedures,134.0,134.0,56146.1730597014,2475.158880597,1709.85470149254,0.0,0.0
10040,Gadsden Regional Medical Center,1007 Goodyear Avenue,Gadsden,AL,1,35903,1.0,"Metropolitan area core: primary flow within an urbanized area of 50,000 and greater",5192,Level 2 Endovascular Procedures,,,,,,,
10040,Gadsden Regional Medical Center,1007 Goodyear Avenue,Gadsden,AL,1,35903,1.0,"Metropolitan area core: primary flow within an urbanized area of 50,000 and greater",5193,Level 3 Endovascular Procedures,39.0,40.0,184648.157499999,8645.38775,7039.73775,0.0,0.0
10040,Gadsden Regional Medical Center,1007 Goodyear Avenue,Gadsden,AL,1,35903,1.0,"Metropolitan area core: primary flow within an urbanized area of 50,000 and greater",5194,Level 4 Endovascular Procedures,,,,,,,
10040,Gadsden Regional Medical Center,1007 Goodyear Avenue,Gadsden,AL,1,35903,1.0,"Metropolitan area core: primary flow within an urbanized area of 50,000 and greater",5222,Level 2 Pacemaker and Similar Procedures,,,,,,,
10040,Gadsden Regional Medical Center,1007 Goodyear Avenue,Gadsden,AL,1,35903,1.0,"Metropolitan area core: primary flow within an urbanized area of 50,000 and greater",5223,Level 3 Pacemaker and Similar Procedures,22.0,22.0,104699.148636363,8284.96818181818,6681.63681818182,0.0,0.0
10040,Gadsden Regional Medical Center,1007 Goodyear Avenue,Gadsden,AL,1,35903,1.0,"Metropolitan area core: primary flow within an urbanized area of 50,000 and greater",5224,Level 4 Pacemaker and Similar Procedures,,,,,,,
10040,Gadsden Regional Medical Center,1007 Goodyear Avenue,Gadsden,AL,1,35903,1.0,"Metropolitan area core: primary flow within an urbanized area of 50,000 and greater",5231,Level 1 ICD and Similar Procedures,,,,,,,
10040,Gadsden Regional Medical Center,1007 Goodyear Avenue,Gadsden,AL,1,35903,1.0,"Metropolitan area core: primary flow within an urbanized area of 50,000 and greater",5232,Level 2 ICD and Similar Procedures,,,,,,,
10040,Gadsden Regional Medical Center,1007 Goodyear Avenue,Gadsden,AL,1,35903,1.0,"Metropolitan area core: primary flow within an urbanized area of 50,000 and greater",5302,Level 2 Upper GI Procedures,92.0,102.0,37039.2538235294,1419.82352941176,1102.79617647058,0.0,0.0
10040,Gadsden Regional Medical Center,1007 Goodyear Avenue,Gadsden,AL,1,35903,1.0,"Metropolitan area core: primary flow within an urbanized area of 50,000 and greater",5303,Level 3 Upper GI Procedures,,,,,,,
10040,Gadsden Regional Medical Center,1007 Goodyear Avenue,Gadsden,AL,1,35903,1.0,"Metropolitan area core: primary flow within an urbanized area of 50,000 and greater",5313,Level 3 Lower GI Procedures,,,,,,,
10040,Gadsden Regional Medical Center,1007 Goodyear Avenue,Gadsden,AL,1,35903,1.0,"Metropolitan area core: primary flow within an urbanized area of 50,000 and greater",5331,Complex GI Procedures,,,,,,,
10040,Gadsden Regional Medical Center,1007 Goodyear Avenue,Gadsden,AL,1,35903,1.0,"Metropolitan area core: primary flow within an urbanized area of 50,000 and greater",5341,Abdominal/Peritoneal/Biliary and Related Procedures,24.0,25.0,90583.1232,3070.7248,2439.3928,0.0,0.0
10040,Gadsden Regional Medical Center,1007 Goodyear Avenue,Gadsden,AL,1,35903,1.0,"Metropolitan area core: primary flow within an urbanized area of 50,000 and greater",5361,Level 1 Laparoscopy and Related Services,71.0,73.0,92531.7897260273,4069.40136986301,3147.91876712329,0.0,0.0
10040,Gadsden Regional Medical Center,1007 Goodyear Avenue,Gadsden,AL,1,35903,1.0,"Metropolitan area core: primary flow within an urbanized area of 50,000 and greater",5362,Level 2 Laparoscopy and Related Services,19.0,19.0,125095.527368421,7878.09684210526,6271.73947368421,0.0,0.0
10040,Gadsden Regional Medical Center,1007 Goodyear Avenue,Gadsden,AL,1,35903,1.0,"Metropolitan area core: primary flow within an urbanized area of 50,000 and greater",5373,Level 3 Urology and Related Services,41.0,43.0,49427.6023255814,1578.37209302325,1245.18697674418,0.0,0.0
10040,Gadsden Regional Medical Center,1007 Goodyear Avenue,Gadsden,AL,1,35903,1.0,"Metropolitan area core: primary flow within an urbanized area of 50,000 and greater",5374,Level 4 Urology and Related Services,120.0,140.0,77600.7794285714,2752.17685714286,2178.92135714285,0.0,0.0
10040,Gadsden Regional Medical Center,1007 Goodyear Avenue,Gadsden,AL,1,35903,1.0,"Metropolitan area core: primary flow within an urbanized area of 50,000 and greater",5375,Level 5 Urology and Related Services,81.0,87.0,83214.626321839,3933.94425287355,3100.91540229885,0.0,0.0
10040,Gadsden Regional Medical Center,1007 Goodyear Avenue,Gadsden,AL,1,35903,1.0,"Metropolitan area core: primary flow within an urbanized area of 50,000 and greater",5376,Level 6 Urology and Related Services,,,,,,,
10040,Gadsden Regional Medical Center,1007 Goodyear Avenue,Gadsden,AL,1,35903,1.0,"Metropolitan area core: primary flow within an urbanized area of 50,000 and greater",5378,Level 8 Urology and Related Services,,,,,,,
10040,Gadsden Regional Medical Center,1007 Goodyear Avenue,Gadsden,AL,1,35903,1.0,"Metropolitan area core: primary flow within an urbanized area of 50,000 and greater",5414,Level 4 Gynecologic Procedures,,,,,,,
10040,Gadsden Regional Medical Center,1007 Goodyear Avenue,Gadsden,AL,1,35903,1.0,"Metropolitan area core: primary flow within an urbanized area of 50,000 and greater",5415,Level 5 Gynecologic Procedures,,,,,,,
10040,Gadsden Regional Medical Center,1007 Goodyear Avenue,Gadsden,AL,1,35903,1.0,"Metropolitan area core: primary flow within an urbanized area of 50,000 and greater",5431,Level 1 Nerve Procedures,,,,,,,
10040,Gadsden Regional Medical Center,1007 Goodyear Avenue,Gadsden,AL,1,35903,1.0,"Metropolitan area core: primary flow within an urbanized area of 50,000 and greater",5461,Level 1 Neurostimulator and Related Procedures,,,,,,,
10040,Gadsden Regional Medical Center,1007 Goodyear Avenue,Gadsden,AL,1,35903,1.0,"Metropolitan area core: primary flow within an urbanized area of 50,000 and greater",5464,Level 4 Neurostimulator and Related Procedures,,,,,,,
10040,Gadsden Regional Medical Center,1007 Goodyear Avenue,Gadsden,AL,1,35903,1.0,"Metropolitan area core: primary flow within an urbanized area of 50,000 and greater",5627,Level 7 Radiation Therapy,,,,,,,
10040,Gadsden Regional Medical Center,1007 Goodyear Avenue,Gadsden,AL,1,35903,1.0,"Metropolitan area core: primary flow within an urbanized area of 50,000 and greater",8011,Comprehensive Observation Services,137.0,148.0,79087.5524324327,2060.49682432432,1671.29209459459,0.0,0.0
10044,Marion Regional Medical Center,1256 Military Street South,Hamilton,AL,1,35570,10.0,"Rural areas: primary flow to a tract outside a urbanized area of 50,000 and greater or UC",5072,Level 2 Excision/ Biopsy/ Incision and Drainage,,,,,,,
10044,Marion Regional Medical Center,1256 Military Street South,Hamilton,AL,1,35570,10.0,"Rural areas: primary flow to a tract outside a urbanized area of 50,000 and greater or UC",5073,Level 3 Excision/ Biopsy/ Incision and Drainage,,,,,,,
10044,Marion Regional Medical Center,1256 Military Street South,Hamilton,AL,1,35570,10.0,"Rural areas: primary flow to a tract outside a urbanized area of 50,000 and greater or UC",5112,Level 2 Musculoskeletal Procedures,,,,,,,
10044,Marion Regional Medical Center,1256 Military Street South,Hamilton,AL,1,35570,10.0,"Rural areas: primary flow to a tract outside a urbanized area of 50,000 and greater or UC",5341,Abdominal/Peritoneal/Biliary and Related Procedures,,,,,,,
10044,Marion Regional Medical Center,1256 Military Street South,Hamilton,AL,1,35570,10.0,"Rural areas: primary flow to a tract outside a urbanized area of 50,000 and greater or UC",5361,Level 1 Laparoscopy and Related Services,,,,,,,
10044,Marion Regional Medical Center,1256 Military Street South,Hamilton,AL,1,35570,10.0,"Rural areas: primary flow to a tract outside a urbanized area of 50,000 and greater or UC",5491,Level 1 Intraocular Procedures,16.0,21.0,11288.7619047619,1858.37285714285,1451.66809523809,0.0,0.0
10044,Marion Regional Medical Center,1256 Military Street South,Hamilton,AL,1,35570,10.0,"Rural areas: primary flow to a tract outside a urbanized area of 50,000 and greater or UC",8011,Comprehensive Observation Services,88.0,97.0,12670.8453608247,2098.10484536082,1682.37804123711,0.0,0.0
10045,Fayette Medical Center,1653 Temple Avenue North,Fayette,AL,1,35555,7.0,"Small town core: primary flow within an urban cluster of 2,500 to 9,999",5072,Level 2 Excision/ Biopsy/ Incision and Drainage,,,,,,,
10045,Fayette Medical Center,1653 Temple Avenue North,Fayette,AL,1,35555,7.0,"Small town core: primary flow within an urban cluster of 2,500 to 9,999",5073,Level 3 Excision/ Biopsy/ Incision and Drainage,,,,,,,
10045,Fayette Medical Center,1653 Temple Avenue North,Fayette,AL,1,35555,7.0,"Small town core: primary flow within an urban cluster of 2,500 to 9,999",5091,Level 1 Breast/Lymphatic Surgery and Related Procedures,,,,,,,
10045,Fayette Medical Center,1653 Temple Avenue North,Fayette,AL,1,35555,7.0,"Small town core: primary flow within an urban cluster of 2,500 to 9,999",5092,Level 2 Breast/Lymphatic Surgery and Related Procedures,,,,,,,
10045,Fayette Medical Center,1653 Temple Avenue North,Fayette,AL,1,35555,7.0,"Small town core: primary flow within an urban cluster of 2,500 to 9,999",5112,Level 2 Musculoskeletal Procedures,,,,,,,
10045,Fayette Medical Center,1653 Temple Avenue North,Fayette,AL,1,35555,7.0,"Small town core: primary flow within an urban cluster of 2,500 to 9,999",5113,Level 3 Musculoskeletal Procedures,,,,,,,
10045,Fayette Medical Center,1653 Temple Avenue North,Fayette,AL,1,35555,7.0,"Small town core: primary flow within an urban cluster of 2,500 to 9,999",5182,Level 2 Vascular Procedures,,,,,,,
10045,Fayette Medical Center,1653 Temple Avenue North,Fayette,AL,1,35555,7.0,"Small town core: primary flow within an urban cluster of 2,500 to 9,999",5183,Level 3 Vascular Procedures,,,,,,,
10045,Fayette Medical Center,1653 Temple Avenue North,Fayette,AL,1,35555,7.0,"Small town core: primary flow within an urban cluster of 2,500 to 9,999",5302,Level 2 Upper GI Procedures,,,,,,,
10045,Fayette Medical Center,1653 Temple Avenue North,Fayette,AL,1,35555,7.0,"Small town core: primary flow within an urban cluster of 2,500 to 9,999",5313,Level 3 Lower GI Procedures,,,,,,,
10045,Fayette Medical Center,1653 Temple Avenue North,Fayette,AL,1,35555,7.0,"Small town core: primary flow within an urban cluster of 2,500 to 9,999",5341,Abdominal/Peritoneal/Biliary and Related Procedures,,,,,,,
10045,Fayette Medical Center,1653 Temple Avenue North,Fayette,AL,1,35555,7.0,"Small town core: primary flow within an urban cluster of 2,500 to 9,999",5361,Level 1 Laparoscopy and Related Services,,,,,,,
10045,Fayette Medical Center,1653 Temple Avenue North,Fayette,AL,1,35555,7.0,"Small town core: primary flow within an urban cluster of 2,500 to 9,999",5372,Level 2 Urology and Related Services,,,,,,,
10045,Fayette Medical Center,1653 Temple Avenue North,Fayette,AL,1,35555,7.0,"Small town core: primary flow within an urban cluster of 2,500 to 9,999",5373,Level 3 Urology and Related Services,,,,,,,
10045,Fayette Medical Center,1653 Temple Avenue North,Fayette,AL,1,35555,7.0,"Small town core: primary flow within an urban cluster of 2,500 to 9,999",5431,Level 1 Nerve Procedures,,,,,,,
10045,Fayette Medical Center,1653 Temple Avenue North,Fayette,AL,1,35555,7.0,"Small town core: primary flow within an urban cluster of 2,500 to 9,999",5491,Level 1 Intraocular Procedures,40.0,55.0,10030.0936363636,1636.57418181818,1256.17836363636,0.0,0.0
10045,Fayette Medical Center,1653 Temple Avenue North,Fayette,AL,1,35555,7.0,"Small town core: primary flow within an urban cluster of 2,500 to 9,999",5503,"Level 3 Extraocular, Repair, and Plastic Eye Procedures",,,,,,,
10045,Fayette Medical Center,1653 Temple Avenue North,Fayette,AL,1,35555,7.0,"Small town core: primary flow within an urban cluster of 2,500 to 9,999",8011,Comprehensive Observation Services,72.0,76.0,8501.79592105264,2085.70907894736,1651.37513157894,0.0,0.0
10046,Riverview Regional Medical Center,600 South Third Street,Gadsden,AL,1,35901,1.0,"Metropolitan area core: primary flow within an urbanized area of 50,000 and greater",5072,Level 2 Excision/ Biopsy/ Incision and Drainage,16.0,18.0,12444.0394444444,1254.41222222222,990.182222222222,0.0,0.0
10046,Riverview Regional Medical Center,600 South Third Street,Gadsden,AL,1,35901,1.0,"Metropolitan area core: primary flow within an urbanized area of 50,000 and greater",5073,Level 3 Excision/ Biopsy/ Incision and Drainage,,,,,,,
10046,Riverview Regional Medical Center,600 South Third Street,Gadsden,AL,1,35901,1.0,"Metropolitan area core: primary flow within an urbanized area of 50,000 and greater",5091,Level 1 Breast/Lymphatic Surgery and Related Procedures,,,,,,,
10046,Riverview Regional Medical Center,600 South Third Street,Gadsden,AL,1,35901,1.0,"Metropolitan area core: primary flow within an urbanized area of 50,000 and greater",5092,Level 2 Breast/Lymphatic Surgery and Related Procedures,,,,,,,
10046,Riverview Regional Medical Center,600 South Third Street,Gadsden,AL,1,35901,1.0,"Metropolitan area core: primary flow within an urbanized area of 50,000 and greater",5112,Level 2 Musculoskeletal Procedures,35.0,37.0,34670.5040540541,1243.71756756756,986.06108108108,0.0,0.0
10046,Riverview Regional Medical Center,600 South Third Street,Gadsden,AL,1,35901,1.0,"Metropolitan area core: primary flow within an urbanized area of 50,000 and greater",5113,Level 3 Musculoskeletal Procedures,57.0,60.0,52680.5628333332,2410.11049999999,1882.18349999999,0.0,0.0
10046,Riverview Regional Medical Center,600 South Third Street,Gadsden,AL,1,35901,1.0,"Metropolitan area core: primary flow within an urbanized area of 50,000 and greater",5114,Level 4 Musculoskeletal Procedures,51.0,55.0,73160.1018181817,5734.44563636364,4565.63836363635,0.0,0.0
10046,Riverview Regional Medical Center,600 South Third Street,Gadsden,AL,1,35901,1.0,"Metropolitan area core: primary flow within an urbanized area of 50,000 and greater",5115,Level 5 Musculoskeletal Procedures,71.0,74.0,137889.300675674,11085.094054054,9482.1454054054,0.0,0.0
10046,Riverview Regional Medical Center,600 South Third Street,Gadsden,AL,1,35901,1.0,"Metropolitan area core: primary flow within an urbanized area of 50,000 and greater",5153,Level 3 Airway Endoscopy,16.0,16.0,11024.4925,1298.294375,1016.61437499999,0.0,0.0
10046,Riverview Regional Medical Center,600 South Third Street,Gadsden,AL,1,35901,1.0,"Metropolitan area core: primary flow within an urbanized area of 50,000 and greater",5154,Level 4 Airway Endoscopy,,,,,,,
10046,Riverview Regional Medical Center,600 South Third Street,Gadsden,AL,1,35901,1.0,"Metropolitan area core: primary flow within an urbanized area of 50,000 and greater",5155,Level 5 Airway Endoscopy,,,,,,,
10046,Riverview Regional Medical Center,600 South Third Street,Gadsden,AL,1,35901,1.0,"Metropolitan area core: primary flow within an urbanized area of 50,000 and greater",5163,Level 3 ENT Procedures,,,,,,,
10046,Riverview Regional Medical Center,600 South Third Street,Gadsden,AL,1,35901,1.0,"Metropolitan area core: primary flow within an urbanized area of 50,000 and greater",5164,Level 4 ENT Procedures,,,,,,,
10046,Riverview Regional Medical Center,600 South Third Street,Gadsden,AL,1,35901,1.0,"Metropolitan area core: primary flow within an urbanized area of 50,000 and greater",5165,Level 5 ENT Procedures,,,,,,,
10046,Riverview Regional Medical Center,600 South Third Street,Gadsden,AL,1,35901,1.0,"Metropolitan area core: primary flow within an urbanized area of 50,000 and greater",5182,Level 2 Vascular Procedures,,,,,,,
10046,Riverview Regional Medical Center,600 South Third Street,Gadsden,AL,1,35901,1.0,"Metropolitan area core: primary flow within an urbanized area of 50,000 and greater",5183,Level 3 Vascular Procedures,,11.0,49640.5427272727,2404.44090909091,1877.07,0.0,0.0
10046,Riverview Regional Medical Center,600 South Third Street,Gadsden,AL,1,35901,1.0,"Metropolitan area core: primary flow within an urbanized area of 50,000 and greater",5184,Level 4 Vascular Procedures,,,,,,,
10046,Riverview Regional Medical Center,600 South Third Street,Gadsden,AL,1,35901,1.0,"Metropolitan area core: primary flow within an urbanized area of 50,000 and greater",5191,Level 1 Endovascular Procedures,192.0,194.0,26177.6193814432,2529.5655670103,1766.22139175258,0.0,0.0
10046,Riverview Regional Medical Center,600 South Third Street,Gadsden,AL,1,35901,1.0,"Metropolitan area core: primary flow within an urbanized area of 50,000 and greater",5192,Level 2 Endovascular Procedures,,,,,,,
10046,Riverview Regional Medical Center,600 South Third Street,Gadsden,AL,1,35901,1.0,"Metropolitan area core: primary flow within an urbanized area of 50,000 and greater",5193,Level 3 Endovascular Procedures,59.0,65.0,91888.018307692,9009.62123076923,7421.92892307692,0.0,0.0
10046,Riverview Regional Medical Center,600 South Third Street,Gadsden,AL,1,35901,1.0,"Metropolitan area core: primary flow within an urbanized area of 50,000 and greater",5194,Level 4 Endovascular Procedures,,,,,,,
10046,Riverview Regional Medical Center,600 South Third Street,Gadsden,AL,1,35901,1.0,"Metropolitan area core: primary flow within an urbanized area of 50,000 and greater",5222,Level 2 Pacemaker and Similar Procedures,,,,,,,
10046,Riverview Regional Medical Center,600 South Third Street,Gadsden,AL,1,35901,1.0,"Metropolitan area core: primary flow within an urbanized area of 50,000 and greater",5223,Level 3 Pacemaker and Similar Procedures,23.0,23.0,84184.5152173912,8949.85,7349.85,0.0,0.0
10046,Riverview Regional Medical Center,600 South Third Street,Gadsden,AL,1,35901,1.0,"Metropolitan area core: primary flow within an urbanized area of 50,000 and greater",5231,Level 1 ICD and Similar Procedures,,,,,,,
10046,Riverview Regional Medical Center,600 South Third Street,Gadsden,AL,1,35901,1.0,"Metropolitan area core: primary flow within an urbanized area of 50,000 and greater",5232,Level 2 ICD and Similar Procedures,11.0,11.0,180327.829999999,27727.1009090909,26106.5554545454,0.0,0.0
10046,Riverview Regional Medical Center,600 South Third Street,Gadsden,AL,1,35901,1.0,"Metropolitan area core: primary flow within an urbanized area of 50,000 and greater",5302,Level 2 Upper GI Procedures,74.0,74.0,11968.9083783784,1455.33162162162,1135.82783783783,0.0,0.0
10046,Riverview Regional Medical Center,600 South Third Street,Gadsden,AL,1,35901,1.0,"Metropolitan area core: primary flow within an urbanized area of 50,000 and greater",5303,Level 3 Upper GI Procedures,,,,,,,
10046,Riverview Regional Medical Center,600 South Third Street,Gadsden,AL,1,35901,1.0,"Metropolitan area core: primary flow within an urbanized area of 50,000 and greater",5313,Level 3 Lower GI Procedures,,,,,,,
10046,Riverview Regional Medical Center,600 South Third Street,Gadsden,AL,1,35901,1.0,"Metropolitan area core: primary flow within an urbanized area of 50,000 and greater",5331,Complex GI Procedures,,,,,,,
10046,Riverview Regional Medical Center,600 South Third Street,Gadsden,AL,1,35901,1.0,"Metropolitan area core: primary flow within an urbanized area of 50,000 and greater",5341,Abdominal/Peritoneal/Biliary and Related Procedures,,,,,,,
10046,Riverview Regional Medical Center,600 South Third Street,Gadsden,AL,1,35901,1.0,"Metropolitan area core: primary flow within an urbanized area of 50,000 and greater",5361,Level 1 Laparoscopy and Related Services,,,,,,,
10046,Riverview Regional Medical Center,600 South Third Street,Gadsden,AL,1,35901,1.0,"Metropolitan area core: primary flow within an urbanized area of 50,000 and greater",5362,Level 2 Laparoscopy and Related Services,,,,,,,
10046,Riverview Regional Medical Center,600 South Third Street,Gadsden,AL,1,35901,1.0,"Metropolitan area core: primary flow within an urbanized area of 50,000 and greater",5373,Level 3 Urology and Related Services,,,,,,,
10046,Riverview Regional Medical Center,600 South Third Street,Gadsden,AL,1,35901,1.0,"Metropolitan area core: primary flow within an urbanized area of 50,000 and greater",5374,Level 4 Urology and Related Services,,,,,,,
10046,Riverview Regional Medical Center,600 South Third Street,Gadsden,AL,1,35901,1.0,"Metropolitan area core: primary flow within an urbanized area of 50,000 and greater",5375,Level 5 Urology and Related Services,,,,,,,
10046,Riverview Regional Medical Center,600 South Third Street,Gadsden,AL,1,35901,1.0,"Metropolitan area core: primary flow within an urbanized area of 50,000 and greater",5431,Level 1 Nerve Procedures,20.0,22.0,41288.9286363636,1558.425,1235.9459090909,0.0,0.0
10046,Riverview Regional Medical Center,600 South Third Street,Gadsden,AL,1,35901,1.0,"Metropolitan area core: primary flow within an urbanized area of 50,000 and greater",5432,Level 2 Nerve Procedures,,,,,,,
10046,Riverview Regional Medical Center,600 South Third Street,Gadsden,AL,1,35901,1.0,"Metropolitan area core: primary flow within an urbanized area of 50,000 and greater",5503,"Level 3 Extraocular, Repair, and Plastic Eye Procedures",,,,,,,
10046,Riverview Regional Medical Center,600 South Third Street,Gadsden,AL,1,35901,1.0,"Metropolitan area core: primary flow within an urbanized area of 50,000 and greater",8011,Comprehensive Observation Services,,,,,,,
10049,Medical Center Enterprise,400 N Edwards Street,Enterprise,AL,1,36330,4.0,"Micropolitan area core: primary flow within an urban cluster of 10,000 to 49,999",5072,Level 2 Excision/ Biopsy/ Incision and Drainage,20.0,20.0,44659.1905,1253.25,998.52,0.0,0.0
10049,Medical Center Enterprise,400 N Edwards Street,Enterprise,AL,1,36330,4.0,"Micropolitan area core: primary flow within an urban cluster of 10,000 to 49,999",5073,Level 3 Excision/ Biopsy/ Incision and Drainage,13.0,14.0,66089.9857142857,1762.505,1355.03857142857,0.0,0.0
10049,Medical Center Enterprise,400 N Edwards Street,Enterprise,AL,1,36330,4.0,"Micropolitan area core: primary flow within an urban cluster of 10,000 to 49,999",5091,Level 1 Breast/Lymphatic Surgery and Related Procedures,,,,,,,
10049,Medical Center Enterprise,400 N Edwards Street,Enterprise,AL,1,36330,4.0,"Micropolitan area core: primary flow within an urban cluster of 10,000 to 49,999",5092,Level 2 Breast/Lymphatic Surgery and Related Procedures,,,,,,,
10049,Medical Center Enterprise,400 N Edwards Street,Enterprise,AL,1,36330,4.0,"Micropolitan area core: primary flow within an urban cluster of 10,000 to 49,999",5112,Level 2 Musculoskeletal Procedures,15.0,15.0,54802.5106666666,1137.13133333333,881.398,0.0,0.0
10049,Medical Center Enterprise,400 N Edwards Street,Enterprise,AL,1,36330,4.0,"Micropolitan area core: primary flow within an urban cluster of 10,000 to 49,999",5113,Level 3 Musculoskeletal Procedures,18.0,18.0,76810.5066666666,2488.07611111111,1966.10055555555,0.0,0.0
10049,Medical Center Enterprise,400 N Edwards Street,Enterprise,AL,1,36330,4.0,"Micropolitan area core: primary flow within an urban cluster of 10,000 to 49,999",5114,Level 4 Musculoskeletal Procedures,34.0,35.0,109678.992571428,4932.41942857142,3798.478,0.0,0.0
10049,Medical Center Enterprise,400 N Edwards Street,Enterprise,AL,1,36330,4.0,"Micropolitan area core: primary flow within an urban cluster of 10,000 to 49,999",5115,Level 5 Musculoskeletal Procedures,,,,,,,
10049,Medical Center Enterprise,400 N Edwards Street,Enterprise,AL,1,36330,4.0,"Micropolitan area core: primary flow within an urban cluster of 10,000 to 49,999",5153,Level 3 Airway Endoscopy,,,,,,,
10049,Medical Center Enterprise,400 N Edwards Street,Enterprise,AL,1,36330,4.0,"Micropolitan area core: primary flow within an urban cluster of 10,000 to 49,999",5154,Level 4 Airway Endoscopy,,,,,,,
10049,Medical Center Enterprise,400 N Edwards Street,Enterprise,AL,1,36330,4.0,"Micropolitan area core: primary flow within an urban cluster of 10,000 to 49,999",5155,Level 5 Airway Endoscopy,,,,,,,
10049,Medical Center Enterprise,400 N Edwards Street,Enterprise,AL,1,36330,4.0,"Micropolitan area core: primary flow within an urban cluster of 10,000 to 49,999",5163,Level 3 ENT Procedures,,,,,,,
10049,Medical Center Enterprise,400 N Edwards Street,Enterprise,AL,1,36330,4.0,"Micropolitan area core: primary flow within an urban cluster of 10,000 to 49,999",5164,Level 4 ENT Procedures,,,,,,,
10049,Medical Center Enterprise,400 N Edwards Street,Enterprise,AL,1,36330,4.0,"Micropolitan area core: primary flow within an urban cluster of 10,000 to 49,999",5165,Level 5 ENT Procedures,,,,,,,
10049,Medical Center Enterprise,400 N Edwards Street,Enterprise,AL,1,36330,4.0,"Micropolitan area core: primary flow within an urban cluster of 10,000 to 49,999",5182,Level 2 Vascular Procedures,,,,,,,
10049,Medical Center Enterprise,400 N Edwards Street,Enterprise,AL,1,36330,4.0,"Micropolitan area core: primary flow within an urban cluster of 10,000 to 49,999",5183,Level 3 Vascular Procedures,13.0,13.0,45146.4584615384,2489.74076923077,1980.66153846153,0.0,0.0
10049,Medical Center Enterprise,400 N Edwards Street,Enterprise,AL,1,36330,4.0,"Micropolitan area core: primary flow within an urban cluster of 10,000 to 49,999",5302,Level 2 Upper GI Procedures,14.0,14.0,36662.3014285714,1455.55428571428,1158.5,0.0,0.0
10049,Medical Center Enterprise,400 N Edwards Street,Enterprise,AL,1,36330,4.0,"Micropolitan area core: primary flow within an urban cluster of 10,000 to 49,999",5313,Level 3 Lower GI Procedures,,,,,,,
10049,Medical Center Enterprise,400 N Edwards Street,Enterprise,AL,1,36330,4.0,"Micropolitan area core: primary flow within an urban cluster of 10,000 to 49,999",5341,Abdominal/Peritoneal/Biliary and Related Procedures,,,,,,,
10049,Medical Center Enterprise,400 N Edwards Street,Enterprise,AL,1,36330,4.0,"Micropolitan area core: primary flow within an urban cluster of 10,000 to 49,999",5361,Level 1 Laparoscopy and Related Services,11.0,11.0,101312.222727272,4040.87272727272,3139.05636363636,0.0,0.0
10049,Medical Center Enterprise,400 N Edwards Street,Enterprise,AL,1,36330,4.0,"Micropolitan area core: primary flow within an urban cluster of 10,000 to 49,999",5372,Level 2 Urology and Related Services,,,,,,,
10049,Medical Center Enterprise,400 N Edwards Street,Enterprise,AL,1,36330,4.0,"Micropolitan area core: primary flow within an urban cluster of 10,000 to 49,999",5373,Level 3 Urology and Related Services,,,,,,,
10049,Medical Center Enterprise,400 N Edwards Street,Enterprise,AL,1,36330,4.0,"Micropolitan area core: primary flow within an urban cluster of 10,000 to 49,999",5414,Level 4 Gynecologic Procedures,,,,,,,
10049,Medical Center Enterprise,400 N Edwards Street,Enterprise,AL,1,36330,4.0,"Micropolitan area core: primary flow within an urban cluster of 10,000 to 49,999",5415,Level 5 Gynecologic Procedures,,,,,,,
10049,Medical Center Enterprise,400 N Edwards Street,Enterprise,AL,1,36330,4.0,"Micropolitan area core: primary flow within an urban cluster of 10,000 to 49,999",5431,Level 1 Nerve Procedures,14.0,15.0,47774.2273333333,1502.52133333333,1185.118,0.0,0.0
10049,Medical Center Enterprise,400 N Edwards Street,Enterprise,AL,1,36330,4.0,"Micropolitan area core: primary flow within an urban cluster of 10,000 to 49,999",5465,Level 5 Neurostimulator and Related Procedures,,,,,,,
10049,Medical Center Enterprise,400 N Edwards Street,Enterprise,AL,1,36330,4.0,"Micropolitan area core: primary flow within an urban cluster of 10,000 to 49,999",8011,Comprehensive Observation Services,126.0,135.0,39613.1059259262,2027.41192592593,1665.86074074074,0.0,0.0
10051,Greene County Hospital,509 Wilson Avenue,Eutaw,AL,1,35462,2.0,"Metropolitan area high commuting: primary flow 30% or more to a urbanized area of 50,000 and greater",8011,Comprehensive Observation Services,,,,,,,
10052,Lake Martin Community Hospital,201 Mariarden Road,Dadeville,AL,1,36853,2.0,"Metropolitan area high commuting: primary flow 30% or more to a urbanized area of 50,000 and greater",8011,Comprehensive Observation Services,21.0,22.0,3898.35909090909,2058.77863636363,1630.41909090909,0.0,0.0
10055,Flowers Hospital,4370 West Main Street,Dothan,AL,1,36305,1.0,"Metropolitan area core: primary flow within an urbanized area of 50,000 and greater",5072,Level 2 Excision/ Biopsy/ Incision and Drainage,134.0,140.0,29890.2310714284,1288.00207142857,1017.98528571428,0.0,0.0
10055,Flowers Hospital,4370 West Main Street,Dothan,AL,1,36305,1.0,"Metropolitan area core: primary flow within an urbanized area of 50,000 and greater",5073,Level 3 Excision/ Biopsy/ Incision and Drainage,41.0,42.0,36437.0895238095,2121.96238095238,1674.98428571428,0.0,0.0
10055,Flowers Hospital,4370 West Main Street,Dothan,AL,1,36305,1.0,"Metropolitan area core: primary flow within an urbanized area of 50,000 and greater",5091,Level 1 Breast/Lymphatic Surgery and Related Procedures,25.0,25.0,43210.1579999999,2997.97,2388.62999999999,0.0,0.0
10055,Flowers Hospital,4370 West Main Street,Dothan,AL,1,36305,1.0,"Metropolitan area core: primary flow within an urbanized area of 50,000 and greater",5092,Level 2 Breast/Lymphatic Surgery and Related Procedures,28.0,28.0,88722.4485714283,5182.78999999999,4129.38,0.0,0.0
10055,Flowers Hospital,4370 West Main Street,Dothan,AL,1,36305,1.0,"Metropolitan area core: primary flow within an urbanized area of 50,000 and greater",5094,Level 4 Breast/Lymphatic Surgery and Related Procedures,,,,,,,
10055,Flowers Hospital,4370 West Main Street,Dothan,AL,1,36305,1.0,"Metropolitan area core: primary flow within an urbanized area of 50,000 and greater",5112,Level 2 Musculoskeletal Procedures,20.0,20.0,25006.024,1166.018,911.748,0.0,0.0
10055,Flowers Hospital,4370 West Main Street,Dothan,AL,1,36305,1.0,"Metropolitan area core: primary flow within an urbanized area of 50,000 and greater",5113,Level 3 Musculoskeletal Procedures,54.0,55.0,42234.2256363635,2558.2709090909,2028.412,0.0,0.0
10055,Flowers Hospital,4370 West Main Street,Dothan,AL,1,36305,1.0,"Metropolitan area core: primary flow within an urbanized area of 50,000 and greater",5114,Level 4 Musculoskeletal Procedures,129.0,134.0,84391.1596268658,5607.60320895521,4428.42694029851,0.0,0.0
10055,Flowers Hospital,4370 West Main Street,Dothan,AL,1,36305,1.0,"Metropolitan area core: primary flow within an urbanized area of 50,000 and greater",5115,Level 5 Musculoskeletal Procedures,147.0,149.0,144467.116912751,11240.3990604026,9633.73738255031,0.0,0.0
10055,Flowers Hospital,4370 West Main Street,Dothan,AL,1,36305,1.0,"Metropolitan area core: primary flow within an urbanized area of 50,000 and greater",5116,Level 6 Musculoskeletal Procedures,,,,,,,
10055,Flowers Hospital,4370 West Main Street,Dothan,AL,1,36305,1.0,"Metropolitan area core: primary flow within an urbanized area of 50,000 and greater",5153,Level 3 Airway Endoscopy,,,,,,,
10055,Flowers Hospital,4370 West Main Street,Dothan,AL,1,36305,1.0,"Metropolitan area core: primary flow within an urbanized area of 50,000 and greater",5154,Level 4 Airway Endoscopy,12.0,12.0,29208.435,2716.8025,2125.9225,0.0,0.0
10055,Flowers Hospital,4370 West Main Street,Dothan,AL,1,36305,1.0,"Metropolitan area core: primary flow within an urbanized area of 50,000 and greater",5155,Level 5 Airway Endoscopy,,,,,,,
10055,Flowers Hospital,4370 West Main Street,Dothan,AL,1,36305,1.0,"Metropolitan area core: primary flow within an urbanized area of 50,000 and greater",5163,Level 3 ENT Procedures,,,,,,,
10055,Flowers Hospital,4370 West Main Street,Dothan,AL,1,36305,1.0,"Metropolitan area core: primary flow within an urbanized area of 50,000 and greater",5164,Level 4 ENT Procedures,12.0,12.0,44291.8016666666,2481.04,1976.75999999999,0.0,0.0
10055,Flowers Hospital,4370 West Main Street,Dothan,AL,1,36305,1.0,"Metropolitan area core: primary flow within an urbanized area of 50,000 and greater",5165,Level 5 ENT Procedures,,,,,,,
10055,Flowers Hospital,4370 West Main Street,Dothan,AL,1,36305,1.0,"Metropolitan area core: primary flow within an urbanized area of 50,000 and greater",5182,Level 2 Vascular Procedures,19.0,20.0,23269.1349999999,1194.294,921.534,0.0,0.0
10055,Flowers Hospital,4370 West Main Street,Dothan,AL,1,36305,1.0,"Metropolitan area core: primary flow within an urbanized area of 50,000 and greater",5183,Level 3 Vascular Procedures,145.0,151.0,43170.5061589402,2508.59337748344,1977.82801324503,0.0,0.0
10055,Flowers Hospital,4370 West Main Street,Dothan,AL,1,36305,1.0,"Metropolitan area core: primary flow within an urbanized area of 50,000 and greater",5184,Level 4 Vascular Procedures,,,,,,,
10055,Flowers Hospital,4370 West Main Street,Dothan,AL,1,36305,1.0,"Metropolitan area core: primary flow within an urbanized area of 50,000 and greater",5191,Level 1 Endovascular Procedures,107.0,107.0,55460.074953271,2510.29242990654,1741.11785046729,0.0,0.0
10055,Flowers Hospital,4370 West Main Street,Dothan,AL,1,36305,1.0,"Metropolitan area core: primary flow within an urbanized area of 50,000 and greater",5192,Level 2 Endovascular Procedures,13.0,13.0,167193.236153846,4094.75,3191.97692307692,,
10055,Flowers Hospital,4370 West Main Street,Dothan,AL,1,36305,1.0,"Metropolitan area core: primary flow within an urbanized area of 50,000 and greater",5193,Level 3 Endovascular Procedures,71.0,75.0,231542.704,9251.68053333334,7645.65386666667,12.0,4323.10013333333
10055,Flowers Hospital,4370 West Main Street,Dothan,AL,1,36305,1.0,"Metropolitan area core: primary flow within an urbanized area of 50,000 and greater",5194,Level 4 Endovascular Procedures,20.0,21.0,241902.055714285,14951.01,13351.01,,
10055,Flowers Hospital,4370 West Main Street,Dothan,AL,1,36305,1.0,"Metropolitan area core: primary flow within an urbanized area of 50,000 and greater",5213,Level 3 Electrophysiologic Procedures,17.0,17.0,323615.40235294,19427.154117647,17827.154117647,0.0,0.0
10055,Flowers Hospital,4370 West Main Street,Dothan,AL,1,36305,1.0,"Metropolitan area core: primary flow within an urbanized area of 50,000 and greater",5222,Level 2 Pacemaker and Similar Procedures,,,,,,,
10055,Flowers Hospital,4370 West Main Street,Dothan,AL,1,36305,1.0,"Metropolitan area core: primary flow within an urbanized area of 50,000 and greater",5223,Level 3 Pacemaker and Similar Procedures,19.0,19.0,167358.234210526,8990.56894736842,7390.56894736842,0.0,0.0
10055,Flowers Hospital,4370 West Main Street,Dothan,AL,1,36305,1.0,"Metropolitan area core: primary flow within an urbanized area of 50,000 and greater",5231,Level 1 ICD and Similar Procedures,,,,,,,
10055,Flowers Hospital,4370 West Main Street,Dothan,AL,1,36305,1.0,"Metropolitan area core: primary flow within an urbanized area of 50,000 and greater",5232,Level 2 ICD and Similar Procedures,,,,,,,
10055,Flowers Hospital,4370 West Main Street,Dothan,AL,1,36305,1.0,"Metropolitan area core: primary flow within an urbanized area of 50,000 and greater",5302,Level 2 Upper GI Procedures,97.0,105.0,58228.799809524,1507.25876190476,1197.91409523809,0.0,0.0
10055,Flowers Hospital,4370 West Main Street,Dothan,AL,1,36305,1.0,"Metropolitan area core: primary flow within an urbanized area of 50,000 and greater",5303,Level 3 Upper GI Procedures,,,,,,,
10055,Flowers Hospital,4370 West Main Street,Dothan,AL,1,36305,1.0,"Metropolitan area core: primary flow within an urbanized area of 50,000 and greater",5313,Level 3 Lower GI Procedures,,,,,,,
10055,Flowers Hospital,4370 West Main Street,Dothan,AL,1,36305,1.0,"Metropolitan area core: primary flow within an urbanized area of 50,000 and greater",5331,Complex GI Procedures,,,,,,,
10055,Flowers Hospital,4370 West Main Street,Dothan,AL,1,36305,1.0,"Metropolitan area core: primary flow within an urbanized area of 50,000 and greater",5341,Abdominal/Peritoneal/Biliary and Related Procedures,32.0,32.0,61835.8153125,3088.8928125,2455.4428125,0.0,0.0
10055,Flowers Hospital,4370 West Main Street,Dothan,AL,1,36305,1.0,"Metropolitan area core: primary flow within an urbanized area of 50,000 and greater",5361,Level 1 Laparoscopy and Related Services,93.0,94.0,70529.4803191491,4374.01712765957,3438.83499999999,0.0,0.0
10055,Flowers Hospital,4370 West Main Street,Dothan,AL,1,36305,1.0,"Metropolitan area core: primary flow within an urbanized area of 50,000 and greater",5362,Level 2 Laparoscopy and Related Services,29.0,29.0,100263.659655172,7584.42931034482,5984.42931034482,0.0,0.0
10055,Flowers Hospital,4370 West Main Street,Dothan,AL,1,36305,1.0,"Metropolitan area core: primary flow within an urbanized area of 50,000 and greater",5373,Level 3 Urology and Related Services,68.0,79.0,35908.2555696202,1591.60202531645,1259.60797468354,0.0,0.0
10055,Flowers Hospital,4370 West Main Street,Dothan,AL,1,36305,1.0,"Metropolitan area core: primary flow within an urbanized area of 50,000 and greater",5374,Level 4 Urology and Related Services,124.0,153.0,62563.3747712421,2700.06784313725,2127.16692810458,0.0,0.0
10055,Flowers Hospital,4370 West Main Street,Dothan,AL,1,36305,1.0,"Metropolitan area core: primary flow within an urbanized area of 50,000 and greater",5375,Level 5 Urology and Related Services,44.0,50.0,72289.3526,3986.04039999999,3148.9744,0.0,0.0
10055,Flowers Hospital,4370 West Main Street,Dothan,AL,1,36305,1.0,"Metropolitan area core: primary flow within an urbanized area of 50,000 and greater",5376,Level 6 Urology and Related Services,,,,,,,
10055,Flowers Hospital,4370 West Main Street,Dothan,AL,1,36305,1.0,"Metropolitan area core: primary flow within an urbanized area of 50,000 and greater",5378,Level 8 Urology and Related Services,,,,,,,
10055,Flowers Hospital,4370 West Main Street,Dothan,AL,1,36305,1.0,"Metropolitan area core: primary flow within an urbanized area of 50,000 and greater",5414,Level 4 Gynecologic Procedures,19.0,19.0,31247.5242105263,2465.88999999999,1955.21421052631,0.0,0.0
10055,Flowers Hospital,4370 West Main Street,Dothan,AL,1,36305,1.0,"Metropolitan area core: primary flow within an urbanized area of 50,000 and greater",5415,Level 5 Gynecologic Procedures,12.0,12.0,49505.755,4042.08999999999,3220.52,0.0,0.0
10055,Flowers Hospital,4370 West Main Street,Dothan,AL,1,36305,1.0,"Metropolitan area core: primary flow within an urbanized area of 50,000 and greater",5416,Level 6 Gynecologic Procedures,,,,,,,
10055,Flowers Hospital,4370 West Main Street,Dothan,AL,1,36305,1.0,"Metropolitan area core: primary flow within an urbanized area of 50,000 and greater",5431,Level 1 Nerve Procedures,55.0,59.0,25187.2061016949,1506.04983050847,1184.37542372881,0.0,0.0
10055,Flowers Hospital,4370 West Main Street,Dothan,AL,1,36305,1.0,"Metropolitan area core: primary flow within an urbanized area of 50,000 and greater",5432,Level 2 Nerve Procedures,,,,,,,
10055,Flowers Hospital,4370 West Main Street,Dothan,AL,1,36305,1.0,"Metropolitan area core: primary flow within an urbanized area of 50,000 and greater",5461,Level 1 Neurostimulator and Related Procedures,,,,,,,
10055,Flowers Hospital,4370 West Main Street,Dothan,AL,1,36305,1.0,"Metropolitan area core: primary flow within an urbanized area of 50,000 and greater",5462,Level 2 Neurostimulator and Related Procedures,,,,,,,
10055,Flowers Hospital,4370 West Main Street,Dothan,AL,1,36305,1.0,"Metropolitan area core: primary flow within an urbanized area of 50,000 and greater",5465,Level 5 Neurostimulator and Related Procedures,,,,,,,
10055,Flowers Hospital,4370 West Main Street,Dothan,AL,1,36305,1.0,"Metropolitan area core: primary flow within an urbanized area of 50,000 and greater",5471,Implantation of Drug Infusion Device,,,,,,,
10055,Flowers Hospital,4370 West Main Street,Dothan,AL,1,36305,1.0,"Metropolitan area core: primary flow within an urbanized area of 50,000 and greater",8011,Comprehensive Observation Services,32.0,32.0,29081.6940624999,1784.803125,1348.8846875,0.0,0.0
10056,St Vincent's Birmingham,810 St Vincent's Drive,Birmingham,AL,1,35205,1.0,"Metropolitan area core: primary flow within an urbanized area of 50,000 and greater",5072,Level 2 Excision/ Biopsy/ Incision and Drainage,149.0,156.0,9038.0283974359,1279.84807692307,1010.8033974359,0.0,0.0
10056,St Vincent's Birmingham,810 St Vincent's Drive,Birmingham,AL,1,35205,1.0,"Metropolitan area core: primary flow within an urbanized area of 50,000 and greater",5073,Level 3 Excision/ Biopsy/ Incision and Drainage,59.0,60.0,16310.6196666666,2154.622,1688.76533333333,0.0,0.0
10056,St Vincent's Birmingham,810 St Vincent's Drive,Birmingham,AL,1,35205,1.0,"Metropolitan area core: primary flow within an urbanized area of 50,000 and greater",5091,Level 1 Breast/Lymphatic Surgery and Related Procedures,22.0,27.0,35096.8537037037,2921.90518518518,2309.96518518518,,
10056,St Vincent's Birmingham,810 St Vincent's Drive,Birmingham,AL,1,35205,1.0,"Metropolitan area core: primary flow within an urbanized area of 50,000 and greater",5092,Level 2 Breast/Lymphatic Surgery and Related Procedures,47.0,48.0,45489.6641666666,4946.0675,3887.80312499999,0.0,0.0
10056,St Vincent's Birmingham,810 St Vincent's Drive,Birmingham,AL,1,35205,1.0,"Metropolitan area core: primary flow within an urbanized area of 50,000 and greater",5093,Level 3 Breast/Lymphatic Surgery and Related Procedures,,,,,,,
10056,St Vincent's Birmingham,810 St Vincent's Drive,Birmingham,AL,1,35205,1.0,"Metropolitan area core: primary flow within an urbanized area of 50,000 and greater",5094,Level 4 Breast/Lymphatic Surgery and Related Procedures,,,,,,,
10056,St Vincent's Birmingham,810 St Vincent's Drive,Birmingham,AL,1,35205,1.0,"Metropolitan area core: primary flow within an urbanized area of 50,000 and greater",5112,Level 2 Musculoskeletal Procedures,61.0,62.0,14918.4267741935,1240.35096774193,976.230483870967,0.0,0.0
10056,St Vincent's Birmingham,810 St Vincent's Drive,Birmingham,AL,1,35205,1.0,"Metropolitan area core: primary flow within an urbanized area of 50,000 and greater",5113,Level 3 Musculoskeletal Procedures,154.0,155.0,25766.5300645161,2473.90264516129,1941.22825806451,0.0,0.0
10056,St Vincent's Birmingham,810 St Vincent's Drive,Birmingham,AL,1,35205,1.0,"Metropolitan area core: primary flow within an urbanized area of 50,000 and greater",5114,Level 4 Musculoskeletal Procedures,457.0,467.0,36102.1979657388,5566.03451820126,4385.48507494649,0.0,0.0
10056,St Vincent's Birmingham,810 St Vincent's Drive,Birmingham,AL,1,35205,1.0,"Metropolitan area core: primary flow within an urbanized area of 50,000 and greater",5115,Level 5 Musculoskeletal Procedures,963.0,1004.0,50721.8168227082,11070.8405577687,9467.8994920318,0.0,0.0
10056,St Vincent's Birmingham,810 St Vincent's Drive,Birmingham,AL,1,35205,1.0,"Metropolitan area core: primary flow within an urbanized area of 50,000 and greater",5116,Level 6 Musculoskeletal Procedures,78.0,78.0,88740.0370512821,18906.7766666666,17306.7766666666,0.0,0.0
10056,St Vincent's Birmingham,810 St Vincent's Drive,Birmingham,AL,1,35205,1.0,"Metropolitan area core: primary flow within an urbanized area of 50,000 and greater",5153,Level 3 Airway Endoscopy,23.0,24.0,13584.5633333333,1363.67833333333,1079.11833333333,0.0,0.0
10056,St Vincent's Birmingham,810 St Vincent's Drive,Birmingham,AL,1,35205,1.0,"Metropolitan area core: primary flow within an urbanized area of 50,000 and greater",5154,Level 4 Airway Endoscopy,34.0,34.0,24721.7035294117,2851.13382352941,2257.73382352941,,
10056,St Vincent's Birmingham,810 St Vincent's Drive,Birmingham,AL,1,35205,1.0,"Metropolitan area core: primary flow within an urbanized area of 50,000 and greater",5155,Level 5 Airway Endoscopy,38.0,39.0,31355.7717948717,5309.98564102564,4206.49282051282,0.0,0.0
10056,St Vincent's Birmingham,810 St Vincent's Drive,Birmingham,AL,1,35205,1.0,"Metropolitan area core: primary flow within an urbanized area of 50,000 and greater",5163,Level 3 ENT Procedures,,,,,,,
10056,St Vincent's Birmingham,810 St Vincent's Drive,Birmingham,AL,1,35205,1.0,"Metropolitan area core: primary flow within an urbanized area of 50,000 and greater",5164,Level 4 ENT Procedures,,,,,,,
10056,St Vincent's Birmingham,810 St Vincent's Drive,Birmingham,AL,1,35205,1.0,"Metropolitan area core: primary flow within an urbanized area of 50,000 and greater",5165,Level 5 ENT Procedures,39.0,39.0,30412.373076923,4676.46282051281,3721.33692307692,0.0,0.0
10056,St Vincent's Birmingham,810 St Vincent's Drive,Birmingham,AL,1,35205,1.0,"Metropolitan area core: primary flow within an urbanized area of 50,000 and greater",5166,Cochlear Implant Procedure,16.0,16.0,85387.9925,27389.884375,25789.884375,0.0,0.0
10056,St Vincent's Birmingham,810 St Vincent's Drive,Birmingham,AL,1,35205,1.0,"Metropolitan area core: primary flow within an urbanized area of 50,000 and greater",5182,Level 2 Vascular Procedures,25.0,27.0,8307.91111111111,1265.67703703703,997.141111111111,0.0,0.0
10056,St Vincent's Birmingham,810 St Vincent's Drive,Birmingham,AL,1,35205,1.0,"Metropolitan area core: primary flow within an urbanized area of 50,000 and greater",5183,Level 3 Vascular Procedures,52.0,54.0,34650.7044444444,2504.92203703703,1966.68907407407,,
10056,St Vincent's Birmingham,810 St Vincent's Drive,Birmingham,AL,1,35205,1.0,"Metropolitan area core: primary flow within an urbanized area of 50,000 and greater",5184,Level 4 Vascular Procedures,65.0,76.0,29179.8315789473,4111.81842105262,3208.86671052632,0.0,0.0
10056,St Vincent's Birmingham,810 St Vincent's Drive,Birmingham,AL,1,35205,1.0,"Metropolitan area core: primary flow within an urbanized area of 50,000 and greater",5191,Level 1 Endovascular Procedures,247.0,253.0,47150.7989328062,2544.58434782608,1774.3104347826,,
10056,St Vincent's Birmingham,810 St Vincent's Drive,Birmingham,AL,1,35205,1.0,"Metropolitan area core: primary flow within an urbanized area of 50,000 and greater",5192,Level 2 Endovascular Procedures,52.0,53.0,52940.4367924528,4375.92849056603,3444.15716981131,,
10056,St Vincent's Birmingham,810 St Vincent's Drive,Birmingham,AL,1,35205,1.0,"Metropolitan area core: primary flow within an urbanized area of 50,000 and greater",5193,Level 3 Endovascular Procedures,92.0,97.0,100118.738453608,9211.70010309278,7606.32525773196,13.0,2847.91015384615
10056,St Vincent's Birmingham,810 St Vincent's Drive,Birmingham,AL,1,35205,1.0,"Metropolitan area core: primary flow within an urbanized area of 50,000 and greater",5194,Level 4 Endovascular Procedures,31.0,34.0,103584.760882352,14573.0329411764,13020.0917647058,,
10056,St Vincent's Birmingham,810 St Vincent's Drive,Birmingham,AL,1,35205,1.0,"Metropolitan area core: primary flow within an urbanized area of 50,000 and greater",5212,Level 2 Electrophysiologic Procedures,,,,,,,
10056,St Vincent's Birmingham,810 St Vincent's Drive,Birmingham,AL,1,35205,1.0,"Metropolitan area core: primary flow within an urbanized area of 50,000 and greater",5213,Level 3 Electrophysiologic Procedures,27.0,27.0,113249.751111111,20513.0074074074,18904.637037037,0.0,0.0
10056,St Vincent's Birmingham,810 St Vincent's Drive,Birmingham,AL,1,35205,1.0,"Metropolitan area core: primary flow within an urbanized area of 50,000 and greater",5222,Level 2 Pacemaker and Similar Procedures,,,,,,,
10056,St Vincent's Birmingham,810 St Vincent's Drive,Birmingham,AL,1,35205,1.0,"Metropolitan area core: primary flow within an urbanized area of 50,000 and greater",5223,Level 3 Pacemaker and Similar Procedures,41.0,42.0,82830.2488095237,8863.78452380953,7263.78452380953,,
10056,St Vincent's Birmingham,810 St Vincent's Drive,Birmingham,AL,1,35205,1.0,"Metropolitan area core: primary flow within an urbanized area of 50,000 and greater",5224,Level 4 Pacemaker and Similar Procedures,,,,,,,
10056,St Vincent's Birmingham,810 St Vincent's Drive,Birmingham,AL,1,35205,1.0,"Metropolitan area core: primary flow within an urbanized area of 50,000 and greater",5231,Level 1 ICD and Similar Procedures,,,,,,,
10056,St Vincent's Birmingham,810 St Vincent's Drive,Birmingham,AL,1,35205,1.0,"Metropolitan area core: primary flow within an urbanized area of 50,000 and greater",5232,Level 2 ICD and Similar Procedures,12.0,12.0,215872.704166666,28009.6099999999,26409.6099999999,,
10056,St Vincent's Birmingham,810 St Vincent's Drive,Birmingham,AL,1,35205,1.0,"Metropolitan area core: primary flow within an urbanized area of 50,000 and greater",5302,Level 2 Upper GI Procedures,114.0,118.0,12588.3441525423,1525.29423728813,1213.07601694915,0.0,0.0
10056,St Vincent's Birmingham,810 St Vincent's Drive,Birmingham,AL,1,35205,1.0,"Metropolitan area core: primary flow within an urbanized area of 50,000 and greater",5303,Level 3 Upper GI Procedures,,,,,,,
10056,St Vincent's Birmingham,810 St Vincent's Drive,Birmingham,AL,1,35205,1.0,"Metropolitan area core: primary flow within an urbanized area of 50,000 and greater",5313,Level 3 Lower GI Procedures,27.0,28.0,22788.3946428571,2250.325,1791.20214285714,0.0,0.0
10056,St Vincent's Birmingham,810 St Vincent's Drive,Birmingham,AL,1,35205,1.0,"Metropolitan area core: primary flow within an urbanized area of 50,000 and greater",5331,Complex GI Procedures,,,,,,,
10056,St Vincent's Birmingham,810 St Vincent's Drive,Birmingham,AL,1,35205,1.0,"Metropolitan area core: primary flow within an urbanized area of 50,000 and greater",5341,Abdominal/Peritoneal/Biliary and Related Procedures,15.0,15.0,31503.2926666666,2795.15733333333,2158.22066666666,0.0,0.0
10056,St Vincent's Birmingham,810 St Vincent's Drive,Birmingham,AL,1,35205,1.0,"Metropolitan area core: primary flow within an urbanized area of 50,000 and greater",5361,Level 1 Laparoscopy and Related Services,49.0,51.0,33714.7205882352,4112.1294117647,3173.44294117647,0.0,0.0
10056,St Vincent's Birmingham,810 St Vincent's Drive,Birmingham,AL,1,35205,1.0,"Metropolitan area core: primary flow within an urbanized area of 50,000 and greater",5362,Level 2 Laparoscopy and Related Services,103.0,103.0,58895.7365048544,7668.40912621359,6060.70504854368,0.0,0.0
10056,St Vincent's Birmingham,810 St Vincent's Drive,Birmingham,AL,1,35205,1.0,"Metropolitan area core: primary flow within an urbanized area of 50,000 and greater",5372,Level 2 Urology and Related Services,,,,,,,
10056,St Vincent's Birmingham,810 St Vincent's Drive,Birmingham,AL,1,35205,1.0,"Metropolitan area core: primary flow within an urbanized area of 50,000 and greater",5373,Level 3 Urology and Related Services,53.0,58.0,23698.3396551724,1624.55775862069,1289.97844827586,0.0,0.0
10056,St Vincent's Birmingham,810 St Vincent's Drive,Birmingham,AL,1,35205,1.0,"Metropolitan area core: primary flow within an urbanized area of 50,000 and greater",5374,Level 4 Urology and Related Services,63.0,86.0,26112.3743023255,2688.69918604651,2118.49976744186,0.0,0.0
10056,St Vincent's Birmingham,810 St Vincent's Drive,Birmingham,AL,1,35205,1.0,"Metropolitan area core: primary flow within an urbanized area of 50,000 and greater",5375,Level 5 Urology and Related Services,70.0,73.0,31284.9610958904,3985.75863013699,3143.77287671232,0.0,0.0
10056,St Vincent's Birmingham,810 St Vincent's Drive,Birmingham,AL,1,35205,1.0,"Metropolitan area core: primary flow within an urbanized area of 50,000 and greater",5414,Level 4 Gynecologic Procedures,,,,,,,
10056,St Vincent's Birmingham,810 St Vincent's Drive,Birmingham,AL,1,35205,1.0,"Metropolitan area core: primary flow within an urbanized area of 50,000 and greater",5415,Level 5 Gynecologic Procedures,18.0,18.0,29939.9305555555,3879.85055555555,3044.72611111111,0.0,0.0
10056,St Vincent's Birmingham,810 St Vincent's Drive,Birmingham,AL,1,35205,1.0,"Metropolitan area core: primary flow within an urbanized area of 50,000 and greater",5416,Level 6 Gynecologic Procedures,,,,,,,
10056,St Vincent's Birmingham,810 St Vincent's Drive,Birmingham,AL,1,35205,1.0,"Metropolitan area core: primary flow within an urbanized area of 50,000 and greater",5431,Level 1 Nerve Procedures,70.0,81.0,18541.432345679,1527.85407407407,1203.9812345679,0.0,0.0
10056,St Vincent's Birmingham,810 St Vincent's Drive,Birmingham,AL,1,35205,1.0,"Metropolitan area core: primary flow within an urbanized area of 50,000 and greater",5461,Level 1 Neurostimulator and Related Procedures,,,,,,,
10056,St Vincent's Birmingham,810 St Vincent's Drive,Birmingham,AL,1,35205,1.0,"Metropolitan area core: primary flow within an urbanized area of 50,000 and greater",5462,Level 2 Neurostimulator and Related Procedures,12.0,12.0,25562.5691666666,5783.52,4608.01,0.0,0.0
10056,St Vincent's Birmingham,810 St Vincent's Drive,Birmingham,AL,1,35205,1.0,"Metropolitan area core: primary flow within an urbanized area of 50,000 and greater",5463,Level 3 Neurostimulator and Related Procedures,,,,,,,
10056,St Vincent's Birmingham,810 St Vincent's Drive,Birmingham,AL,1,35205,1.0,"Metropolitan area core: primary flow within an urbanized area of 50,000 and greater",5464,Level 4 Neurostimulator and Related Procedures,11.0,11.0,49060.0809090909,18798.12,17198.12,0.0,0.0
10056,St Vincent's Birmingham,810 St Vincent's Drive,Birmingham,AL,1,35205,1.0,"Metropolitan area core: primary flow within an urbanized area of 50,000 and greater",5465,Level 5 Neurostimulator and Related Procedures,30.0,30.0,80115.9456666666,25639.04,24039.04,0.0,0.0
10056,St Vincent's Birmingham,810 St Vincent's Drive,Birmingham,AL,1,35205,1.0,"Metropolitan area core: primary flow within an urbanized area of 50,000 and greater",5491,Level 1 Intraocular Procedures,111.0,181.0,13074.3940883977,1867.61099447514,1481.82541436463,0.0,0.0
10056,St Vincent's Birmingham,810 St Vincent's Drive,Birmingham,AL,1,35205,1.0,"Metropolitan area core: primary flow within an urbanized area of 50,000 and greater",5492,Level 2 Intraocular Procedures,,,,,,,
10056,St Vincent's Birmingham,810 St Vincent's Drive,Birmingham,AL,1,35205,1.0,"Metropolitan area core: primary flow within an urbanized area of 50,000 and greater",5627,Level 7 Radiation Therapy,,,,,,,
10056,St Vincent's Birmingham,810 St Vincent's Drive,Birmingham,AL,1,35205,1.0,"Metropolitan area core: primary flow within an urbanized area of 50,000 and greater",8011,Comprehensive Observation Services,244.0,250.0,19212.66556,2071.23707999999,1657.81728,,
10058,Bibb Medical Center,208 Pierson Ave,Centreville,AL,1,35042,7.0,"Small town core: primary flow within an urban cluster of 2,500 to 9,999",5183,Level 3 Vascular Procedures,,,,,,,
10058,Bibb Medical Center,208 Pierson Ave,Centreville,AL,1,35042,7.0,"Small town core: primary flow within an urban cluster of 2,500 to 9,999",5491,Level 1 Intraocular Procedures,12.0,17.0,3304.99470588235,1891.19,1506.79999999999,0.0,0.0
10058,Bibb Medical Center,208 Pierson Ave,Centreville,AL,1,35042,7.0,"Small town core: primary flow within an urban cluster of 2,500 to 9,999",8011,Comprehensive Observation Services,36.0,39.0,3752.11461538462,2136.21564102564,1693.75769230769,0.0,0.0
10059,Lawrence Medical Center,202 Hospital Street,Moulton,AL,1,35650,7.1,"Secondary flow 30% to <50% to a urbanized area of 50,000 and greater",5112,Level 2 Musculoskeletal Procedures,,,,,,,
10059,Lawrence Medical Center,202 Hospital Street,Moulton,AL,1,35650,7.1,"Secondary flow 30% to <50% to a urbanized area of 50,000 and greater",5113,Level 3 Musculoskeletal Procedures,,,,,,,
10059,Lawrence Medical Center,202 Hospital Street,Moulton,AL,1,35650,7.1,"Secondary flow 30% to <50% to a urbanized area of 50,000 and greater",8011,Comprehensive Observation Services,38.0,43.0,5962.17581395348,2119.6988372093,1699.48023255814,0.0,0.0
10061,Highlands Medical Center,380 Woods Cove Road,Scottsboro,AL,1,35768,4.0,"Micropolitan area core: primary flow within an urban cluster of 10,000 to 49,999",5072,Level 2 Excision/ Biopsy/ Incision and Drainage,24.0,30.0,6123.19366666666,1424.54,1135.0,0.0,0.0
10061,Highlands Medical Center,380 Woods Cove Road,Scottsboro,AL,1,35768,4.0,"Micropolitan area core: primary flow within an urban cluster of 10,000 to 49,999",5073,Level 3 Excision/ Biopsy/ Incision and Drainage,,,,,,,
10061,Highlands Medical Center,380 Woods Cove Road,Scottsboro,AL,1,35768,4.0,"Micropolitan area core: primary flow within an urban cluster of 10,000 to 49,999",5091,Level 1 Breast/Lymphatic Surgery and Related Procedures,,,,,,,
10061,Highlands Medical Center,380 Woods Cove Road,Scottsboro,AL,1,35768,4.0,"Micropolitan area core: primary flow within an urban cluster of 10,000 to 49,999",5092,Level 2 Breast/Lymphatic Surgery and Related Procedures,,,,,,,
10061,Highlands Medical Center,380 Woods Cove Road,Scottsboro,AL,1,35768,4.0,"Micropolitan area core: primary flow within an urban cluster of 10,000 to 49,999",5112,Level 2 Musculoskeletal Procedures,,,,,,,
10061,Highlands Medical Center,380 Woods Cove Road,Scottsboro,AL,1,35768,4.0,"Micropolitan area core: primary flow within an urban cluster of 10,000 to 49,999",5113,Level 3 Musculoskeletal Procedures,,11.0,17075.87,2827.75,2253.0,0.0,0.0
10061,Highlands Medical Center,380 Woods Cove Road,Scottsboro,AL,1,35768,4.0,"Micropolitan area core: primary flow within an urban cluster of 10,000 to 49,999",5114,Level 4 Musculoskeletal Procedures,21.0,22.0,24454.4695454545,6283.73,5006.55,0.0,0.0
10061,Highlands Medical Center,380 Woods Cove Road,Scottsboro,AL,1,35768,4.0,"Micropolitan area core: primary flow within an urban cluster of 10,000 to 49,999",5115,Level 5 Musculoskeletal Procedures,,,,,,,
10061,Highlands Medical Center,380 Woods Cove Road,Scottsboro,AL,1,35768,4.0,"Micropolitan area core: primary flow within an urban cluster of 10,000 to 49,999",5154,Level 4 Airway Endoscopy,,,,,,,
